case_id,filename,contract_name,detector_family,primary_detector,secondary_detectors,label_scope,label,vulnerability_class,subproblem,application_context,verification_mechanism,protection_mechanism,control_flow_shape,rationale,expected_stock_aderyn_0_6_8,expected_custom_detector,source_class,research_basis,semantic_fingerprint,original_case_id
SM_V1_001,contracts/SM_V1_001_GaslessTransferHighSAccept01.sol,SM_GaslessTransferHighSAccept01,SM,SignatureMalleabilityDetector,,SignatureMalleabilityDetector,vulnerable,1_high_s_noncanonical_acceptance,accepts high-s / non-canonical ECDSA signature,Gasless Transfer,direct raw ecrecover without low-s check,no lower-half-order s enforcement,single entry point with sensitive state change,"Signature verification does not enforce s <= secp256k1n/2, so the alternate (r, n-s, flipped-v) form is accepted.","Stock ecrecover detector may warn generically, including on safe raw-ecrecover controls, so it cannot distinguish this condition.",FIND signature malleability vulnerability,synthetic,EIP-2 high-s rule,adec4e1c0d3e01949df4,SM_V1_001
SM_V1_002,contracts/SM_V1_002_WithdrawalHighSAccept02.sol,SM_WithdrawalHighSAccept02,SM,SignatureMalleabilityDetector,,SignatureMalleabilityDetector,vulnerable,1_high_s_noncanonical_acceptance,accepts high-s / non-canonical ECDSA signature,Signed Withdrawal,shared raw recovery wrapper without low-s check,no lower-half-order s enforcement,single entry point with sensitive state change,"Signature verification does not enforce s <= secp256k1n/2, so the alternate (r, n-s, flipped-v) form is accepted.","Stock ecrecover detector may warn generically, including on safe raw-ecrecover controls, so it cannot distinguish this condition.",FIND signature malleability vulnerability,synthetic,EIP-2 high-s rule,3554421fca7095395e79,SM_V1_002
SM_V1_003,contracts/SM_V1_003_VoucherMintHighSAccept03.sol,SM_VoucherMintHighSAccept03,SM,SignatureMalleabilityDetector,,SignatureMalleabilityDetector,vulnerable,1_high_s_noncanonical_acceptance,high-s accepted by internal recovery wrapper,Voucher Mint,internal recovery wrapper without low-s check,no canonical-s enforcement,interprocedural signature recovery,The EVM recovery precompile accepts high-s signatures; the wrapper performs no lower-half-order check.,Generic ecrecover warning may occur but does not distinguish safe canonicalized raw recovery from unsafe recovery.,FIND signature malleability vulnerability,synthetic,EIP-2 high-s rule,a4e4120287e6e11a4ab6,SM_V1_003
SM_V1_004,contracts/SM_V1_004_BridgeReleaseHighSAccept04.sol,SM_BridgeReleaseHighSAccept04,SM,SignatureMalleabilityDetector,,SignatureMalleabilityDetector,vulnerable,1_high_s_noncanonical_acceptance,accepts high-s / non-canonical ECDSA signature,Bridge Release,bytes signature split then raw ecrecover without low-s check,no lower-half-order s enforcement,single entry point with sensitive state change,"Signature verification does not enforce s <= secp256k1n/2, so the alternate (r, n-s, flipped-v) form is accepted.","Stock ecrecover detector may warn generically, including on safe raw-ecrecover controls, so it cannot distinguish this condition.",FIND signature malleability vulnerability,synthetic,EIP-2 high-s rule,a06c16fc39cef381f305,SM_V1_004
SM_V1_005,contracts/SM_V1_005_OrderFillHighSAccept05.sol,SM_OrderFillHighSAccept05,SM,SignatureMalleabilityDetector,,SignatureMalleabilityDetector,vulnerable,1_high_s_noncanonical_acceptance,high-s accepted by external verifier,Signed Order Fill,external verifier using raw ecrecover without low-s check,no canonical-s enforcement,external verifier call,The verifier accepts both low-s and high-s ECDSA forms for the same digest.,"Stock Aderyn may flag only the support verifier ecrecover location, not the authorization semantics in the caller.",FIND signature malleability vulnerability,synthetic,EIP-2 high-s rule,53c67334ff40f207e358,SM_V1_005
SM_V1_006,contracts/SM_V1_006_PermitLikeHighSAccept06.sol,SM_PermitLikeHighSAccept06,SM,SignatureMalleabilityDetector,,SignatureMalleabilityDetector,vulnerable,1_high_s_noncanonical_acceptance,high-s accepted through inherited recovery helper,Permit-like Approval,inherited raw recovery helper without low-s check,no canonical-s enforcement,inherited helper,Inherited recovery delegates directly to ecrecover and never checks s against the half order.,Generic ecrecover finding may be emitted at the helper but cannot classify the consuming operation.,FIND signature malleability vulnerability,synthetic,EIP-2 high-s rule,2f72c6b138e280440f91,SM_V1_006
SM_V1_007,contracts/SM_V1_007_GovernanceVoteHighSAccept07.sol,SM_GovernanceVoteHighSAccept07,SM,SignatureMalleabilityDetector,,SignatureMalleabilityDetector,vulnerable,1_high_s_noncanonical_acceptance,accepts high-s / non-canonical ECDSA signature,Governance Vote,raw ecrecover with full-order s range check,no lower-half-order s enforcement,single entry point with sensitive state change,"Signature verification does not enforce s <= secp256k1n/2, so the alternate (r, n-s, flipped-v) form is accepted.","Stock ecrecover detector may warn generically, including on safe raw-ecrecover controls, so it cannot distinguish this condition.",FIND signature malleability vulnerability,synthetic,EIP-2 high-s rule,603f21e6ab3766c13a59,SM_V1_007
SM_V1_008,contracts/SM_V1_008_OracleUpdateHighSAccept08.sol,SM_OracleUpdateHighSAccept08,SM,SignatureMalleabilityDetector,,SignatureMalleabilityDetector,vulnerable,1_high_s_noncanonical_acceptance,accepts high-s / non-canonical ECDSA signature,Oracle Update,raw ecrecover zero-address checked but high-s accepted,no lower-half-order s enforcement,single entry point with sensitive state change,"Signature verification does not enforce s <= secp256k1n/2, so the alternate (r, n-s, flipped-v) form is accepted.","Stock ecrecover detector may warn generically, including on safe raw-ecrecover controls, so it cannot distinguish this condition.",FIND signature malleability vulnerability,synthetic,EIP-2 high-s rule,3cce15e3decac5a13028,SM_V1_008
SM_V1_009,contracts/SM_V1_009_AdminGrantHighSAccept09.sol,SM_AdminGrantHighSAccept09,SM,SignatureMalleabilityDetector,,SignatureMalleabilityDetector,vulnerable,1_high_s_noncanonical_acceptance,accepts high-s / non-canonical ECDSA signature,Admin Grant,direct raw ecrecover without low-s check,no lower-half-order s enforcement,single entry point with sensitive state change,"Signature verification does not enforce s <= secp256k1n/2, so the alternate (r, n-s, flipped-v) form is accepted.","Stock ecrecover detector may warn generically, including on safe raw-ecrecover controls, so it cannot distinguish this condition.",FIND signature malleability vulnerability,synthetic,EIP-2 high-s rule,13a8306f925803936665,SM_V1_009
SM_V1_010,contracts/SM_V1_010_AirdropHighSAccept10.sol,SM_AirdropHighSAccept10,SM,SignatureMalleabilityDetector,,SignatureMalleabilityDetector,vulnerable,1_high_s_noncanonical_acceptance,accepts high-s / non-canonical ECDSA signature,Airdrop Claim,shared raw recovery wrapper without low-s check,no lower-half-order s enforcement,single entry point with sensitive state change,"Signature verification does not enforce s <= secp256k1n/2, so the alternate (r, n-s, flipped-v) form is accepted.","Stock ecrecover detector may warn generically, including on safe raw-ecrecover controls, so it cannot distinguish this condition.",FIND signature malleability vulnerability,synthetic,EIP-2 high-s rule,21256fb7418109be671c,SM_V1_010
SM_V1_011,contracts/SM_V1_011_VaultHarvestHighSAccept11.sol,SM_VaultHarvestHighSAccept11,SM,SignatureMalleabilityDetector,,SignatureMalleabilityDetector,vulnerable,1_high_s_noncanonical_acceptance,high-s accepted by internal recovery wrapper,Vault Harvest,internal recovery wrapper without low-s check,no canonical-s enforcement,interprocedural signature recovery,The EVM recovery precompile accepts high-s signatures; the wrapper performs no lower-half-order check.,Generic ecrecover warning may occur but does not distinguish safe canonicalized raw recovery from unsafe recovery.,FIND signature malleability vulnerability,synthetic,EIP-2 high-s rule,e28e2fcd73a587acb634,SM_V1_011
SM_V1_012,contracts/SM_V1_012_BondRedeemHighSAccept12.sol,SM_BondRedeemHighSAccept12,SM,SignatureMalleabilityDetector,,SignatureMalleabilityDetector,vulnerable,1_high_s_noncanonical_acceptance,accepts high-s / non-canonical ECDSA signature,Bond Redeem,bytes signature split then raw ecrecover without low-s check,no lower-half-order s enforcement,single entry point with sensitive state change,"Signature verification does not enforce s <= secp256k1n/2, so the alternate (r, n-s, flipped-v) form is accepted.","Stock ecrecover detector may warn generically, including on safe raw-ecrecover controls, so it cannot distinguish this condition.",FIND signature malleability vulnerability,synthetic,EIP-2 high-s rule,61a0b73412115f25f5aa,SM_V1_012
SM_V1_013,contracts/SM_V1_013_FeeRebateHighSAccept13.sol,SM_FeeRebateHighSAccept13,SM,SignatureMalleabilityDetector,,SignatureMalleabilityDetector,vulnerable,1_high_s_noncanonical_acceptance,high-s accepted by external verifier,Fee Rebate,external verifier using raw ecrecover without low-s check,no canonical-s enforcement,external verifier call,The verifier accepts both low-s and high-s ECDSA forms for the same digest.,"Stock Aderyn may flag only the support verifier ecrecover location, not the authorization semantics in the caller.",FIND signature malleability vulnerability,synthetic,EIP-2 high-s rule,f0cd947ced07b382eacf,SM_V1_013
SM_V1_014,contracts/SM_V1_014_SessionSpendHighSAccept14.sol,SM_SessionSpendHighSAccept14,SM,SignatureMalleabilityDetector,,SignatureMalleabilityDetector,vulnerable,1_high_s_noncanonical_acceptance,high-s accepted through inherited recovery helper,Session Spend,inherited raw recovery helper without low-s check,no canonical-s enforcement,inherited helper,Inherited recovery delegates directly to ecrecover and never checks s against the half order.,Generic ecrecover finding may be emitted at the helper but cannot classify the consuming operation.,FIND signature malleability vulnerability,synthetic,EIP-2 high-s rule,cf22721c9fa6750f5439,SM_V1_014
SM_V1_015,contracts/SM_V1_015_StakingExitHighSAccept15.sol,SM_StakingExitHighSAccept15,SM,SignatureMalleabilityDetector,,SignatureMalleabilityDetector,vulnerable,1_high_s_noncanonical_acceptance,accepts high-s / non-canonical ECDSA signature,Staking Exit,raw ecrecover with full-order s range check,no lower-half-order s enforcement,single entry point with sensitive state change,"Signature verification does not enforce s <= secp256k1n/2, so the alternate (r, n-s, flipped-v) form is accepted.","Stock ecrecover detector may warn generically, including on safe raw-ecrecover controls, so it cannot distinguish this condition.",FIND signature malleability vulnerability,synthetic,EIP-2 high-s rule,8b5e23beea0edbc35026,SM_V1_015
SM_V1_016,contracts/SM_V1_016_LiquidationHighSAccept16.sol,SM_LiquidationHighSAccept16,SM,SignatureMalleabilityDetector,,SignatureMalleabilityDetector,vulnerable,1_high_s_noncanonical_acceptance,accepts high-s / non-canonical ECDSA signature,Liquidation,raw ecrecover zero-address checked but high-s accepted,no lower-half-order s enforcement,single entry point with sensitive state change,"Signature verification does not enforce s <= secp256k1n/2, so the alternate (r, n-s, flipped-v) form is accepted.","Stock ecrecover detector may warn generically, including on safe raw-ecrecover controls, so it cannot distinguish this condition.",FIND signature malleability vulnerability,synthetic,EIP-2 high-s rule,d61beb875d42c2e614eb,SM_V1_016
SM_V1_017,contracts/SM_V1_017_LoanDrawHighSAccept17.sol,SM_LoanDrawHighSAccept17,SM,SignatureMalleabilityDetector,,SignatureMalleabilityDetector,vulnerable,1_high_s_noncanonical_acceptance,accepts high-s / non-canonical ECDSA signature,Loan Draw,direct raw ecrecover without low-s check,no lower-half-order s enforcement,single entry point with sensitive state change; auxiliary semantic variant 1,"Signature verification does not enforce s <= secp256k1n/2, so the alternate (r, n-s, flipped-v) form is accepted. Auxiliary state behavior varies independently to exercise nontrivial surrounding control/data flow.","Stock ecrecover detector may warn generically, including on safe raw-ecrecover controls, so it cannot distinguish this condition.",FIND signature malleability vulnerability,synthetic,EIP-2 high-s rule,89c52c382111184cabc6,SM_V1_017
SM_V1_018,contracts/SM_V1_018_SwapQuoteHighSAccept18.sol,SM_SwapQuoteHighSAccept18,SM,SignatureMalleabilityDetector,,SignatureMalleabilityDetector,vulnerable,1_high_s_noncanonical_acceptance,accepts high-s / non-canonical ECDSA signature,Signed Swap Quote,shared raw recovery wrapper without low-s check,no lower-half-order s enforcement,single entry point with sensitive state change; auxiliary semantic variant 2,"Signature verification does not enforce s <= secp256k1n/2, so the alternate (r, n-s, flipped-v) form is accepted. Auxiliary state behavior varies independently to exercise nontrivial surrounding control/data flow.","Stock ecrecover detector may warn generically, including on safe raw-ecrecover controls, so it cannot distinguish this condition.",FIND signature malleability vulnerability,synthetic,EIP-2 high-s rule,b4d079b4be986ec30f2e,SM_V1_018
SM_V1_019,contracts/SM_V1_019_TreasuryPaymentHighSAccept19.sol,SM_TreasuryPaymentHighSAccept19,SM,SignatureMalleabilityDetector,,SignatureMalleabilityDetector,vulnerable,1_high_s_noncanonical_acceptance,high-s accepted by internal recovery wrapper,Treasury Payment,internal recovery wrapper without low-s check,no canonical-s enforcement,interprocedural signature recovery; auxiliary semantic variant 3,The EVM recovery precompile accepts high-s signatures; the wrapper performs no lower-half-order check. Auxiliary state behavior varies independently to exercise nontrivial surrounding control/data flow.,Generic ecrecover warning may occur but does not distinguish safe canonicalized raw recovery from unsafe recovery.,FIND signature malleability vulnerability,synthetic,EIP-2 high-s rule,5c645bad8258f9b61a6e,SM_V1_019
SM_V1_020,contracts/SM_V1_020_MetaTxHighSAccept20.sol,SM_MetaTxHighSAccept20,SM,SignatureMalleabilityDetector,,SignatureMalleabilityDetector,vulnerable,1_high_s_noncanonical_acceptance,accepts high-s / non-canonical ECDSA signature,Meta-Transaction,bytes signature split then raw ecrecover without low-s check,no lower-half-order s enforcement,single entry point with sensitive state change; auxiliary semantic variant 4,"Signature verification does not enforce s <= secp256k1n/2, so the alternate (r, n-s, flipped-v) form is accepted. Auxiliary state behavior varies independently to exercise nontrivial surrounding control/data flow.","Stock ecrecover detector may warn generically, including on safe raw-ecrecover controls, so it cannot distinguish this condition.",FIND signature malleability vulnerability,synthetic,EIP-2 high-s rule,127793f9352c55fc3ad6,SM_V1_020
SM_V1_021,contracts/SM_V1_021_DelegatedTransferHighSAccept21.sol,SM_DelegatedTransferHighSAccept21,SM,SignatureMalleabilityDetector,,SignatureMalleabilityDetector,vulnerable,1_high_s_noncanonical_acceptance,high-s accepted by external verifier,Delegated Transfer,external verifier using raw ecrecover without low-s check,no canonical-s enforcement,external verifier call; auxiliary semantic variant 5,The verifier accepts both low-s and high-s ECDSA forms for the same digest. Auxiliary state behavior varies independently to exercise nontrivial surrounding control/data flow.,"Stock Aderyn may flag only the support verifier ecrecover location, not the authorization semantics in the caller.",FIND signature malleability vulnerability,synthetic,EIP-2 high-s rule,662639a4cf509b237811,SM_V1_021
SM_V1_022,contracts/SM_V1_022_KeeperTaskHighSAccept22.sol,SM_KeeperTaskHighSAccept22,SM,SignatureMalleabilityDetector,,SignatureMalleabilityDetector,vulnerable,1_high_s_noncanonical_acceptance,high-s accepted through inherited recovery helper,Keeper Task,inherited raw recovery helper without low-s check,no canonical-s enforcement,inherited helper; auxiliary semantic variant 6,Inherited recovery delegates directly to ecrecover and never checks s against the half order. Auxiliary state behavior varies independently to exercise nontrivial surrounding control/data flow.,Generic ecrecover finding may be emitted at the helper but cannot classify the consuming operation.,FIND signature malleability vulnerability,synthetic,EIP-2 high-s rule,700643c61c668b725445,SM_V1_022
SM_V1_023,contracts/SM_V1_023_CollateralWithdrawHighSAccept23.sol,SM_CollateralWithdrawHighSAccept23,SM,SignatureMalleabilityDetector,,SignatureMalleabilityDetector,vulnerable,1_high_s_noncanonical_acceptance,accepts high-s / non-canonical ECDSA signature,Collateral Withdrawal,raw ecrecover with full-order s range check,no lower-half-order s enforcement,single entry point with sensitive state change; auxiliary semantic variant 7,"Signature verification does not enforce s <= secp256k1n/2, so the alternate (r, n-s, flipped-v) form is accepted. Auxiliary state behavior varies independently to exercise nontrivial surrounding control/data flow.","Stock ecrecover detector may warn generically, including on safe raw-ecrecover controls, so it cannot distinguish this condition.",FIND signature malleability vulnerability,synthetic,EIP-2 high-s rule,b1e670fdcc272cd05cf9,SM_V1_023
SM_V1_024,contracts/SM_V1_024_RFQFillHighSAccept24.sol,SM_RFQFillHighSAccept24,SM,SignatureMalleabilityDetector,,SignatureMalleabilityDetector,vulnerable,1_high_s_noncanonical_acceptance,accepts high-s / non-canonical ECDSA signature,RFQ Fill,raw ecrecover zero-address checked but high-s accepted,no lower-half-order s enforcement,single entry point with sensitive state change; auxiliary semantic variant 8,"Signature verification does not enforce s <= secp256k1n/2, so the alternate (r, n-s, flipped-v) form is accepted. Auxiliary state behavior varies independently to exercise nontrivial surrounding control/data flow.","Stock ecrecover detector may warn generically, including on safe raw-ecrecover controls, so it cannot distinguish this condition.",FIND signature malleability vulnerability,synthetic,EIP-2 high-s rule,9e79e49c0baf52386527,SM_V1_024
SM_V1_025,contracts/SM_V1_025_AccountRecoveryHighSAccept25.sol,SM_AccountRecoveryHighSAccept25,SM,SignatureMalleabilityDetector,,SignatureMalleabilityDetector,vulnerable,1_high_s_noncanonical_acceptance,accepts high-s / non-canonical ECDSA signature,Account Recovery,direct raw ecrecover without low-s check,no lower-half-order s enforcement,single entry point with sensitive state change; auxiliary semantic variant 9,"Signature verification does not enforce s <= secp256k1n/2, so the alternate (r, n-s, flipped-v) form is accepted. Auxiliary state behavior varies independently to exercise nontrivial surrounding control/data flow.","Stock ecrecover detector may warn generically, including on safe raw-ecrecover controls, so it cannot distinguish this condition.",FIND signature malleability vulnerability,synthetic,EIP-2 high-s rule,62de7f12dd30bdd0495c,SM_V1_025
SM_V1_026,contracts/SM_V1_026_RoyaltyClaimHighSAccept26.sol,SM_RoyaltyClaimHighSAccept26,SM,SignatureMalleabilityDetector,,SignatureMalleabilityDetector,vulnerable,1_high_s_noncanonical_acceptance,accepts high-s / non-canonical ECDSA signature,Royalty Claim,shared raw recovery wrapper without low-s check,no lower-half-order s enforcement,single entry point with sensitive state change; auxiliary semantic variant 10,"Signature verification does not enforce s <= secp256k1n/2, so the alternate (r, n-s, flipped-v) form is accepted. Auxiliary state behavior varies independently to exercise nontrivial surrounding control/data flow.","Stock ecrecover detector may warn generically, including on safe raw-ecrecover controls, so it cannot distinguish this condition.",FIND signature malleability vulnerability,synthetic,EIP-2 high-s rule,b04e62f33582fc95c85d,SM_V1_026
SM_V1_027,contracts/SM_V1_027_BatchPaymentHighSAccept27.sol,SM_BatchPaymentHighSAccept27,SM,SignatureMalleabilityDetector,,SignatureMalleabilityDetector,vulnerable,1_high_s_noncanonical_acceptance,high-s accepted by internal recovery wrapper,Batch Payment,internal recovery wrapper without low-s check,no canonical-s enforcement,interprocedural signature recovery; auxiliary semantic variant 11,The EVM recovery precompile accepts high-s signatures; the wrapper performs no lower-half-order check. Auxiliary state behavior varies independently to exercise nontrivial surrounding control/data flow.,Generic ecrecover warning may occur but does not distinguish safe canonicalized raw recovery from unsafe recovery.,FIND signature malleability vulnerability,synthetic,EIP-2 high-s rule,1641baade1d24a09b053,SM_V1_027
SM_V1_028,contracts/SM_V1_028_RefundHighSAccept28.sol,SM_RefundHighSAccept28,SM,SignatureMalleabilityDetector,,SignatureMalleabilityDetector,vulnerable,1_high_s_noncanonical_acceptance,accepts high-s / non-canonical ECDSA signature,Signed Refund,bytes signature split then raw ecrecover without low-s check,no lower-half-order s enforcement,single entry point with sensitive state change; auxiliary semantic variant 12,"Signature verification does not enforce s <= secp256k1n/2, so the alternate (r, n-s, flipped-v) form is accepted. Auxiliary state behavior varies independently to exercise nontrivial surrounding control/data flow.","Stock ecrecover detector may warn generically, including on safe raw-ecrecover controls, so it cannot distinguish this condition.",FIND signature malleability vulnerability,synthetic,EIP-2 high-s rule,9d3103d1c8972436fe1f,SM_V1_028
SM_V1_029,contracts/SM_V1_029_TicketRedeemHighSAccept29.sol,SM_TicketRedeemHighSAccept29,SM,SignatureMalleabilityDetector,,SignatureMalleabilityDetector,vulnerable,1_high_s_noncanonical_acceptance,high-s accepted by external verifier,Ticket Redemption,external verifier using raw ecrecover without low-s check,no canonical-s enforcement,external verifier call; auxiliary semantic variant 13,The verifier accepts both low-s and high-s ECDSA forms for the same digest. Auxiliary state behavior varies independently to exercise nontrivial surrounding control/data flow.,"Stock Aderyn may flag only the support verifier ecrecover location, not the authorization semantics in the caller.",FIND signature malleability vulnerability,synthetic,EIP-2 high-s rule,c86ccabcbdd063ebe9c2,SM_V1_029
SM_V1_030,contracts/SM_V1_030_SubscriptionHighSAccept30.sol,SM_SubscriptionHighSAccept30,SM,SignatureMalleabilityDetector,,SignatureMalleabilityDetector,vulnerable,1_high_s_noncanonical_acceptance,high-s accepted through inherited recovery helper,Subscription Charge,inherited raw recovery helper without low-s check,no canonical-s enforcement,inherited helper; auxiliary semantic variant 14,Inherited recovery delegates directly to ecrecover and never checks s against the half order. Auxiliary state behavior varies independently to exercise nontrivial surrounding control/data flow.,Generic ecrecover finding may be emitted at the helper but cannot classify the consuming operation.,FIND signature malleability vulnerability,synthetic,EIP-2 high-s rule,4f9cab8c20a17fc0a30b,SM_V1_030
SM_V2_001,contracts/SM_V2_001_GaslessTransferPermissiveV01.sol,SM_GaslessTransferPermissiveV01,SM,SignatureMalleabilityDetector,,SignatureMalleabilityDetector,vulnerable,2_permissive_incorrect_v_handling,v values 0/1 and 27/28 are both accepted through add-27 normalization,Gasless Transfer,raw ecrecover with permissive v handling,low-s enforced but recovery parity serialized non-canonically,v transformed before recovery,"Multiple serialized v values can resolve to the same effective recovery parity, creating non-unique signatures despite low-s enforcement.",Stock Aderyn can only flag raw ecrecover generically and does not reason about v normalization.,FIND signature malleability vulnerability,historically-inspired,TCH May 2024 permissive v-normalization exploit pattern,c97b465008666cd49d58,SM_V2_001
SM_V2_002,contracts/SM_V2_002_WithdrawalPermissiveV02.sol,SM_WithdrawalPermissiveV02,SM,SignatureMalleabilityDetector,,SignatureMalleabilityDetector,vulnerable,2_permissive_incorrect_v_handling,dual parity convention accepts both 0/1 and 27/28,Signed Withdrawal,raw ecrecover with permissive v handling,low-s enforced but recovery parity serialized non-canonically,v transformed before recovery,"Multiple serialized v values can resolve to the same effective recovery parity, creating non-unique signatures despite low-s enforcement.",Stock Aderyn can only flag raw ecrecover generically and does not reason about v normalization.,FIND signature malleability vulnerability,synthetic,synthetic parity-normalization variant,40728c414bd45b51e4e4,SM_V2_002
SM_V2_003,contracts/SM_V2_003_VoucherMintPermissiveV03.sol,SM_VoucherMintPermissiveV03,SM,SignatureMalleabilityDetector,,SignatureMalleabilityDetector,vulnerable,2_permissive_incorrect_v_handling,modulo normalization maps many v values to the same recovery parity,Voucher Mint,raw ecrecover with permissive v handling,low-s enforced but recovery parity serialized non-canonically,v transformed before recovery,"Multiple serialized v values can resolve to the same effective recovery parity, creating non-unique signatures despite low-s enforcement.",Stock Aderyn can only flag raw ecrecover generically and does not reason about v normalization.,FIND signature malleability vulnerability,synthetic,synthetic permissive-v variant,3e5624f932d6700bbce7,SM_V2_003
SM_V2_004,contracts/SM_V2_004_BridgeReleasePermissiveV04.sol,SM_BridgeReleasePermissiveV04,SM,SignatureMalleabilityDetector,,SignatureMalleabilityDetector,vulnerable,2_permissive_incorrect_v_handling,bit-mask normalization accepts arbitrary v values sharing one parity bit,Bridge Release,raw ecrecover with permissive v handling,low-s enforced but recovery parity serialized non-canonically,v transformed before recovery,"Multiple serialized v values can resolve to the same effective recovery parity, creating non-unique signatures despite low-s enforcement.",Stock Aderyn can only flag raw ecrecover generically and does not reason about v normalization.,FIND signature malleability vulnerability,synthetic,synthetic permissive-v variant,6bd7f1273d0425b47075,SM_V2_004
SM_V2_005,contracts/SM_V2_005_OrderFillPermissiveV05.sol,SM_OrderFillPermissiveV05,SM,SignatureMalleabilityDetector,,SignatureMalleabilityDetector,vulnerable,2_permissive_incorrect_v_handling,transaction-style EIP-155 v values are inappropriately reduced for message signatures,Signed Order Fill,raw ecrecover with permissive v handling,low-s enforced but recovery parity serialized non-canonically,v transformed before recovery,"Multiple serialized v values can resolve to the same effective recovery parity, creating non-unique signatures despite low-s enforcement.",Stock Aderyn can only flag raw ecrecover generically and does not reason about v normalization.,FIND signature malleability vulnerability,synthetic,synthetic EIP-155/message-signature confusion,698fd9f478bb546c177a,SM_V2_005
SM_V2_006,contracts/SM_V2_006_PermitLikePermissiveV06.sol,SM_PermitLikePermissiveV06,SM,SignatureMalleabilityDetector,,SignatureMalleabilityDetector,vulnerable,2_permissive_incorrect_v_handling,every nonzero v value is coerced to parity 28,Permit-like Approval,raw ecrecover with permissive v handling,low-s enforced but recovery parity serialized non-canonically,v transformed before recovery,"Multiple serialized v values can resolve to the same effective recovery parity, creating non-unique signatures despite low-s enforcement.",Stock Aderyn can only flag raw ecrecover generically and does not reason about v normalization.,FIND signature malleability vulnerability,synthetic,synthetic permissive-v variant,cfa3bf2c423a540b5678,SM_V2_006
SM_V2_007,contracts/SM_V2_007_GovernanceVotePermissiveV07.sol,SM_GovernanceVotePermissiveV07,SM,SignatureMalleabilityDetector,,SignatureMalleabilityDetector,vulnerable,2_permissive_incorrect_v_handling,only least-significant bit of v is authenticated,Governance Vote,raw ecrecover with permissive v handling,low-s enforced but recovery parity serialized non-canonically,v transformed before recovery,"Multiple serialized v values can resolve to the same effective recovery parity, creating non-unique signatures despite low-s enforcement.",Stock Aderyn can only flag raw ecrecover generically and does not reason about v normalization.,FIND signature malleability vulnerability,synthetic,synthetic parity truncation variant,e87f12763b372c850a09,SM_V2_007
SM_V2_008,contracts/SM_V2_008_OracleUpdatePermissiveV08.sol,SM_OracleUpdatePermissiveV08,SM,SignatureMalleabilityDetector,,SignatureMalleabilityDetector,vulnerable,2_permissive_incorrect_v_handling,fallback recovery accepts two serialized v conventions,Oracle Update,raw ecrecover with permissive v handling,low-s enforced but recovery parity serialized non-canonically,v transformed before recovery,"Multiple serialized v values can resolve to the same effective recovery parity, creating non-unique signatures despite low-s enforcement.",Stock Aderyn can only flag raw ecrecover generically and does not reason about v normalization.,FIND signature malleability vulnerability,synthetic,synthetic fallback-recovery variant,7f8575e0edf409bfbab2,SM_V2_008
SM_V2_009,contracts/SM_V2_009_AdminGrantPermissiveV09.sol,SM_AdminGrantPermissiveV09,SM,SignatureMalleabilityDetector,,SignatureMalleabilityDetector,vulnerable,2_permissive_incorrect_v_handling,v values 0/1 and 27/28 are both accepted through add-27 normalization,Admin Grant,raw ecrecover with permissive v handling,low-s enforced but recovery parity serialized non-canonically,v transformed before recovery,"Multiple serialized v values can resolve to the same effective recovery parity, creating non-unique signatures despite low-s enforcement.",Stock Aderyn can only flag raw ecrecover generically and does not reason about v normalization.,FIND signature malleability vulnerability,historically-inspired,TCH May 2024 permissive v-normalization exploit pattern,7cb477becb3c859119cf,SM_V2_009
SM_V2_010,contracts/SM_V2_010_AirdropPermissiveV10.sol,SM_AirdropPermissiveV10,SM,SignatureMalleabilityDetector,,SignatureMalleabilityDetector,vulnerable,2_permissive_incorrect_v_handling,dual parity convention accepts both 0/1 and 27/28,Airdrop Claim,raw ecrecover with permissive v handling,low-s enforced but recovery parity serialized non-canonically,v transformed before recovery,"Multiple serialized v values can resolve to the same effective recovery parity, creating non-unique signatures despite low-s enforcement.",Stock Aderyn can only flag raw ecrecover generically and does not reason about v normalization.,FIND signature malleability vulnerability,synthetic,synthetic parity-normalization variant,18284905178304f8c6b3,SM_V2_010
SM_V2_011,contracts/SM_V2_011_VaultHarvestPermissiveV11.sol,SM_VaultHarvestPermissiveV11,SM,SignatureMalleabilityDetector,,SignatureMalleabilityDetector,vulnerable,2_permissive_incorrect_v_handling,modulo normalization maps many v values to the same recovery parity,Vault Harvest,raw ecrecover with permissive v handling,low-s enforced but recovery parity serialized non-canonically,v transformed before recovery,"Multiple serialized v values can resolve to the same effective recovery parity, creating non-unique signatures despite low-s enforcement.",Stock Aderyn can only flag raw ecrecover generically and does not reason about v normalization.,FIND signature malleability vulnerability,synthetic,synthetic permissive-v variant,4f9fe6dfb046abce5ed8,SM_V2_011
SM_V2_012,contracts/SM_V2_012_BondRedeemPermissiveV12.sol,SM_BondRedeemPermissiveV12,SM,SignatureMalleabilityDetector,,SignatureMalleabilityDetector,vulnerable,2_permissive_incorrect_v_handling,bit-mask normalization accepts arbitrary v values sharing one parity bit,Bond Redeem,raw ecrecover with permissive v handling,low-s enforced but recovery parity serialized non-canonically,v transformed before recovery,"Multiple serialized v values can resolve to the same effective recovery parity, creating non-unique signatures despite low-s enforcement.",Stock Aderyn can only flag raw ecrecover generically and does not reason about v normalization.,FIND signature malleability vulnerability,synthetic,synthetic permissive-v variant,3f8a7dad858a75f2b740,SM_V2_012
SM_V2_013,contracts/SM_V2_013_FeeRebatePermissiveV13.sol,SM_FeeRebatePermissiveV13,SM,SignatureMalleabilityDetector,,SignatureMalleabilityDetector,vulnerable,2_permissive_incorrect_v_handling,transaction-style EIP-155 v values are inappropriately reduced for message signatures,Fee Rebate,raw ecrecover with permissive v handling,low-s enforced but recovery parity serialized non-canonically,v transformed before recovery,"Multiple serialized v values can resolve to the same effective recovery parity, creating non-unique signatures despite low-s enforcement.",Stock Aderyn can only flag raw ecrecover generically and does not reason about v normalization.,FIND signature malleability vulnerability,synthetic,synthetic EIP-155/message-signature confusion,f1c2f429f11c98856ce9,SM_V2_013
SM_V2_014,contracts/SM_V2_014_SessionSpendPermissiveV14.sol,SM_SessionSpendPermissiveV14,SM,SignatureMalleabilityDetector,,SignatureMalleabilityDetector,vulnerable,2_permissive_incorrect_v_handling,every nonzero v value is coerced to parity 28,Session Spend,raw ecrecover with permissive v handling,low-s enforced but recovery parity serialized non-canonically,v transformed before recovery,"Multiple serialized v values can resolve to the same effective recovery parity, creating non-unique signatures despite low-s enforcement.",Stock Aderyn can only flag raw ecrecover generically and does not reason about v normalization.,FIND signature malleability vulnerability,synthetic,synthetic permissive-v variant,94cf58b47928e35276e2,SM_V2_014
SM_V2_015,contracts/SM_V2_015_StakingExitPermissiveV15.sol,SM_StakingExitPermissiveV15,SM,SignatureMalleabilityDetector,,SignatureMalleabilityDetector,vulnerable,2_permissive_incorrect_v_handling,only least-significant bit of v is authenticated,Staking Exit,raw ecrecover with permissive v handling,low-s enforced but recovery parity serialized non-canonically,v transformed before recovery,"Multiple serialized v values can resolve to the same effective recovery parity, creating non-unique signatures despite low-s enforcement.",Stock Aderyn can only flag raw ecrecover generically and does not reason about v normalization.,FIND signature malleability vulnerability,synthetic,synthetic parity truncation variant,f3e088290cac2f0e5d44,SM_V2_015
SM_V2_016,contracts/SM_V2_016_LiquidationPermissiveV16.sol,SM_LiquidationPermissiveV16,SM,SignatureMalleabilityDetector,,SignatureMalleabilityDetector,vulnerable,2_permissive_incorrect_v_handling,fallback recovery accepts two serialized v conventions,Liquidation,raw ecrecover with permissive v handling,low-s enforced but recovery parity serialized non-canonically,v transformed before recovery,"Multiple serialized v values can resolve to the same effective recovery parity, creating non-unique signatures despite low-s enforcement.",Stock Aderyn can only flag raw ecrecover generically and does not reason about v normalization.,FIND signature malleability vulnerability,synthetic,synthetic fallback-recovery variant,5c1cb6db6e0d3feaa979,SM_V2_016
SM_V2_017,contracts/SM_V2_017_LoanDrawPermissiveV17.sol,SM_LoanDrawPermissiveV17,SM,SignatureMalleabilityDetector,,SignatureMalleabilityDetector,vulnerable,2_permissive_incorrect_v_handling,v values 0/1 and 27/28 are both accepted through add-27 normalization,Loan Draw,raw ecrecover with permissive v handling,low-s enforced but recovery parity serialized non-canonically,v transformed before recovery; auxiliary semantic variant 1,"Multiple serialized v values can resolve to the same effective recovery parity, creating non-unique signatures despite low-s enforcement. Auxiliary state behavior varies independently to exercise nontrivial surrounding control/data flow.",Stock Aderyn can only flag raw ecrecover generically and does not reason about v normalization.,FIND signature malleability vulnerability,synthetic,TCH exploit v-normalization pattern,1b184c24201f98ac4eee,SM_V2_017
SM_V2_018,contracts/SM_V2_018_SwapQuotePermissiveV18.sol,SM_SwapQuotePermissiveV18,SM,SignatureMalleabilityDetector,,SignatureMalleabilityDetector,vulnerable,2_permissive_incorrect_v_handling,dual parity convention accepts both 0/1 and 27/28,Signed Swap Quote,raw ecrecover with permissive v handling,low-s enforced but recovery parity serialized non-canonically,v transformed before recovery; auxiliary semantic variant 2,"Multiple serialized v values can resolve to the same effective recovery parity, creating non-unique signatures despite low-s enforcement. Auxiliary state behavior varies independently to exercise nontrivial surrounding control/data flow.",Stock Aderyn can only flag raw ecrecover generically and does not reason about v normalization.,FIND signature malleability vulnerability,synthetic,synthetic parity-normalization variant,b21e98f0d85ca4978e20,SM_V2_018
SM_V2_019,contracts/SM_V2_019_TreasuryPaymentPermissiveV19.sol,SM_TreasuryPaymentPermissiveV19,SM,SignatureMalleabilityDetector,,SignatureMalleabilityDetector,vulnerable,2_permissive_incorrect_v_handling,modulo normalization maps many v values to the same recovery parity,Treasury Payment,raw ecrecover with permissive v handling,low-s enforced but recovery parity serialized non-canonically,v transformed before recovery; auxiliary semantic variant 3,"Multiple serialized v values can resolve to the same effective recovery parity, creating non-unique signatures despite low-s enforcement. Auxiliary state behavior varies independently to exercise nontrivial surrounding control/data flow.",Stock Aderyn can only flag raw ecrecover generically and does not reason about v normalization.,FIND signature malleability vulnerability,synthetic,synthetic permissive-v variant,705f28528d0b953ad0f5,SM_V2_019
SM_V2_020,contracts/SM_V2_020_MetaTxPermissiveV20.sol,SM_MetaTxPermissiveV20,SM,SignatureMalleabilityDetector,,SignatureMalleabilityDetector,vulnerable,2_permissive_incorrect_v_handling,bit-mask normalization accepts arbitrary v values sharing one parity bit,Meta-Transaction,raw ecrecover with permissive v handling,low-s enforced but recovery parity serialized non-canonically,v transformed before recovery; auxiliary semantic variant 4,"Multiple serialized v values can resolve to the same effective recovery parity, creating non-unique signatures despite low-s enforcement. Auxiliary state behavior varies independently to exercise nontrivial surrounding control/data flow.",Stock Aderyn can only flag raw ecrecover generically and does not reason about v normalization.,FIND signature malleability vulnerability,synthetic,synthetic permissive-v variant,f14eac661582f67442d2,SM_V2_020
SM_V2_021,contracts/SM_V2_021_DelegatedTransferPermissiveV21.sol,SM_DelegatedTransferPermissiveV21,SM,SignatureMalleabilityDetector,,SignatureMalleabilityDetector,vulnerable,2_permissive_incorrect_v_handling,transaction-style EIP-155 v values are inappropriately reduced for message signatures,Delegated Transfer,raw ecrecover with permissive v handling,low-s enforced but recovery parity serialized non-canonically,v transformed before recovery; auxiliary semantic variant 5,"Multiple serialized v values can resolve to the same effective recovery parity, creating non-unique signatures despite low-s enforcement. Auxiliary state behavior varies independently to exercise nontrivial surrounding control/data flow.",Stock Aderyn can only flag raw ecrecover generically and does not reason about v normalization.,FIND signature malleability vulnerability,synthetic,synthetic EIP-155/message-signature confusion,e3796faec2120ec9ebd1,SM_V2_021
SM_V2_022,contracts/SM_V2_022_KeeperTaskPermissiveV22.sol,SM_KeeperTaskPermissiveV22,SM,SignatureMalleabilityDetector,,SignatureMalleabilityDetector,vulnerable,2_permissive_incorrect_v_handling,every nonzero v value is coerced to parity 28,Keeper Task,raw ecrecover with permissive v handling,low-s enforced but recovery parity serialized non-canonically,v transformed before recovery; auxiliary semantic variant 6,"Multiple serialized v values can resolve to the same effective recovery parity, creating non-unique signatures despite low-s enforcement. Auxiliary state behavior varies independently to exercise nontrivial surrounding control/data flow.",Stock Aderyn can only flag raw ecrecover generically and does not reason about v normalization.,FIND signature malleability vulnerability,synthetic,synthetic permissive-v variant,4beeccfa753b7941f755,SM_V2_022
SM_V2_023,contracts/SM_V2_023_CollateralWithdrawPermissiveV23.sol,SM_CollateralWithdrawPermissiveV23,SM,SignatureMalleabilityDetector,,SignatureMalleabilityDetector,vulnerable,2_permissive_incorrect_v_handling,only least-significant bit of v is authenticated,Collateral Withdrawal,raw ecrecover with permissive v handling,low-s enforced but recovery parity serialized non-canonically,v transformed before recovery; auxiliary semantic variant 7,"Multiple serialized v values can resolve to the same effective recovery parity, creating non-unique signatures despite low-s enforcement. Auxiliary state behavior varies independently to exercise nontrivial surrounding control/data flow.",Stock Aderyn can only flag raw ecrecover generically and does not reason about v normalization.,FIND signature malleability vulnerability,synthetic,synthetic parity truncation variant,126bdb6dced9cdcc0674,SM_V2_023
SM_V2_024,contracts/SM_V2_024_RFQFillPermissiveV24.sol,SM_RFQFillPermissiveV24,SM,SignatureMalleabilityDetector,,SignatureMalleabilityDetector,vulnerable,2_permissive_incorrect_v_handling,fallback recovery accepts two serialized v conventions,RFQ Fill,raw ecrecover with permissive v handling,low-s enforced but recovery parity serialized non-canonically,v transformed before recovery; auxiliary semantic variant 8,"Multiple serialized v values can resolve to the same effective recovery parity, creating non-unique signatures despite low-s enforcement. Auxiliary state behavior varies independently to exercise nontrivial surrounding control/data flow.",Stock Aderyn can only flag raw ecrecover generically and does not reason about v normalization.,FIND signature malleability vulnerability,synthetic,synthetic fallback-recovery variant,4e2d002d8ca18ecd258f,SM_V2_024
SM_V2_025,contracts/SM_V2_025_AccountRecoveryPermissiveV25.sol,SM_AccountRecoveryPermissiveV25,SM,SignatureMalleabilityDetector,,SignatureMalleabilityDetector,vulnerable,2_permissive_incorrect_v_handling,v values 0/1 and 27/28 are both accepted through add-27 normalization,Account Recovery,raw ecrecover with permissive v handling,low-s enforced but recovery parity serialized non-canonically,v transformed before recovery; auxiliary semantic variant 9,"Multiple serialized v values can resolve to the same effective recovery parity, creating non-unique signatures despite low-s enforcement. Auxiliary state behavior varies independently to exercise nontrivial surrounding control/data flow.",Stock Aderyn can only flag raw ecrecover generically and does not reason about v normalization.,FIND signature malleability vulnerability,synthetic,TCH exploit v-normalization pattern,db27ae55953acd6ebfed,SM_V2_025
SM_V2_026,contracts/SM_V2_026_RoyaltyClaimPermissiveV26.sol,SM_RoyaltyClaimPermissiveV26,SM,SignatureMalleabilityDetector,,SignatureMalleabilityDetector,vulnerable,2_permissive_incorrect_v_handling,dual parity convention accepts both 0/1 and 27/28,Royalty Claim,raw ecrecover with permissive v handling,low-s enforced but recovery parity serialized non-canonically,v transformed before recovery; auxiliary semantic variant 10,"Multiple serialized v values can resolve to the same effective recovery parity, creating non-unique signatures despite low-s enforcement. Auxiliary state behavior varies independently to exercise nontrivial surrounding control/data flow.",Stock Aderyn can only flag raw ecrecover generically and does not reason about v normalization.,FIND signature malleability vulnerability,synthetic,synthetic parity-normalization variant,4592d903be2869264483,SM_V2_026
SM_V2_027,contracts/SM_V2_027_BatchPaymentPermissiveV27.sol,SM_BatchPaymentPermissiveV27,SM,SignatureMalleabilityDetector,,SignatureMalleabilityDetector,vulnerable,2_permissive_incorrect_v_handling,modulo normalization maps many v values to the same recovery parity,Batch Payment,raw ecrecover with permissive v handling,low-s enforced but recovery parity serialized non-canonically,v transformed before recovery; auxiliary semantic variant 11,"Multiple serialized v values can resolve to the same effective recovery parity, creating non-unique signatures despite low-s enforcement. Auxiliary state behavior varies independently to exercise nontrivial surrounding control/data flow.",Stock Aderyn can only flag raw ecrecover generically and does not reason about v normalization.,FIND signature malleability vulnerability,synthetic,synthetic permissive-v variant,cd435e46112b0ae01a11,SM_V2_027
SM_V2_028,contracts/SM_V2_028_RefundPermissiveV28.sol,SM_RefundPermissiveV28,SM,SignatureMalleabilityDetector,,SignatureMalleabilityDetector,vulnerable,2_permissive_incorrect_v_handling,bit-mask normalization accepts arbitrary v values sharing one parity bit,Signed Refund,raw ecrecover with permissive v handling,low-s enforced but recovery parity serialized non-canonically,v transformed before recovery; auxiliary semantic variant 12,"Multiple serialized v values can resolve to the same effective recovery parity, creating non-unique signatures despite low-s enforcement. Auxiliary state behavior varies independently to exercise nontrivial surrounding control/data flow.",Stock Aderyn can only flag raw ecrecover generically and does not reason about v normalization.,FIND signature malleability vulnerability,synthetic,synthetic permissive-v variant,0f657cc6b9da95a37404,SM_V2_028
SM_V2_029,contracts/SM_V2_029_TicketRedeemPermissiveV29.sol,SM_TicketRedeemPermissiveV29,SM,SignatureMalleabilityDetector,,SignatureMalleabilityDetector,vulnerable,2_permissive_incorrect_v_handling,transaction-style EIP-155 v values are inappropriately reduced for message signatures,Ticket Redemption,raw ecrecover with permissive v handling,low-s enforced but recovery parity serialized non-canonically,v transformed before recovery; auxiliary semantic variant 13,"Multiple serialized v values can resolve to the same effective recovery parity, creating non-unique signatures despite low-s enforcement. Auxiliary state behavior varies independently to exercise nontrivial surrounding control/data flow.",Stock Aderyn can only flag raw ecrecover generically and does not reason about v normalization.,FIND signature malleability vulnerability,synthetic,synthetic EIP-155/message-signature confusion,0c050ed41894db6cf1ad,SM_V2_029
SM_V2_030,contracts/SM_V2_030_SubscriptionPermissiveV30.sol,SM_SubscriptionPermissiveV30,SM,SignatureMalleabilityDetector,,SignatureMalleabilityDetector,vulnerable,2_permissive_incorrect_v_handling,every nonzero v value is coerced to parity 28,Subscription Charge,raw ecrecover with permissive v handling,low-s enforced but recovery parity serialized non-canonically,v transformed before recovery; auxiliary semantic variant 14,"Multiple serialized v values can resolve to the same effective recovery parity, creating non-unique signatures despite low-s enforcement. Auxiliary state behavior varies independently to exercise nontrivial surrounding control/data flow.",Stock Aderyn can only flag raw ecrecover generically and does not reason about v normalization.,FIND signature malleability vulnerability,synthetic,synthetic permissive-v variant,5ed8fb06423a4289dd10,SM_V2_030
SM_V3_001,contracts/SM_V3_001_GaslessTransferMultiEncoding01.sol,SM_GaslessTransferMultiEncoding01,SM,SignatureMalleabilityDetector,SignatureReplayDetector,SignatureMalleabilityDetector,vulnerable,3_multiple_noncanonical_representations,accepts both ERC-2098 compact and 65-byte forms while uniqueness is encoding-specific,Gasless Transfer,canonical flexible 64/65-byte recovery,serialized signature identity used as security state,representation-specific replay/uniqueness guard,"Equivalent cryptographic signatures can be serialized in more than one accepted form, but the contract distinguishes those encodings in security-sensitive state.",Stock Aderyn does not model equivalence between accepted signature encodings and may not see any direct ecrecover in the target.,FIND signature malleability vulnerability,cve-inspired,CVE-2022-35961 / OpenZeppelin compact-vs-traditional signature representation,b8372ce429d0d22a4ef3,SM_V3_001
SM_V3_002,contracts/SM_V3_002_WithdrawalMultiEncoding02.sol,SM_WithdrawalMultiEncoding02,SM,SignatureMalleabilityDetector,SignatureReplayDetector,SignatureMalleabilityDetector,vulnerable,3_multiple_noncanonical_representations,optional leading format byte creates two encodings of the same canonical signature,Signed Withdrawal,raw parser accepts 65-byte or tagged 66-byte form,serialized signature identity used as security state,representation-specific replay/uniqueness guard,"Equivalent cryptographic signatures can be serialized in more than one accepted form, but the contract distinguishes those encodings in security-sensitive state.",Stock Aderyn does not model equivalence between accepted signature encodings and may not see any direct ecrecover in the target.,FIND signature malleability vulnerability,synthetic,ERC-2098 representation and serialization ambiguity,638bf413236859627bc9,SM_V3_002
SM_V3_003,contracts/SM_V3_003_VoucherMintMultiEncoding03.sol,SM_VoucherMintMultiEncoding03,SM,SignatureMalleabilityDetector,SignatureReplayDetector,SignatureMalleabilityDetector,vulnerable,3_multiple_noncanonical_representations,optional trailing byte is ignored by recovery but changes the serialized signature identity,Voucher Mint,parser ignores optional trailing tag,serialized signature identity used as security state,representation-specific replay/uniqueness guard,"Equivalent cryptographic signatures can be serialized in more than one accepted form, but the contract distinguishes those encodings in security-sensitive state.",Stock Aderyn does not model equivalence between accepted signature encodings and may not see any direct ecrecover in the target.,FIND signature malleability vulnerability,synthetic,ERC-2098 representation and serialization ambiguity,2f4787bb5acb8614b40b,SM_V3_003
SM_V3_004,contracts/SM_V3_004_BridgeReleaseMultiEncoding04.sol,SM_BridgeReleaseMultiEncoding04,SM,SignatureMalleabilityDetector,SignatureReplayDetector,SignatureMalleabilityDetector,vulnerable,3_multiple_noncanonical_representations,accepts packed 65-byte and ABI-word-padded 96-byte encodings,Bridge Release,dual 65/96-byte parser,serialized signature identity used as security state,representation-specific replay/uniqueness guard,"Equivalent cryptographic signatures can be serialized in more than one accepted form, but the contract distinguishes those encodings in security-sensitive state.",Stock Aderyn does not model equivalence between accepted signature encodings and may not see any direct ecrecover in the target.,FIND signature malleability vulnerability,synthetic,ERC-2098 representation and serialization ambiguity,4205941b62197884ab74,SM_V3_004
SM_V3_005,contracts/SM_V3_005_OrderFillMultiEncoding05.sol,SM_OrderFillMultiEncoding05,SM,SignatureMalleabilityDetector,SignatureReplayDetector,SignatureMalleabilityDetector,vulnerable,3_multiple_noncanonical_representations,separate 64-byte and 65-byte entry points accept equivalent signatures with independent serialized identity,Signed Order Fill,separate compact/full canonical recovery entry points,raw encoding hash used as per-entry uniqueness key,two public execution paths,The same canonical ECDSA authorization has both ERC-2098 and traditional encodings; each hashes differently and can pass the encoding-specific guard.,Stock Aderyn may not flag the target because recovery is delegated to a helper and cannot reason about equivalent serializations.,FIND signature malleability vulnerability,cve-inspired,CVE-2022-35961 / OpenZeppelin 4.1.0-4.7.2 representation ambiguity,90cc4795c8486b54a4a1,SM_V3_005
SM_V3_006,contracts/SM_V3_006_PermitLikeMultiEncoding06.sol,SM_PermitLikeMultiEncoding06,SM,SignatureMalleabilityDetector,SignatureReplayDetector,SignatureMalleabilityDetector,vulnerable,3_multiple_noncanonical_representations,"trailing bytes are ignored by recovery, allowing arbitrarily many serialized forms",Permit-like Approval,parser consumes only first 65 bytes,serialized signature identity used as security state,representation-specific replay/uniqueness guard,"Equivalent cryptographic signatures can be serialized in more than one accepted form, but the contract distinguishes those encodings in security-sensitive state.",Stock Aderyn does not model equivalence between accepted signature encodings and may not see any direct ecrecover in the target.,FIND signature malleability vulnerability,synthetic,ERC-2098 representation and serialization ambiguity,46b82f140412b12fae92,SM_V3_006
SM_V3_007,contracts/SM_V3_007_GovernanceVoteMultiEncoding07.sol,SM_GovernanceVoteMultiEncoding07,SM,SignatureMalleabilityDetector,SignatureReplayDetector,SignatureMalleabilityDetector,vulnerable,3_multiple_noncanonical_representations,ABI-wrapped signature bytes create non-unique outer serialization identities,Governance Vote,ABI-decoded nested bytes signature,serialized signature identity used as security state,representation-specific replay/uniqueness guard,"Equivalent cryptographic signatures can be serialized in more than one accepted form, but the contract distinguishes those encodings in security-sensitive state.",Stock Aderyn does not model equivalence between accepted signature encodings and may not see any direct ecrecover in the target.,FIND signature malleability vulnerability,synthetic,ERC-2098 representation and serialization ambiguity,19cc176b89fddc83657a,SM_V3_007
SM_V3_008,contracts/SM_V3_008_OracleUpdateMultiEncoding08.sol,SM_OracleUpdateMultiEncoding08,SM,SignatureMalleabilityDetector,SignatureReplayDetector,SignatureMalleabilityDetector,vulnerable,3_multiple_noncanonical_representations,length-tagged raw encoding key treats compact and traditional forms as distinct authorizations,Oracle Update,canonical flexible recovery plus length-tagged serialization identity,serialized signature identity used as security state,representation-specific replay/uniqueness guard,"Equivalent cryptographic signatures can be serialized in more than one accepted form, but the contract distinguishes those encodings in security-sensitive state.",Stock Aderyn does not model equivalence between accepted signature encodings and may not see any direct ecrecover in the target.,FIND signature malleability vulnerability,cve-inspired,CVE-2022-35961 / OpenZeppelin compact-vs-traditional signature representation,95e094c21443cb51b415,SM_V3_008
SM_V3_009,contracts/SM_V3_009_AdminGrantMultiEncoding09.sol,SM_AdminGrantMultiEncoding09,SM,SignatureMalleabilityDetector,SignatureReplayDetector,SignatureMalleabilityDetector,vulnerable,3_multiple_noncanonical_representations,accepts both ERC-2098 compact and 65-byte forms while uniqueness is encoding-specific,Admin Grant,canonical flexible 64/65-byte recovery,serialized signature identity used as security state,representation-specific replay/uniqueness guard,"Equivalent cryptographic signatures can be serialized in more than one accepted form, but the contract distinguishes those encodings in security-sensitive state.",Stock Aderyn does not model equivalence between accepted signature encodings and may not see any direct ecrecover in the target.,FIND signature malleability vulnerability,cve-inspired,CVE-2022-35961 / OpenZeppelin compact-vs-traditional signature representation,080a77075b8d98f19f8d,SM_V3_009
SM_V3_010,contracts/SM_V3_010_AirdropMultiEncoding10.sol,SM_AirdropMultiEncoding10,SM,SignatureMalleabilityDetector,SignatureReplayDetector,SignatureMalleabilityDetector,vulnerable,3_multiple_noncanonical_representations,optional leading format byte creates two encodings of the same canonical signature,Airdrop Claim,raw parser accepts 65-byte or tagged 66-byte form,serialized signature identity used as security state,representation-specific replay/uniqueness guard,"Equivalent cryptographic signatures can be serialized in more than one accepted form, but the contract distinguishes those encodings in security-sensitive state.",Stock Aderyn does not model equivalence between accepted signature encodings and may not see any direct ecrecover in the target.,FIND signature malleability vulnerability,synthetic,ERC-2098 representation and serialization ambiguity,b9af38ad46b153670d5a,SM_V3_010
SM_V3_011,contracts/SM_V3_011_VaultHarvestMultiEncoding11.sol,SM_VaultHarvestMultiEncoding11,SM,SignatureMalleabilityDetector,SignatureReplayDetector,SignatureMalleabilityDetector,vulnerable,3_multiple_noncanonical_representations,optional trailing byte is ignored by recovery but changes the serialized signature identity,Vault Harvest,parser ignores optional trailing tag,serialized signature identity used as security state,representation-specific replay/uniqueness guard,"Equivalent cryptographic signatures can be serialized in more than one accepted form, but the contract distinguishes those encodings in security-sensitive state.",Stock Aderyn does not model equivalence between accepted signature encodings and may not see any direct ecrecover in the target.,FIND signature malleability vulnerability,synthetic,ERC-2098 representation and serialization ambiguity,6ef2543a56c1eeae9729,SM_V3_011
SM_V3_012,contracts/SM_V3_012_BondRedeemMultiEncoding12.sol,SM_BondRedeemMultiEncoding12,SM,SignatureMalleabilityDetector,SignatureReplayDetector,SignatureMalleabilityDetector,vulnerable,3_multiple_noncanonical_representations,accepts packed 65-byte and ABI-word-padded 96-byte encodings,Bond Redeem,dual 65/96-byte parser,serialized signature identity used as security state,representation-specific replay/uniqueness guard,"Equivalent cryptographic signatures can be serialized in more than one accepted form, but the contract distinguishes those encodings in security-sensitive state.",Stock Aderyn does not model equivalence between accepted signature encodings and may not see any direct ecrecover in the target.,FIND signature malleability vulnerability,synthetic,ERC-2098 representation and serialization ambiguity,dedec031d2d2a089cd4d,SM_V3_012
SM_V3_013,contracts/SM_V3_013_FeeRebateMultiEncoding13.sol,SM_FeeRebateMultiEncoding13,SM,SignatureMalleabilityDetector,SignatureReplayDetector,SignatureMalleabilityDetector,vulnerable,3_multiple_noncanonical_representations,separate 64-byte and 65-byte entry points accept equivalent signatures with independent serialized identity,Fee Rebate,separate compact/full canonical recovery entry points,raw encoding hash used as per-entry uniqueness key,two public execution paths; additional actor/action context tracking,The same canonical ECDSA authorization has both ERC-2098 and traditional encodings; each hashes differently and can pass the encoding-specific guard. Auxiliary state behavior varies independently to exercise nontrivial surrounding control/data flow.,Stock Aderyn may not flag the target because recovery is delegated to a helper and cannot reason about equivalent serializations.,FIND signature malleability vulnerability,cve-inspired,CVE-2022-35961 / OpenZeppelin 4.1.0-4.7.2 representation ambiguity,985d6bd0a13c6f7cacc2,SM_V3_013
SM_V3_014,contracts/SM_V3_014_SessionSpendMultiEncoding14.sol,SM_SessionSpendMultiEncoding14,SM,SignatureMalleabilityDetector,SignatureReplayDetector,SignatureMalleabilityDetector,vulnerable,3_multiple_noncanonical_representations,"trailing bytes are ignored by recovery, allowing arbitrarily many serialized forms",Session Spend,parser consumes only first 65 bytes,serialized signature identity used as security state,representation-specific replay/uniqueness guard,"Equivalent cryptographic signatures can be serialized in more than one accepted form, but the contract distinguishes those encodings in security-sensitive state.",Stock Aderyn does not model equivalence between accepted signature encodings and may not see any direct ecrecover in the target.,FIND signature malleability vulnerability,synthetic,ERC-2098 representation and serialization ambiguity,976deca105928f0224a4,SM_V3_014
SM_V3_015,contracts/SM_V3_015_StakingExitMultiEncoding15.sol,SM_StakingExitMultiEncoding15,SM,SignatureMalleabilityDetector,SignatureReplayDetector,SignatureMalleabilityDetector,vulnerable,3_multiple_noncanonical_representations,ABI-wrapped signature bytes create non-unique outer serialization identities,Staking Exit,ABI-decoded nested bytes signature,serialized signature identity used as security state,representation-specific replay/uniqueness guard,"Equivalent cryptographic signatures can be serialized in more than one accepted form, but the contract distinguishes those encodings in security-sensitive state.",Stock Aderyn does not model equivalence between accepted signature encodings and may not see any direct ecrecover in the target.,FIND signature malleability vulnerability,synthetic,ERC-2098 representation and serialization ambiguity,8d3c3c749eb6cad56e26,SM_V3_015
SM_V3_016,contracts/SM_V3_016_LiquidationMultiEncoding16.sol,SM_LiquidationMultiEncoding16,SM,SignatureMalleabilityDetector,SignatureReplayDetector,SignatureMalleabilityDetector,vulnerable,3_multiple_noncanonical_representations,length-tagged raw encoding key treats compact and traditional forms as distinct authorizations,Liquidation,canonical flexible recovery plus length-tagged serialization identity,serialized signature identity used as security state,representation-specific replay/uniqueness guard,"Equivalent cryptographic signatures can be serialized in more than one accepted form, but the contract distinguishes those encodings in security-sensitive state.",Stock Aderyn does not model equivalence between accepted signature encodings and may not see any direct ecrecover in the target.,FIND signature malleability vulnerability,cve-inspired,CVE-2022-35961 / OpenZeppelin compact-vs-traditional signature representation,18758d4fc72272b61868,SM_V3_016
SM_V3_017,contracts/SM_V3_017_LoanDrawMultiEncoding17.sol,SM_LoanDrawMultiEncoding17,SM,SignatureMalleabilityDetector,SignatureReplayDetector,SignatureMalleabilityDetector,vulnerable,3_multiple_noncanonical_representations,accepts both ERC-2098 compact and 65-byte forms while uniqueness is encoding-specific,Loan Draw,canonical flexible 64/65-byte recovery,serialized signature identity used as security state,representation-specific replay/uniqueness guard; auxiliary semantic variant 1,"Equivalent cryptographic signatures can be serialized in more than one accepted form, but the contract distinguishes those encodings in security-sensitive state. Auxiliary state behavior varies independently to exercise nontrivial surrounding control/data flow.",Stock Aderyn does not model equivalence between accepted signature encodings and may not see any direct ecrecover in the target.,FIND signature malleability vulnerability,cve-inspired,CVE-2022-35961 / OpenZeppelin compact-vs-traditional signature representation,16d53318554805d42c9e,SM_V3_017
SM_V3_018,contracts/SM_V3_018_SwapQuoteMultiEncoding18.sol,SM_SwapQuoteMultiEncoding18,SM,SignatureMalleabilityDetector,SignatureReplayDetector,SignatureMalleabilityDetector,vulnerable,3_multiple_noncanonical_representations,optional leading format byte creates two encodings of the same canonical signature,Signed Swap Quote,raw parser accepts 65-byte or tagged 66-byte form,serialized signature identity used as security state,representation-specific replay/uniqueness guard; auxiliary semantic variant 2,"Equivalent cryptographic signatures can be serialized in more than one accepted form, but the contract distinguishes those encodings in security-sensitive state. Auxiliary state behavior varies independently to exercise nontrivial surrounding control/data flow.",Stock Aderyn does not model equivalence between accepted signature encodings and may not see any direct ecrecover in the target.,FIND signature malleability vulnerability,synthetic,ERC-2098 representation and serialization ambiguity,5e883b378204dcd200be,SM_V3_018
SM_V3_019,contracts/SM_V3_019_TreasuryPaymentMultiEncoding19.sol,SM_TreasuryPaymentMultiEncoding19,SM,SignatureMalleabilityDetector,SignatureReplayDetector,SignatureMalleabilityDetector,vulnerable,3_multiple_noncanonical_representations,optional trailing byte is ignored by recovery but changes the serialized signature identity,Treasury Payment,parser ignores optional trailing tag,serialized signature identity used as security state,representation-specific replay/uniqueness guard; auxiliary semantic variant 3,"Equivalent cryptographic signatures can be serialized in more than one accepted form, but the contract distinguishes those encodings in security-sensitive state. Auxiliary state behavior varies independently to exercise nontrivial surrounding control/data flow.",Stock Aderyn does not model equivalence between accepted signature encodings and may not see any direct ecrecover in the target.,FIND signature malleability vulnerability,synthetic,ERC-2098 representation and serialization ambiguity,ed258d8a65091feee04d,SM_V3_019
SM_V3_020,contracts/SM_V3_020_MetaTxMultiEncoding20.sol,SM_MetaTxMultiEncoding20,SM,SignatureMalleabilityDetector,SignatureReplayDetector,SignatureMalleabilityDetector,vulnerable,3_multiple_noncanonical_representations,accepts packed 65-byte and ABI-word-padded 96-byte encodings,Meta-Transaction,dual 65/96-byte parser,serialized signature identity used as security state,representation-specific replay/uniqueness guard; auxiliary semantic variant 4,"Equivalent cryptographic signatures can be serialized in more than one accepted form, but the contract distinguishes those encodings in security-sensitive state. Auxiliary state behavior varies independently to exercise nontrivial surrounding control/data flow.",Stock Aderyn does not model equivalence between accepted signature encodings and may not see any direct ecrecover in the target.,FIND signature malleability vulnerability,synthetic,ERC-2098 representation and serialization ambiguity,6bfd9c32a3ec6a443358,SM_V3_020
SM_V3_021,contracts/SM_V3_021_DelegatedTransferMultiEncoding21.sol,SM_DelegatedTransferMultiEncoding21,SM,SignatureMalleabilityDetector,SignatureReplayDetector,SignatureMalleabilityDetector,vulnerable,3_multiple_noncanonical_representations,separate 64-byte and 65-byte entry points accept equivalent signatures with independent serialized identity,Delegated Transfer,separate compact/full canonical recovery entry points,raw encoding hash used as per-entry uniqueness key,two public execution paths; auxiliary semantic variant 5,The same canonical ECDSA authorization has both ERC-2098 and traditional encodings; each hashes differently and can pass the encoding-specific guard. Auxiliary state behavior varies independently to exercise nontrivial surrounding control/data flow.,Stock Aderyn may not flag the target because recovery is delegated to a helper and cannot reason about equivalent serializations.,FIND signature malleability vulnerability,cve-inspired,CVE-2022-35961 / OpenZeppelin 4.1.0-4.7.2 representation ambiguity,75d9791c4b370a432afa,SM_V3_021
SM_V3_022,contracts/SM_V3_022_KeeperTaskMultiEncoding22.sol,SM_KeeperTaskMultiEncoding22,SM,SignatureMalleabilityDetector,SignatureReplayDetector,SignatureMalleabilityDetector,vulnerable,3_multiple_noncanonical_representations,"trailing bytes are ignored by recovery, allowing arbitrarily many serialized forms",Keeper Task,parser consumes only first 65 bytes,serialized signature identity used as security state,representation-specific replay/uniqueness guard; auxiliary semantic variant 6,"Equivalent cryptographic signatures can be serialized in more than one accepted form, but the contract distinguishes those encodings in security-sensitive state. Auxiliary state behavior varies independently to exercise nontrivial surrounding control/data flow.",Stock Aderyn does not model equivalence between accepted signature encodings and may not see any direct ecrecover in the target.,FIND signature malleability vulnerability,synthetic,ERC-2098 representation and serialization ambiguity,ba7ff0bd64293533a42e,SM_V3_022
SM_V3_023,contracts/SM_V3_023_CollateralWithdrawMultiEncoding23.sol,SM_CollateralWithdrawMultiEncoding23,SM,SignatureMalleabilityDetector,SignatureReplayDetector,SignatureMalleabilityDetector,vulnerable,3_multiple_noncanonical_representations,ABI-wrapped signature bytes create non-unique outer serialization identities,Collateral Withdrawal,ABI-decoded nested bytes signature,serialized signature identity used as security state,representation-specific replay/uniqueness guard; auxiliary semantic variant 7,"Equivalent cryptographic signatures can be serialized in more than one accepted form, but the contract distinguishes those encodings in security-sensitive state. Auxiliary state behavior varies independently to exercise nontrivial surrounding control/data flow.",Stock Aderyn does not model equivalence between accepted signature encodings and may not see any direct ecrecover in the target.,FIND signature malleability vulnerability,synthetic,ERC-2098 representation and serialization ambiguity,ec2e1a1714d1733f1606,SM_V3_023
SM_V3_024,contracts/SM_V3_024_RFQFillMultiEncoding24.sol,SM_RFQFillMultiEncoding24,SM,SignatureMalleabilityDetector,SignatureReplayDetector,SignatureMalleabilityDetector,vulnerable,3_multiple_noncanonical_representations,length-tagged raw encoding key treats compact and traditional forms as distinct authorizations,RFQ Fill,canonical flexible recovery plus length-tagged serialization identity,serialized signature identity used as security state,representation-specific replay/uniqueness guard; auxiliary semantic variant 8,"Equivalent cryptographic signatures can be serialized in more than one accepted form, but the contract distinguishes those encodings in security-sensitive state. Auxiliary state behavior varies independently to exercise nontrivial surrounding control/data flow.",Stock Aderyn does not model equivalence between accepted signature encodings and may not see any direct ecrecover in the target.,FIND signature malleability vulnerability,cve-inspired,CVE-2022-35961 / OpenZeppelin compact-vs-traditional signature representation,6f519e2712640e368c1f,SM_V3_024
SM_V3_025,contracts/SM_V3_025_AccountRecoveryMultiEncoding25.sol,SM_AccountRecoveryMultiEncoding25,SM,SignatureMalleabilityDetector,SignatureReplayDetector,SignatureMalleabilityDetector,vulnerable,3_multiple_noncanonical_representations,accepts both ERC-2098 compact and 65-byte forms while uniqueness is encoding-specific,Account Recovery,canonical flexible 64/65-byte recovery,serialized signature identity used as security state,representation-specific replay/uniqueness guard; auxiliary semantic variant 9,"Equivalent cryptographic signatures can be serialized in more than one accepted form, but the contract distinguishes those encodings in security-sensitive state. Auxiliary state behavior varies independently to exercise nontrivial surrounding control/data flow.",Stock Aderyn does not model equivalence between accepted signature encodings and may not see any direct ecrecover in the target.,FIND signature malleability vulnerability,cve-inspired,CVE-2022-35961 / OpenZeppelin compact-vs-traditional signature representation,aa39a746954afa3ddb4c,SM_V3_025
SM_V3_026,contracts/SM_V3_026_RoyaltyClaimMultiEncoding26.sol,SM_RoyaltyClaimMultiEncoding26,SM,SignatureMalleabilityDetector,SignatureReplayDetector,SignatureMalleabilityDetector,vulnerable,3_multiple_noncanonical_representations,optional leading format byte creates two encodings of the same canonical signature,Royalty Claim,raw parser accepts 65-byte or tagged 66-byte form,serialized signature identity used as security state,representation-specific replay/uniqueness guard; auxiliary semantic variant 10,"Equivalent cryptographic signatures can be serialized in more than one accepted form, but the contract distinguishes those encodings in security-sensitive state. Auxiliary state behavior varies independently to exercise nontrivial surrounding control/data flow.",Stock Aderyn does not model equivalence between accepted signature encodings and may not see any direct ecrecover in the target.,FIND signature malleability vulnerability,synthetic,ERC-2098 representation and serialization ambiguity,a08d6d497e8cfd434b81,SM_V3_026
SM_V3_027,contracts/SM_V3_027_BatchPaymentMultiEncoding27.sol,SM_BatchPaymentMultiEncoding27,SM,SignatureMalleabilityDetector,SignatureReplayDetector,SignatureMalleabilityDetector,vulnerable,3_multiple_noncanonical_representations,optional trailing byte is ignored by recovery but changes the serialized signature identity,Batch Payment,parser ignores optional trailing tag,serialized signature identity used as security state,representation-specific replay/uniqueness guard; auxiliary semantic variant 11,"Equivalent cryptographic signatures can be serialized in more than one accepted form, but the contract distinguishes those encodings in security-sensitive state. Auxiliary state behavior varies independently to exercise nontrivial surrounding control/data flow.",Stock Aderyn does not model equivalence between accepted signature encodings and may not see any direct ecrecover in the target.,FIND signature malleability vulnerability,synthetic,ERC-2098 representation and serialization ambiguity,03b555e57cb0aedbd0d2,SM_V3_027
SM_V3_028,contracts/SM_V3_028_RefundMultiEncoding28.sol,SM_RefundMultiEncoding28,SM,SignatureMalleabilityDetector,SignatureReplayDetector,SignatureMalleabilityDetector,vulnerable,3_multiple_noncanonical_representations,accepts packed 65-byte and ABI-word-padded 96-byte encodings,Signed Refund,dual 65/96-byte parser,serialized signature identity used as security state,representation-specific replay/uniqueness guard; auxiliary semantic variant 12,"Equivalent cryptographic signatures can be serialized in more than one accepted form, but the contract distinguishes those encodings in security-sensitive state. Auxiliary state behavior varies independently to exercise nontrivial surrounding control/data flow.",Stock Aderyn does not model equivalence between accepted signature encodings and may not see any direct ecrecover in the target.,FIND signature malleability vulnerability,synthetic,ERC-2098 representation and serialization ambiguity,1eeacdf3211415aeb1d2,SM_V3_028
SM_V3_029,contracts/SM_V3_029_TicketRedeemMultiEncoding29.sol,SM_TicketRedeemMultiEncoding29,SM,SignatureMalleabilityDetector,SignatureReplayDetector,SignatureMalleabilityDetector,vulnerable,3_multiple_noncanonical_representations,separate 64-byte and 65-byte entry points accept equivalent signatures with independent serialized identity,Ticket Redemption,separate compact/full canonical recovery entry points,raw encoding hash used as per-entry uniqueness key,two public execution paths; auxiliary semantic variant 13,The same canonical ECDSA authorization has both ERC-2098 and traditional encodings; each hashes differently and can pass the encoding-specific guard. Auxiliary state behavior varies independently to exercise nontrivial surrounding control/data flow.,Stock Aderyn may not flag the target because recovery is delegated to a helper and cannot reason about equivalent serializations.,FIND signature malleability vulnerability,cve-inspired,CVE-2022-35961 / OpenZeppelin 4.1.0-4.7.2 representation ambiguity,62e6e81471f268c3467b,SM_V3_029
SM_V3_030,contracts/SM_V3_030_SubscriptionMultiEncoding30.sol,SM_SubscriptionMultiEncoding30,SM,SignatureMalleabilityDetector,SignatureReplayDetector,SignatureMalleabilityDetector,vulnerable,3_multiple_noncanonical_representations,"trailing bytes are ignored by recovery, allowing arbitrarily many serialized forms",Subscription Charge,parser consumes only first 65 bytes,serialized signature identity used as security state,representation-specific replay/uniqueness guard; auxiliary semantic variant 14,"Equivalent cryptographic signatures can be serialized in more than one accepted form, but the contract distinguishes those encodings in security-sensitive state. Auxiliary state behavior varies independently to exercise nontrivial surrounding control/data flow.",Stock Aderyn does not model equivalence between accepted signature encodings and may not see any direct ecrecover in the target.,FIND signature malleability vulnerability,synthetic,ERC-2098 representation and serialization ambiguity,18922b8df5623e3e7562,SM_V3_030
SM_V4_001,contracts/SM_V4_001_GaslessTransferRawSignatureKey01.sol,SM_GaslessTransferRawSignatureKey01,SM,SignatureMalleabilityDetector,SignatureReplayDetector,SignatureMalleabilityDetector,vulnerable,4_raw_signature_uniqueness_key,keccak256(signature) replay key plus permissive v normalization,Gasless Transfer,raw/flexible ECDSA recovery with signature-derived replay key,signature-derived hash is security-critical uniqueness state,check signature-derived key then recover then consume key,ECDSA signatures are not guaranteed to have one unique byte representation; using signature bytes or their hash as the replay key allows an equivalent signature representation to bypass consumption.,Stock Aderyn may emit generic ecrecover warnings but does not connect malleability to a signature-derived replay mapping.,FIND signature malleability vulnerability,historically-inspired,TCH May 2024 exploit pattern,027d6de61054aad46514,SM_V4_001
SM_V4_002,contracts/SM_V4_002_WithdrawalRawSignatureKey02.sol,SM_WithdrawalRawSignatureKey02,SM,SignatureMalleabilityDetector,SignatureReplayDetector,SignatureMalleabilityDetector,vulnerable,4_raw_signature_uniqueness_key,ABI-encoded raw signature hash used as uniqueness key while high-s is accepted,Signed Withdrawal,raw/flexible ECDSA recovery with signature-derived replay key,signature-derived hash is security-critical uniqueness state,check signature-derived key then recover then consume key,ECDSA signatures are not guaranteed to have one unique byte representation; using signature bytes or their hash as the replay key allows an equivalent signature representation to bypass consumption.,Stock Aderyn may emit generic ecrecover warnings but does not connect malleability to a signature-derived replay mapping.,FIND signature malleability vulnerability,synthetic,EIP-2 high-s malleability,aee68a9348043e777760,SM_V4_002
SM_V4_003,contracts/SM_V4_003_VoucherMintRawSignatureKey03.sol,SM_VoucherMintRawSignatureKey03,SM,SignatureMalleabilityDetector,SignatureReplayDetector,SignatureMalleabilityDetector,vulnerable,4_raw_signature_uniqueness_key,packed raw signature hash used as uniqueness key while alternate ECDSA form is accepted,Voucher Mint,raw/flexible ECDSA recovery with signature-derived replay key,signature-derived hash is security-critical uniqueness state,check signature-derived key then recover then consume key,ECDSA signatures are not guaranteed to have one unique byte representation; using signature bytes or their hash as the replay key allows an equivalent signature representation to bypass consumption.,Stock Aderyn may emit generic ecrecover warnings but does not connect malleability to a signature-derived replay mapping.,FIND signature malleability vulnerability,synthetic,EIP-2 high-s malleability,2797eca6502ed48d9c66,SM_V4_003
SM_V4_004,contracts/SM_V4_004_BridgeReleaseRawSignatureKey04.sol,SM_BridgeReleaseRawSignatureKey04,SM,SignatureMalleabilityDetector,SignatureReplayDetector,SignatureMalleabilityDetector,vulnerable,4_raw_signature_uniqueness_key,r/s/v serialization is hashed before v normalization and used as the replay identity,Bridge Release,raw/flexible ECDSA recovery with signature-derived replay key,signature-derived hash is security-critical uniqueness state,check signature-derived key then recover then consume key,ECDSA signatures are not guaranteed to have one unique byte representation; using signature bytes or their hash as the replay key allows an equivalent signature representation to bypass consumption.,Stock Aderyn may emit generic ecrecover warnings but does not connect malleability to a signature-derived replay mapping.,FIND signature malleability vulnerability,historically-inspired,TCH-style pre-normalization identity mismatch,be5008e7da4f95f1ae8c,SM_V4_004
SM_V4_005,contracts/SM_V4_005_OrderFillRawSignatureKey05.sol,SM_OrderFillRawSignatureKey05,SM,SignatureMalleabilityDetector,SignatureReplayDetector,SignatureMalleabilityDetector,vulnerable,4_raw_signature_uniqueness_key,reconstructed signature bytes are used as one-time identity without low-s canonicality,Signed Order Fill,raw/flexible ECDSA recovery with signature-derived replay key,signature-derived hash is security-critical uniqueness state,check signature-derived key then recover then consume key,ECDSA signatures are not guaranteed to have one unique byte representation; using signature bytes or their hash as the replay key allows an equivalent signature representation to bypass consumption.,Stock Aderyn may emit generic ecrecover warnings but does not connect malleability to a signature-derived replay mapping.,FIND signature malleability vulnerability,synthetic,EIP-2 high-s malleability,678072919f43ad18d601,SM_V4_005
SM_V4_006,contracts/SM_V4_006_PermitLikeRawSignatureKey06.sol,SM_PermitLikeRawSignatureKey06,SM,SignatureMalleabilityDetector,SignatureReplayDetector,SignatureMalleabilityDetector,vulnerable,4_raw_signature_uniqueness_key,hashing raw signature with a different hash function does not make the identity canonical,Permit-like Approval,raw/flexible ECDSA recovery with signature-derived replay key,signature-derived hash is security-critical uniqueness state,check signature-derived key then recover then consume key,ECDSA signatures are not guaranteed to have one unique byte representation; using signature bytes or their hash as the replay key allows an equivalent signature representation to bypass consumption.,Stock Aderyn may emit generic ecrecover warnings but does not connect malleability to a signature-derived replay mapping.,FIND signature malleability vulnerability,synthetic,raw-signature uniqueness anti-pattern,059ea1cc798cc8feaa24,SM_V4_006
SM_V4_007,contracts/SM_V4_007_GovernanceVoteRawSignatureKey07.sol,SM_GovernanceVoteRawSignatureKey07,SM,SignatureMalleabilityDetector,SignatureReplayDetector,SignatureMalleabilityDetector,vulnerable,4_raw_signature_uniqueness_key,raw v/r/s hash is keyed before parity truncation,Governance Vote,raw/flexible ECDSA recovery with signature-derived replay key,signature-derived hash is security-critical uniqueness state,check signature-derived key then recover then consume key,ECDSA signatures are not guaranteed to have one unique byte representation; using signature bytes or their hash as the replay key allows an equivalent signature representation to bypass consumption.,Stock Aderyn may emit generic ecrecover warnings but does not connect malleability to a signature-derived replay mapping.,FIND signature malleability vulnerability,synthetic,permissive-v plus raw-signature identity,29ac8b891c147c729198,SM_V4_007
SM_V4_008,contracts/SM_V4_008_OracleUpdateRawSignatureKey08.sol,SM_OracleUpdateRawSignatureKey08,SM,SignatureMalleabilityDetector,SignatureReplayDetector,SignatureMalleabilityDetector,vulnerable,4_raw_signature_uniqueness_key,signature byte hash is the only one-time key while raw recovery accepts malleable signatures,Oracle Update,raw/flexible ECDSA recovery with signature-derived replay key,signature-derived hash is security-critical uniqueness state,check signature-derived key then recover then consume key,ECDSA signatures are not guaranteed to have one unique byte representation; using signature bytes or their hash as the replay key allows an equivalent signature representation to bypass consumption.,Stock Aderyn may emit generic ecrecover warnings but does not connect malleability to a signature-derived replay mapping.,FIND signature malleability vulnerability,cve-inspired,CVE-2022-35961 impact pattern,f46c294fa3a9e1859e24,SM_V4_008
SM_V4_009,contracts/SM_V4_009_AdminGrantRawSignatureKey09.sol,SM_AdminGrantRawSignatureKey09,SM,SignatureMalleabilityDetector,SignatureReplayDetector,SignatureMalleabilityDetector,vulnerable,4_raw_signature_uniqueness_key,keccak256(signature) replay key plus permissive v normalization,Admin Grant,raw/flexible ECDSA recovery with signature-derived replay key,signature-derived hash is security-critical uniqueness state,check signature-derived key then recover then consume key,ECDSA signatures are not guaranteed to have one unique byte representation; using signature bytes or their hash as the replay key allows an equivalent signature representation to bypass consumption.,Stock Aderyn may emit generic ecrecover warnings but does not connect malleability to a signature-derived replay mapping.,FIND signature malleability vulnerability,historically-inspired,TCH May 2024 exploit pattern,0e7b51182df67e630afa,SM_V4_009
SM_V4_010,contracts/SM_V4_010_AirdropRawSignatureKey10.sol,SM_AirdropRawSignatureKey10,SM,SignatureMalleabilityDetector,SignatureReplayDetector,SignatureMalleabilityDetector,vulnerable,4_raw_signature_uniqueness_key,ABI-encoded raw signature hash used as uniqueness key while high-s is accepted,Airdrop Claim,raw/flexible ECDSA recovery with signature-derived replay key,signature-derived hash is security-critical uniqueness state,check signature-derived key then recover then consume key,ECDSA signatures are not guaranteed to have one unique byte representation; using signature bytes or their hash as the replay key allows an equivalent signature representation to bypass consumption.,Stock Aderyn may emit generic ecrecover warnings but does not connect malleability to a signature-derived replay mapping.,FIND signature malleability vulnerability,synthetic,EIP-2 high-s malleability,30a17f40b563a09855c1,SM_V4_010
SM_V4_011,contracts/SM_V4_011_VaultHarvestRawSignatureKey11.sol,SM_VaultHarvestRawSignatureKey11,SM,SignatureMalleabilityDetector,SignatureReplayDetector,SignatureMalleabilityDetector,vulnerable,4_raw_signature_uniqueness_key,packed raw signature hash used as uniqueness key while alternate ECDSA form is accepted,Vault Harvest,raw/flexible ECDSA recovery with signature-derived replay key,signature-derived hash is security-critical uniqueness state,check signature-derived key then recover then consume key,ECDSA signatures are not guaranteed to have one unique byte representation; using signature bytes or their hash as the replay key allows an equivalent signature representation to bypass consumption.,Stock Aderyn may emit generic ecrecover warnings but does not connect malleability to a signature-derived replay mapping.,FIND signature malleability vulnerability,synthetic,EIP-2 high-s malleability,d881f4dce5d118022829,SM_V4_011
SM_V4_012,contracts/SM_V4_012_BondRedeemRawSignatureKey12.sol,SM_BondRedeemRawSignatureKey12,SM,SignatureMalleabilityDetector,SignatureReplayDetector,SignatureMalleabilityDetector,vulnerable,4_raw_signature_uniqueness_key,r/s/v serialization is hashed before v normalization and used as the replay identity,Bond Redeem,raw/flexible ECDSA recovery with signature-derived replay key,signature-derived hash is security-critical uniqueness state,check signature-derived key then recover then consume key,ECDSA signatures are not guaranteed to have one unique byte representation; using signature bytes or their hash as the replay key allows an equivalent signature representation to bypass consumption.,Stock Aderyn may emit generic ecrecover warnings but does not connect malleability to a signature-derived replay mapping.,FIND signature malleability vulnerability,historically-inspired,TCH-style pre-normalization identity mismatch,d9bdd1e4f1b9875c6f91,SM_V4_012
SM_V4_013,contracts/SM_V4_013_FeeRebateRawSignatureKey13.sol,SM_FeeRebateRawSignatureKey13,SM,SignatureMalleabilityDetector,SignatureReplayDetector,SignatureMalleabilityDetector,vulnerable,4_raw_signature_uniqueness_key,reconstructed signature bytes are used as one-time identity without low-s canonicality,Fee Rebate,raw/flexible ECDSA recovery with signature-derived replay key,signature-derived hash is security-critical uniqueness state,check signature-derived key then recover then consume key,ECDSA signatures are not guaranteed to have one unique byte representation; using signature bytes or their hash as the replay key allows an equivalent signature representation to bypass consumption.,Stock Aderyn may emit generic ecrecover warnings but does not connect malleability to a signature-derived replay mapping.,FIND signature malleability vulnerability,synthetic,EIP-2 high-s malleability,f19b6bf26ccd971cf9d7,SM_V4_013
SM_V4_014,contracts/SM_V4_014_SessionSpendRawSignatureKey14.sol,SM_SessionSpendRawSignatureKey14,SM,SignatureMalleabilityDetector,SignatureReplayDetector,SignatureMalleabilityDetector,vulnerable,4_raw_signature_uniqueness_key,hashing raw signature with a different hash function does not make the identity canonical,Session Spend,raw/flexible ECDSA recovery with signature-derived replay key,signature-derived hash is security-critical uniqueness state,check signature-derived key then recover then consume key,ECDSA signatures are not guaranteed to have one unique byte representation; using signature bytes or their hash as the replay key allows an equivalent signature representation to bypass consumption.,Stock Aderyn may emit generic ecrecover warnings but does not connect malleability to a signature-derived replay mapping.,FIND signature malleability vulnerability,synthetic,raw-signature uniqueness anti-pattern,075020461c7285d8e6a3,SM_V4_014
SM_V4_015,contracts/SM_V4_015_StakingExitRawSignatureKey15.sol,SM_StakingExitRawSignatureKey15,SM,SignatureMalleabilityDetector,SignatureReplayDetector,SignatureMalleabilityDetector,vulnerable,4_raw_signature_uniqueness_key,raw v/r/s hash is keyed before parity truncation,Staking Exit,raw/flexible ECDSA recovery with signature-derived replay key,signature-derived hash is security-critical uniqueness state,check signature-derived key then recover then consume key,ECDSA signatures are not guaranteed to have one unique byte representation; using signature bytes or their hash as the replay key allows an equivalent signature representation to bypass consumption.,Stock Aderyn may emit generic ecrecover warnings but does not connect malleability to a signature-derived replay mapping.,FIND signature malleability vulnerability,synthetic,permissive-v plus raw-signature identity,753b303dc05e49bedc9a,SM_V4_015
SM_V4_016,contracts/SM_V4_016_LiquidationRawSignatureKey16.sol,SM_LiquidationRawSignatureKey16,SM,SignatureMalleabilityDetector,SignatureReplayDetector,SignatureMalleabilityDetector,vulnerable,4_raw_signature_uniqueness_key,signature byte hash is the only one-time key while raw recovery accepts malleable signatures,Liquidation,raw/flexible ECDSA recovery with signature-derived replay key,signature-derived hash is security-critical uniqueness state,check signature-derived key then recover then consume key,ECDSA signatures are not guaranteed to have one unique byte representation; using signature bytes or their hash as the replay key allows an equivalent signature representation to bypass consumption.,Stock Aderyn may emit generic ecrecover warnings but does not connect malleability to a signature-derived replay mapping.,FIND signature malleability vulnerability,cve-inspired,CVE-2022-35961 impact pattern,0659b0827a78504ee1c4,SM_V4_016
SM_V4_017,contracts/SM_V4_017_LoanDrawRawSignatureKey17.sol,SM_LoanDrawRawSignatureKey17,SM,SignatureMalleabilityDetector,SignatureReplayDetector,SignatureMalleabilityDetector,vulnerable,4_raw_signature_uniqueness_key,keccak256(signature) replay key plus permissive v normalization,Loan Draw,raw/flexible ECDSA recovery with signature-derived replay key,signature-derived hash is security-critical uniqueness state,check signature-derived key then recover then consume key; auxiliary semantic variant 1,ECDSA signatures are not guaranteed to have one unique byte representation; using signature bytes or their hash as the replay key allows an equivalent signature representation to bypass consumption. Auxiliary state behavior varies independently to exercise nontrivial surrounding control/data flow.,Stock Aderyn may emit generic ecrecover warnings but does not connect malleability to a signature-derived replay mapping.,FIND signature malleability vulnerability,historically-inspired,TCH May 2024 exploit pattern,f8a7575de4c5da3034ad,SM_V4_017
SM_V4_018,contracts/SM_V4_018_SwapQuoteRawSignatureKey18.sol,SM_SwapQuoteRawSignatureKey18,SM,SignatureMalleabilityDetector,SignatureReplayDetector,SignatureMalleabilityDetector,vulnerable,4_raw_signature_uniqueness_key,ABI-encoded raw signature hash used as uniqueness key while high-s is accepted,Signed Swap Quote,raw/flexible ECDSA recovery with signature-derived replay key,signature-derived hash is security-critical uniqueness state,check signature-derived key then recover then consume key; auxiliary semantic variant 2,ECDSA signatures are not guaranteed to have one unique byte representation; using signature bytes or their hash as the replay key allows an equivalent signature representation to bypass consumption. Auxiliary state behavior varies independently to exercise nontrivial surrounding control/data flow.,Stock Aderyn may emit generic ecrecover warnings but does not connect malleability to a signature-derived replay mapping.,FIND signature malleability vulnerability,synthetic,EIP-2 high-s malleability,13a704c3f45945038207,SM_V4_018
SM_V4_019,contracts/SM_V4_019_TreasuryPaymentRawSignatureKey19.sol,SM_TreasuryPaymentRawSignatureKey19,SM,SignatureMalleabilityDetector,SignatureReplayDetector,SignatureMalleabilityDetector,vulnerable,4_raw_signature_uniqueness_key,packed raw signature hash used as uniqueness key while alternate ECDSA form is accepted,Treasury Payment,raw/flexible ECDSA recovery with signature-derived replay key,signature-derived hash is security-critical uniqueness state,check signature-derived key then recover then consume key; auxiliary semantic variant 3,ECDSA signatures are not guaranteed to have one unique byte representation; using signature bytes or their hash as the replay key allows an equivalent signature representation to bypass consumption. Auxiliary state behavior varies independently to exercise nontrivial surrounding control/data flow.,Stock Aderyn may emit generic ecrecover warnings but does not connect malleability to a signature-derived replay mapping.,FIND signature malleability vulnerability,synthetic,EIP-2 high-s malleability,174cfcd508ce2aec230f,SM_V4_019
SM_V4_020,contracts/SM_V4_020_MetaTxRawSignatureKey20.sol,SM_MetaTxRawSignatureKey20,SM,SignatureMalleabilityDetector,SignatureReplayDetector,SignatureMalleabilityDetector,vulnerable,4_raw_signature_uniqueness_key,r/s/v serialization is hashed before v normalization and used as the replay identity,Meta-Transaction,raw/flexible ECDSA recovery with signature-derived replay key,signature-derived hash is security-critical uniqueness state,check signature-derived key then recover then consume key; auxiliary semantic variant 4,ECDSA signatures are not guaranteed to have one unique byte representation; using signature bytes or their hash as the replay key allows an equivalent signature representation to bypass consumption. Auxiliary state behavior varies independently to exercise nontrivial surrounding control/data flow.,Stock Aderyn may emit generic ecrecover warnings but does not connect malleability to a signature-derived replay mapping.,FIND signature malleability vulnerability,historically-inspired,TCH-style pre-normalization identity mismatch,88cf4e1e82754f3692ff,SM_V4_020
SM_V4_021,contracts/SM_V4_021_DelegatedTransferRawSignatureKey21.sol,SM_DelegatedTransferRawSignatureKey21,SM,SignatureMalleabilityDetector,SignatureReplayDetector,SignatureMalleabilityDetector,vulnerable,4_raw_signature_uniqueness_key,reconstructed signature bytes are used as one-time identity without low-s canonicality,Delegated Transfer,raw/flexible ECDSA recovery with signature-derived replay key,signature-derived hash is security-critical uniqueness state,check signature-derived key then recover then consume key; auxiliary semantic variant 5,ECDSA signatures are not guaranteed to have one unique byte representation; using signature bytes or their hash as the replay key allows an equivalent signature representation to bypass consumption. Auxiliary state behavior varies independently to exercise nontrivial surrounding control/data flow.,Stock Aderyn may emit generic ecrecover warnings but does not connect malleability to a signature-derived replay mapping.,FIND signature malleability vulnerability,synthetic,EIP-2 high-s malleability,eaa132cb8ea785c1f4fe,SM_V4_021
SM_V4_022,contracts/SM_V4_022_KeeperTaskRawSignatureKey22.sol,SM_KeeperTaskRawSignatureKey22,SM,SignatureMalleabilityDetector,SignatureReplayDetector,SignatureMalleabilityDetector,vulnerable,4_raw_signature_uniqueness_key,hashing raw signature with a different hash function does not make the identity canonical,Keeper Task,raw/flexible ECDSA recovery with signature-derived replay key,signature-derived hash is security-critical uniqueness state,check signature-derived key then recover then consume key; auxiliary semantic variant 6,ECDSA signatures are not guaranteed to have one unique byte representation; using signature bytes or their hash as the replay key allows an equivalent signature representation to bypass consumption. Auxiliary state behavior varies independently to exercise nontrivial surrounding control/data flow.,Stock Aderyn may emit generic ecrecover warnings but does not connect malleability to a signature-derived replay mapping.,FIND signature malleability vulnerability,synthetic,raw-signature uniqueness anti-pattern,51a66df3bd9fbbd2688b,SM_V4_022
SM_V4_023,contracts/SM_V4_023_CollateralWithdrawRawSignatureKey23.sol,SM_CollateralWithdrawRawSignatureKey23,SM,SignatureMalleabilityDetector,SignatureReplayDetector,SignatureMalleabilityDetector,vulnerable,4_raw_signature_uniqueness_key,raw v/r/s hash is keyed before parity truncation,Collateral Withdrawal,raw/flexible ECDSA recovery with signature-derived replay key,signature-derived hash is security-critical uniqueness state,check signature-derived key then recover then consume key; auxiliary semantic variant 7,ECDSA signatures are not guaranteed to have one unique byte representation; using signature bytes or their hash as the replay key allows an equivalent signature representation to bypass consumption. Auxiliary state behavior varies independently to exercise nontrivial surrounding control/data flow.,Stock Aderyn may emit generic ecrecover warnings but does not connect malleability to a signature-derived replay mapping.,FIND signature malleability vulnerability,synthetic,permissive-v plus raw-signature identity,54e580eafd32d01ee828,SM_V4_023
SM_V4_024,contracts/SM_V4_024_RFQFillRawSignatureKey24.sol,SM_RFQFillRawSignatureKey24,SM,SignatureMalleabilityDetector,SignatureReplayDetector,SignatureMalleabilityDetector,vulnerable,4_raw_signature_uniqueness_key,signature byte hash is the only one-time key while raw recovery accepts malleable signatures,RFQ Fill,raw/flexible ECDSA recovery with signature-derived replay key,signature-derived hash is security-critical uniqueness state,check signature-derived key then recover then consume key; auxiliary semantic variant 8,ECDSA signatures are not guaranteed to have one unique byte representation; using signature bytes or their hash as the replay key allows an equivalent signature representation to bypass consumption. Auxiliary state behavior varies independently to exercise nontrivial surrounding control/data flow.,Stock Aderyn may emit generic ecrecover warnings but does not connect malleability to a signature-derived replay mapping.,FIND signature malleability vulnerability,cve-inspired,CVE-2022-35961 impact pattern,b38dc835ce2faa9e58b4,SM_V4_024
SM_V4_025,contracts/SM_V4_025_AccountRecoveryRawSignatureKey25.sol,SM_AccountRecoveryRawSignatureKey25,SM,SignatureMalleabilityDetector,SignatureReplayDetector,SignatureMalleabilityDetector,vulnerable,4_raw_signature_uniqueness_key,keccak256(signature) replay key plus permissive v normalization,Account Recovery,raw/flexible ECDSA recovery with signature-derived replay key,signature-derived hash is security-critical uniqueness state,check signature-derived key then recover then consume key; auxiliary semantic variant 9,ECDSA signatures are not guaranteed to have one unique byte representation; using signature bytes or their hash as the replay key allows an equivalent signature representation to bypass consumption. Auxiliary state behavior varies independently to exercise nontrivial surrounding control/data flow.,Stock Aderyn may emit generic ecrecover warnings but does not connect malleability to a signature-derived replay mapping.,FIND signature malleability vulnerability,historically-inspired,TCH May 2024 exploit pattern,7c6a50250b404c0e2a68,SM_V4_025
SM_V4_026,contracts/SM_V4_026_RoyaltyClaimRawSignatureKey26.sol,SM_RoyaltyClaimRawSignatureKey26,SM,SignatureMalleabilityDetector,SignatureReplayDetector,SignatureMalleabilityDetector,vulnerable,4_raw_signature_uniqueness_key,ABI-encoded raw signature hash used as uniqueness key while high-s is accepted,Royalty Claim,raw/flexible ECDSA recovery with signature-derived replay key,signature-derived hash is security-critical uniqueness state,check signature-derived key then recover then consume key; auxiliary semantic variant 10,ECDSA signatures are not guaranteed to have one unique byte representation; using signature bytes or their hash as the replay key allows an equivalent signature representation to bypass consumption. Auxiliary state behavior varies independently to exercise nontrivial surrounding control/data flow.,Stock Aderyn may emit generic ecrecover warnings but does not connect malleability to a signature-derived replay mapping.,FIND signature malleability vulnerability,synthetic,EIP-2 high-s malleability,8c402eef5d96be9b301a,SM_V4_026
SM_V4_027,contracts/SM_V4_027_BatchPaymentRawSignatureKey27.sol,SM_BatchPaymentRawSignatureKey27,SM,SignatureMalleabilityDetector,SignatureReplayDetector,SignatureMalleabilityDetector,vulnerable,4_raw_signature_uniqueness_key,packed raw signature hash used as uniqueness key while alternate ECDSA form is accepted,Batch Payment,raw/flexible ECDSA recovery with signature-derived replay key,signature-derived hash is security-critical uniqueness state,check signature-derived key then recover then consume key; auxiliary semantic variant 11,ECDSA signatures are not guaranteed to have one unique byte representation; using signature bytes or their hash as the replay key allows an equivalent signature representation to bypass consumption. Auxiliary state behavior varies independently to exercise nontrivial surrounding control/data flow.,Stock Aderyn may emit generic ecrecover warnings but does not connect malleability to a signature-derived replay mapping.,FIND signature malleability vulnerability,synthetic,EIP-2 high-s malleability,12b2c1ea10fee5525398,SM_V4_027
SM_V4_028,contracts/SM_V4_028_RefundRawSignatureKey28.sol,SM_RefundRawSignatureKey28,SM,SignatureMalleabilityDetector,SignatureReplayDetector,SignatureMalleabilityDetector,vulnerable,4_raw_signature_uniqueness_key,r/s/v serialization is hashed before v normalization and used as the replay identity,Signed Refund,raw/flexible ECDSA recovery with signature-derived replay key,signature-derived hash is security-critical uniqueness state,check signature-derived key then recover then consume key; auxiliary semantic variant 12,ECDSA signatures are not guaranteed to have one unique byte representation; using signature bytes or their hash as the replay key allows an equivalent signature representation to bypass consumption. Auxiliary state behavior varies independently to exercise nontrivial surrounding control/data flow.,Stock Aderyn may emit generic ecrecover warnings but does not connect malleability to a signature-derived replay mapping.,FIND signature malleability vulnerability,historically-inspired,TCH-style pre-normalization identity mismatch,aefa2f2337d9f96c053d,SM_V4_028
SM_V4_029,contracts/SM_V4_029_TicketRedeemRawSignatureKey29.sol,SM_TicketRedeemRawSignatureKey29,SM,SignatureMalleabilityDetector,SignatureReplayDetector,SignatureMalleabilityDetector,vulnerable,4_raw_signature_uniqueness_key,reconstructed signature bytes are used as one-time identity without low-s canonicality,Ticket Redemption,raw/flexible ECDSA recovery with signature-derived replay key,signature-derived hash is security-critical uniqueness state,check signature-derived key then recover then consume key; auxiliary semantic variant 13,ECDSA signatures are not guaranteed to have one unique byte representation; using signature bytes or their hash as the replay key allows an equivalent signature representation to bypass consumption. Auxiliary state behavior varies independently to exercise nontrivial surrounding control/data flow.,Stock Aderyn may emit generic ecrecover warnings but does not connect malleability to a signature-derived replay mapping.,FIND signature malleability vulnerability,synthetic,EIP-2 high-s malleability,9be59ffbb39e89812f6f,SM_V4_029
SM_V4_030,contracts/SM_V4_030_SubscriptionRawSignatureKey30.sol,SM_SubscriptionRawSignatureKey30,SM,SignatureMalleabilityDetector,SignatureReplayDetector,SignatureMalleabilityDetector,vulnerable,4_raw_signature_uniqueness_key,hashing raw signature with a different hash function does not make the identity canonical,Subscription Charge,raw/flexible ECDSA recovery with signature-derived replay key,signature-derived hash is security-critical uniqueness state,check signature-derived key then recover then consume key; auxiliary semantic variant 14,ECDSA signatures are not guaranteed to have one unique byte representation; using signature bytes or their hash as the replay key allows an equivalent signature representation to bypass consumption. Auxiliary state behavior varies independently to exercise nontrivial surrounding control/data flow.,Stock Aderyn may emit generic ecrecover warnings but does not connect malleability to a signature-derived replay mapping.,FIND signature malleability vulnerability,synthetic,raw-signature uniqueness anti-pattern,928f504054eff6226d20,SM_V4_030
SM_S1_001,contracts/SM_S1_001_GaslessTransferSafeRawCanonical01.sol,SM_GaslessTransferSafeRawCanonical01,SM,SignatureMalleabilityDetector,,SignatureMalleabilityDetector,safe,safe_canonical_raw_recovery,raw ecrecover guarded by strict low-s and v checks,Gasless Transfer,direct raw ecrecover with explicit canonicality checks,strict low-s and canonical v,canonicality guard before state change,Raw ecrecover is deliberately retained but signature canonicality is enforced before authorization.,"Stock Aderyn should still report generic ecrecover, demonstrating poor specificity for malleability.",DO NOT FIND malleability vulnerability,standards-inspired,EIP-2 and OpenZeppelin ECDSA canonicality rules,c4f647a09382c36dd2fe,SM_S1_001
SM_S1_002,contracts/SM_S1_002_WithdrawalSafeRawCanonical02.sol,SM_WithdrawalSafeRawCanonical02,SM,SignatureMalleabilityDetector,,SignatureMalleabilityDetector,safe,safe_canonical_raw_recovery,raw ecrecover guarded by strict low-s and v checks,Signed Withdrawal,direct raw ecrecover with explicit canonicality checks,strict low-s and canonical v,canonicality guard before state change,Raw ecrecover is deliberately retained but signature canonicality is enforced before authorization.,"Stock Aderyn should still report generic ecrecover, demonstrating poor specificity for malleability.",DO NOT FIND malleability vulnerability,standards-inspired,EIP-2 and OpenZeppelin ECDSA canonicality rules,3676784feb3faa230bb6,SM_S1_002
SM_S1_003,contracts/SM_S1_003_VoucherMintSafeRawCanonical03.sol,SM_VoucherMintSafeRawCanonical03,SM,SignatureMalleabilityDetector,,SignatureMalleabilityDetector,safe,safe_canonical_raw_recovery,raw ecrecover guarded by strict low-s and v checks,Voucher Mint,direct/internal raw ecrecover with canonicality checks,"strict lower-half-order s and v in {27,28}",canonicality guard precedes recovery,Raw ecrecover is safe from ECDSA malleability here because the contract rejects high-s and noncanonical v before recovery.,"Stock Aderyn is expected to flag ecrecover generically, making this an intentional false-positive control for the stock rule.",DO NOT FIND malleability vulnerability,standards-inspired,EIP-2 and OpenZeppelin ECDSA canonicality rules,0bea5ebfd0b5ba05c5ae,SM_S1_003
SM_S1_004,contracts/SM_S1_004_BridgeReleaseSafeRawCanonical04.sol,SM_BridgeReleaseSafeRawCanonical04,SM,SignatureMalleabilityDetector,,SignatureMalleabilityDetector,safe,safe_canonical_raw_recovery,raw ecrecover guarded by strict low-s and v checks,Bridge Release,direct raw ecrecover with explicit canonicality checks,strict low-s and canonical v,canonicality guard before state change,Raw ecrecover is deliberately retained but signature canonicality is enforced before authorization.,"Stock Aderyn should still report generic ecrecover, demonstrating poor specificity for malleability.",DO NOT FIND malleability vulnerability,standards-inspired,EIP-2 and OpenZeppelin ECDSA canonicality rules,a238ee08da40541e441d,SM_S1_004
SM_S1_005,contracts/SM_S1_005_OrderFillSafeRawCanonical05.sol,SM_OrderFillSafeRawCanonical05,SM,SignatureMalleabilityDetector,,SignatureMalleabilityDetector,safe,safe_canonical_raw_recovery,raw ecrecover guarded by strict low-s and v checks,Signed Order Fill,direct raw ecrecover with explicit canonicality checks,strict low-s and canonical v,canonicality guard before state change,Raw ecrecover is deliberately retained but signature canonicality is enforced before authorization.,"Stock Aderyn should still report generic ecrecover, demonstrating poor specificity for malleability.",DO NOT FIND malleability vulnerability,standards-inspired,EIP-2 and OpenZeppelin ECDSA canonicality rules,264be2feed51c0939199,SM_S1_005
SM_S1_006,contracts/SM_S1_006_PermitLikeSafeRawCanonical06.sol,SM_PermitLikeSafeRawCanonical06,SM,SignatureMalleabilityDetector,,SignatureMalleabilityDetector,safe,safe_canonical_raw_recovery,raw ecrecover guarded by strict low-s and v checks,Permit-like Approval,direct raw ecrecover with explicit canonicality checks,strict low-s and canonical v,canonicality guard before state change,Raw ecrecover is deliberately retained but signature canonicality is enforced before authorization.,"Stock Aderyn should still report generic ecrecover, demonstrating poor specificity for malleability.",DO NOT FIND malleability vulnerability,standards-inspired,EIP-2 and OpenZeppelin ECDSA canonicality rules,6e2f6226d10ecd680216,SM_S1_006
SM_S1_007,contracts/SM_S1_007_GovernanceVoteSafeRawCanonical07.sol,SM_GovernanceVoteSafeRawCanonical07,SM,SignatureMalleabilityDetector,,SignatureMalleabilityDetector,safe,safe_canonical_raw_recovery,raw ecrecover guarded by strict low-s and v checks,Governance Vote,direct/internal raw ecrecover with canonicality checks,"strict lower-half-order s and v in {27,28}",canonicality guard precedes recovery,Raw ecrecover is safe from ECDSA malleability here because the contract rejects high-s and noncanonical v before recovery.,"Stock Aderyn is expected to flag ecrecover generically, making this an intentional false-positive control for the stock rule.",DO NOT FIND malleability vulnerability,standards-inspired,EIP-2 and OpenZeppelin ECDSA canonicality rules,c66592dafcc9a23fc7ce,SM_S1_007
SM_S1_008,contracts/SM_S1_008_OracleUpdateSafeRawCanonical08.sol,SM_OracleUpdateSafeRawCanonical08,SM,SignatureMalleabilityDetector,,SignatureMalleabilityDetector,safe,safe_canonical_raw_recovery,raw ecrecover guarded by strict low-s and v checks,Oracle Update,direct raw ecrecover with explicit canonicality checks,strict low-s and canonical v,canonicality guard before state change,Raw ecrecover is deliberately retained but signature canonicality is enforced before authorization.,"Stock Aderyn should still report generic ecrecover, demonstrating poor specificity for malleability.",DO NOT FIND malleability vulnerability,standards-inspired,EIP-2 and OpenZeppelin ECDSA canonicality rules,c92d72a87e11a125e6d7,SM_S1_008
SM_S1_009,contracts/SM_S1_009_AdminGrantSafeRawCanonical09.sol,SM_AdminGrantSafeRawCanonical09,SM,SignatureMalleabilityDetector,,SignatureMalleabilityDetector,safe,safe_canonical_raw_recovery,raw ecrecover guarded by strict low-s and v checks,Admin Grant,direct raw ecrecover with explicit canonicality checks,strict low-s and canonical v,canonicality guard before state change,Raw ecrecover is deliberately retained but signature canonicality is enforced before authorization.,"Stock Aderyn should still report generic ecrecover, demonstrating poor specificity for malleability.",DO NOT FIND malleability vulnerability,standards-inspired,EIP-2 and OpenZeppelin ECDSA canonicality rules,6470dc34302caac1cbfd,SM_S1_009
SM_S1_010,contracts/SM_S1_010_AirdropSafeRawCanonical10.sol,SM_AirdropSafeRawCanonical10,SM,SignatureMalleabilityDetector,,SignatureMalleabilityDetector,safe,safe_canonical_raw_recovery,raw ecrecover guarded by strict low-s and v checks,Airdrop Claim,direct raw ecrecover with explicit canonicality checks,strict low-s and canonical v,canonicality guard before state change,Raw ecrecover is deliberately retained but signature canonicality is enforced before authorization.,"Stock Aderyn should still report generic ecrecover, demonstrating poor specificity for malleability.",DO NOT FIND malleability vulnerability,standards-inspired,EIP-2 and OpenZeppelin ECDSA canonicality rules,5f9b48c1d8791d121f40,SM_S1_010
SM_S1_011,contracts/SM_S1_011_VaultHarvestSafeRawCanonical11.sol,SM_VaultHarvestSafeRawCanonical11,SM,SignatureMalleabilityDetector,,SignatureMalleabilityDetector,safe,safe_canonical_raw_recovery,raw ecrecover guarded by strict low-s and v checks,Vault Harvest,direct/internal raw ecrecover with canonicality checks,"strict lower-half-order s and v in {27,28}",canonicality guard precedes recovery,Raw ecrecover is safe from ECDSA malleability here because the contract rejects high-s and noncanonical v before recovery.,"Stock Aderyn is expected to flag ecrecover generically, making this an intentional false-positive control for the stock rule.",DO NOT FIND malleability vulnerability,standards-inspired,EIP-2 and OpenZeppelin ECDSA canonicality rules,15973786753eaa1a203d,SM_S1_011
SM_S1_012,contracts/SM_S1_012_BondRedeemSafeRawCanonical12.sol,SM_BondRedeemSafeRawCanonical12,SM,SignatureMalleabilityDetector,,SignatureMalleabilityDetector,safe,safe_canonical_raw_recovery,raw ecrecover guarded by strict low-s and v checks,Bond Redeem,direct raw ecrecover with explicit canonicality checks,strict low-s and canonical v,canonicality guard before state change,Raw ecrecover is deliberately retained but signature canonicality is enforced before authorization.,"Stock Aderyn should still report generic ecrecover, demonstrating poor specificity for malleability.",DO NOT FIND malleability vulnerability,standards-inspired,EIP-2 and OpenZeppelin ECDSA canonicality rules,182a9103c6b5487f4300,SM_S1_012
SM_S1_013,contracts/SM_S1_013_FeeRebateSafeRawCanonical13.sol,SM_FeeRebateSafeRawCanonical13,SM,SignatureMalleabilityDetector,,SignatureMalleabilityDetector,safe,safe_canonical_raw_recovery,raw ecrecover guarded by strict low-s and v checks,Fee Rebate,direct raw ecrecover with explicit canonicality checks,strict low-s and canonical v,canonicality guard before state change,Raw ecrecover is deliberately retained but signature canonicality is enforced before authorization.,"Stock Aderyn should still report generic ecrecover, demonstrating poor specificity for malleability.",DO NOT FIND malleability vulnerability,standards-inspired,EIP-2 and OpenZeppelin ECDSA canonicality rules,fb6068ca0db1bf901883,SM_S1_013
SM_S1_014,contracts/SM_S1_014_SessionSpendSafeRawCanonical14.sol,SM_SessionSpendSafeRawCanonical14,SM,SignatureMalleabilityDetector,,SignatureMalleabilityDetector,safe,safe_canonical_raw_recovery,raw ecrecover guarded by strict low-s and v checks,Session Spend,direct raw ecrecover with explicit canonicality checks,strict low-s and canonical v,canonicality guard before state change,Raw ecrecover is deliberately retained but signature canonicality is enforced before authorization.,"Stock Aderyn should still report generic ecrecover, demonstrating poor specificity for malleability.",DO NOT FIND malleability vulnerability,standards-inspired,EIP-2 and OpenZeppelin ECDSA canonicality rules,c23ba14476f43fb55122,SM_S1_014
SM_S1_015,contracts/SM_S1_015_StakingExitSafeRawCanonical15.sol,SM_StakingExitSafeRawCanonical15,SM,SignatureMalleabilityDetector,,SignatureMalleabilityDetector,safe,safe_canonical_raw_recovery,raw ecrecover guarded by strict low-s and v checks,Staking Exit,direct/internal raw ecrecover with canonicality checks,"strict lower-half-order s and v in {27,28}",canonicality guard precedes recovery,Raw ecrecover is safe from ECDSA malleability here because the contract rejects high-s and noncanonical v before recovery.,"Stock Aderyn is expected to flag ecrecover generically, making this an intentional false-positive control for the stock rule.",DO NOT FIND malleability vulnerability,standards-inspired,EIP-2 and OpenZeppelin ECDSA canonicality rules,66b585bcabd6b2cdd60f,SM_S1_015
SM_S1_016,contracts/SM_S1_016_LiquidationSafeRawCanonical16.sol,SM_LiquidationSafeRawCanonical16,SM,SignatureMalleabilityDetector,,SignatureMalleabilityDetector,safe,safe_canonical_raw_recovery,raw ecrecover guarded by strict low-s and v checks,Liquidation,direct raw ecrecover with explicit canonicality checks,strict low-s and canonical v,canonicality guard before state change,Raw ecrecover is deliberately retained but signature canonicality is enforced before authorization.,"Stock Aderyn should still report generic ecrecover, demonstrating poor specificity for malleability.",DO NOT FIND malleability vulnerability,standards-inspired,EIP-2 and OpenZeppelin ECDSA canonicality rules,4ee9ececd1dc4ca680dc,SM_S1_016
SM_S1_017,contracts/SM_S1_017_LoanDrawSafeRawCanonical17.sol,SM_LoanDrawSafeRawCanonical17,SM,SignatureMalleabilityDetector,,SignatureMalleabilityDetector,safe,safe_canonical_raw_recovery,raw ecrecover guarded by strict low-s and v checks with distinct surrounding authorization state/control flow,Loan Draw,direct raw ecrecover with explicit canonicality checks,strict low-s and canonical v,canonicality guard before state change; extended safe semantic variant,Raw ecrecover is deliberately retained but signature canonicality is enforced before authorization.,"Stock Aderyn should still report generic ecrecover, demonstrating poor specificity for malleability.",DO NOT FIND malleability vulnerability,standards-inspired,EIP-2 and OpenZeppelin ECDSA canonicality rules,123fd992f56a621a7abc,SM_S1_017
SM_S1_018,contracts/SM_S1_018_SwapQuoteSafeRawCanonical18.sol,SM_SwapQuoteSafeRawCanonical18,SM,SignatureMalleabilityDetector,,SignatureMalleabilityDetector,safe,safe_canonical_raw_recovery,raw ecrecover guarded by strict low-s and v checks with distinct surrounding authorization state/control flow,Signed Swap Quote,direct raw ecrecover with explicit canonicality checks,strict low-s and canonical v,canonicality guard before state change; extended safe semantic variant,Raw ecrecover is deliberately retained but signature canonicality is enforced before authorization.,"Stock Aderyn should still report generic ecrecover, demonstrating poor specificity for malleability.",DO NOT FIND malleability vulnerability,standards-inspired,EIP-2 and OpenZeppelin ECDSA canonicality rules,1d5633661aaa6db2c560,SM_S1_018
SM_S1_019,contracts/SM_S1_019_TreasuryPaymentSafeRawCanonical19.sol,SM_TreasuryPaymentSafeRawCanonical19,SM,SignatureMalleabilityDetector,,SignatureMalleabilityDetector,safe,safe_canonical_raw_recovery,raw ecrecover guarded by strict low-s and v checks with distinct surrounding authorization state/control flow,Treasury Payment,direct/internal raw ecrecover with canonicality checks,"strict lower-half-order s and v in {27,28}",canonicality guard precedes recovery; extended safe semantic variant,Raw ecrecover is safe from ECDSA malleability here because the contract rejects high-s and noncanonical v before recovery.,"Stock Aderyn is expected to flag ecrecover generically, making this an intentional false-positive control for the stock rule.",DO NOT FIND malleability vulnerability,standards-inspired,EIP-2 and OpenZeppelin ECDSA canonicality rules,5f74bb2dd45b62f87dca,SM_S1_019
SM_S1_020,contracts/SM_S1_020_MetaTxSafeRawCanonical20.sol,SM_MetaTxSafeRawCanonical20,SM,SignatureMalleabilityDetector,,SignatureMalleabilityDetector,safe,safe_canonical_raw_recovery,raw ecrecover guarded by strict low-s and v checks with distinct surrounding authorization state/control flow,Meta-Transaction,direct raw ecrecover with explicit canonicality checks,strict low-s and canonical v,canonicality guard before state change; extended safe semantic variant,Raw ecrecover is deliberately retained but signature canonicality is enforced before authorization.,"Stock Aderyn should still report generic ecrecover, demonstrating poor specificity for malleability.",DO NOT FIND malleability vulnerability,standards-inspired,EIP-2 and OpenZeppelin ECDSA canonicality rules,fc11e9342b1f64bf8d90,SM_S1_020
SM_S2_001,contracts/SM_S2_001_LoanDrawSafeLibraryCanonical01.sol,SM_LoanDrawSafeLibraryCanonical01,SM,SignatureMalleabilityDetector,,SignatureMalleabilityDetector,safe,safe_library_canonical_recovery,canonical library recovery rejects high-s and invalid v,Loan Draw,OpenZeppelin-style canonical recover wrapper,lower-half-s and canonical v enforced inside reusable library,library-based verification,Canonical recovery semantics match established ECDSA library guidance and reject alternate high-s forms.,Stock Aderyn may only see ecrecover in the shared helper and cannot associate that primitive-level warning with this safe caller.,DO NOT FIND malleability vulnerability,standards-inspired,OpenZeppelin ECDSA canonical recovery behavior,261fef44feaab114ef24,SM_S2_001
SM_S2_002,contracts/SM_S2_002_SwapQuoteSafeLibraryCanonical02.sol,SM_SwapQuoteSafeLibraryCanonical02,SM,SignatureMalleabilityDetector,,SignatureMalleabilityDetector,safe,safe_library_canonical_recovery,canonical library recovery rejects high-s and invalid v,Signed Swap Quote,tryRecover-style canonical wrapper,lower-half-s and canonical v enforced inside reusable library,library-based verification,Canonical recovery semantics match established ECDSA library guidance and reject alternate high-s forms.,Stock Aderyn may only see ecrecover in the shared helper and cannot associate that primitive-level warning with this safe caller.,DO NOT FIND malleability vulnerability,standards-inspired,OpenZeppelin ECDSA canonical recovery behavior,a7069c4f83f054baf081,SM_S2_002
SM_S2_003,contracts/SM_S2_003_TreasuryPaymentSafeLibraryCanonical03.sol,SM_TreasuryPaymentSafeLibraryCanonical03,SM,SignatureMalleabilityDetector,,SignatureMalleabilityDetector,safe,safe_library_canonical_recovery,canonical library recovery rejects high-s and invalid v,Treasury Payment,canonical recover wrapper with custom control flow,lower-half-s and canonical v enforced inside reusable library,library-based verification,Canonical recovery semantics match established ECDSA library guidance and reject alternate high-s forms.,Stock Aderyn may only see ecrecover in the shared helper and cannot associate that primitive-level warning with this safe caller.,DO NOT FIND malleability vulnerability,standards-inspired,OpenZeppelin ECDSA canonical recovery behavior,4908d769fd52dbb59876,SM_S2_003
SM_S2_004,contracts/SM_S2_004_MetaTxSafeLibraryCanonical04.sol,SM_MetaTxSafeLibraryCanonical04,SM,SignatureMalleabilityDetector,,SignatureMalleabilityDetector,safe,safe_library_canonical_recovery,canonical library recovery rejects high-s and invalid v,Meta-Transaction,boolean result from canonical recovery wrapper,lower-half-s and canonical v enforced inside reusable library,library-based verification,Canonical recovery semantics match established ECDSA library guidance and reject alternate high-s forms.,Stock Aderyn may only see ecrecover in the shared helper and cannot associate that primitive-level warning with this safe caller.,DO NOT FIND malleability vulnerability,standards-inspired,OpenZeppelin ECDSA canonical recovery behavior,c214271360df564a93ea,SM_S2_004
SM_S2_005,contracts/SM_S2_005_DelegatedTransferSafeLibraryCanonical05.sol,SM_DelegatedTransferSafeLibraryCanonical05,SM,SignatureMalleabilityDetector,,SignatureMalleabilityDetector,safe,safe_library_canonical_recovery,canonical library recovery rejects high-s and invalid v,Delegated Transfer,OpenZeppelin-style canonical recover wrapper,lower-half-s and canonical v enforced inside reusable library,library-based verification,Canonical recovery semantics match established ECDSA library guidance and reject alternate high-s forms.,Stock Aderyn may only see ecrecover in the shared helper and cannot associate that primitive-level warning with this safe caller.,DO NOT FIND malleability vulnerability,standards-inspired,OpenZeppelin ECDSA canonical recovery behavior,16925a33278dd93d0949,SM_S2_005
SM_S2_006,contracts/SM_S2_006_KeeperTaskSafeLibraryCanonical06.sol,SM_KeeperTaskSafeLibraryCanonical06,SM,SignatureMalleabilityDetector,,SignatureMalleabilityDetector,safe,safe_library_canonical_recovery,canonical library recovery rejects high-s and invalid v,Keeper Task,tryRecover-style canonical wrapper,lower-half-s and canonical v enforced inside reusable library,library-based verification,Canonical recovery semantics match established ECDSA library guidance and reject alternate high-s forms.,Stock Aderyn may only see ecrecover in the shared helper and cannot associate that primitive-level warning with this safe caller.,DO NOT FIND malleability vulnerability,standards-inspired,OpenZeppelin ECDSA canonical recovery behavior,67d9ec29e0d0279645e6,SM_S2_006
SM_S2_007,contracts/SM_S2_007_CollateralWithdrawSafeLibraryCanonical07.sol,SM_CollateralWithdrawSafeLibraryCanonical07,SM,SignatureMalleabilityDetector,,SignatureMalleabilityDetector,safe,safe_library_canonical_recovery,canonical library recovery rejects high-s and invalid v,Collateral Withdrawal,canonical recover wrapper with custom control flow,lower-half-s and canonical v enforced inside reusable library,library-based verification,Canonical recovery semantics match established ECDSA library guidance and reject alternate high-s forms.,Stock Aderyn may only see ecrecover in the shared helper and cannot associate that primitive-level warning with this safe caller.,DO NOT FIND malleability vulnerability,standards-inspired,OpenZeppelin ECDSA canonical recovery behavior,6263d2bf7cdd6d6a12fa,SM_S2_007
SM_S2_008,contracts/SM_S2_008_RFQFillSafeLibraryCanonical08.sol,SM_RFQFillSafeLibraryCanonical08,SM,SignatureMalleabilityDetector,,SignatureMalleabilityDetector,safe,safe_library_canonical_recovery,canonical library recovery rejects high-s and invalid v,RFQ Fill,boolean result from canonical recovery wrapper,lower-half-s and canonical v enforced inside reusable library,library-based verification,Canonical recovery semantics match established ECDSA library guidance and reject alternate high-s forms.,Stock Aderyn may only see ecrecover in the shared helper and cannot associate that primitive-level warning with this safe caller.,DO NOT FIND malleability vulnerability,standards-inspired,OpenZeppelin ECDSA canonical recovery behavior,e50215d037e1d28b912f,SM_S2_008
SM_S2_009,contracts/SM_S2_009_AccountRecoverySafeLibraryCanonical09.sol,SM_AccountRecoverySafeLibraryCanonical09,SM,SignatureMalleabilityDetector,,SignatureMalleabilityDetector,safe,safe_library_canonical_recovery,canonical library recovery rejects high-s and invalid v,Account Recovery,OpenZeppelin-style canonical recover wrapper,lower-half-s and canonical v enforced inside reusable library,library-based verification,Canonical recovery semantics match established ECDSA library guidance and reject alternate high-s forms.,Stock Aderyn may only see ecrecover in the shared helper and cannot associate that primitive-level warning with this safe caller.,DO NOT FIND malleability vulnerability,standards-inspired,OpenZeppelin ECDSA canonical recovery behavior,49f6566d7b7627f38bbc,SM_S2_009
SM_S2_010,contracts/SM_S2_010_RoyaltyClaimSafeLibraryCanonical10.sol,SM_RoyaltyClaimSafeLibraryCanonical10,SM,SignatureMalleabilityDetector,,SignatureMalleabilityDetector,safe,safe_library_canonical_recovery,canonical library recovery rejects high-s and invalid v,Royalty Claim,tryRecover-style canonical wrapper,lower-half-s and canonical v enforced inside reusable library,library-based verification,Canonical recovery semantics match established ECDSA library guidance and reject alternate high-s forms.,Stock Aderyn may only see ecrecover in the shared helper and cannot associate that primitive-level warning with this safe caller.,DO NOT FIND malleability vulnerability,standards-inspired,OpenZeppelin ECDSA canonical recovery behavior,8e80f8576bf234ac5d8b,SM_S2_010
SM_S2_011,contracts/SM_S2_011_BatchPaymentSafeLibraryCanonical11.sol,SM_BatchPaymentSafeLibraryCanonical11,SM,SignatureMalleabilityDetector,,SignatureMalleabilityDetector,safe,safe_library_canonical_recovery,canonical library recovery rejects high-s and invalid v,Batch Payment,canonical recover wrapper with custom control flow,lower-half-s and canonical v enforced inside reusable library,library-based verification,Canonical recovery semantics match established ECDSA library guidance and reject alternate high-s forms.,Stock Aderyn may only see ecrecover in the shared helper and cannot associate that primitive-level warning with this safe caller.,DO NOT FIND malleability vulnerability,standards-inspired,OpenZeppelin ECDSA canonical recovery behavior,7019f15741193051e633,SM_S2_011
SM_S2_012,contracts/SM_S2_012_RefundSafeLibraryCanonical12.sol,SM_RefundSafeLibraryCanonical12,SM,SignatureMalleabilityDetector,,SignatureMalleabilityDetector,safe,safe_library_canonical_recovery,canonical library recovery rejects high-s and invalid v,Signed Refund,boolean result from canonical recovery wrapper,lower-half-s and canonical v enforced inside reusable library,library-based verification,Canonical recovery semantics match established ECDSA library guidance and reject alternate high-s forms.,Stock Aderyn may only see ecrecover in the shared helper and cannot associate that primitive-level warning with this safe caller.,DO NOT FIND malleability vulnerability,standards-inspired,OpenZeppelin ECDSA canonical recovery behavior,d8ce5e5ff5dc00fd11d3,SM_S2_012
SM_S2_013,contracts/SM_S2_013_TicketRedeemSafeLibraryCanonical13.sol,SM_TicketRedeemSafeLibraryCanonical13,SM,SignatureMalleabilityDetector,,SignatureMalleabilityDetector,safe,safe_library_canonical_recovery,canonical library recovery rejects high-s and invalid v,Ticket Redemption,OpenZeppelin-style canonical recover wrapper,lower-half-s and canonical v enforced inside reusable library,library-based verification,Canonical recovery semantics match established ECDSA library guidance and reject alternate high-s forms.,Stock Aderyn may only see ecrecover in the shared helper and cannot associate that primitive-level warning with this safe caller.,DO NOT FIND malleability vulnerability,standards-inspired,OpenZeppelin ECDSA canonical recovery behavior,f6bc3bc8a451964efa9e,SM_S2_013
SM_S2_014,contracts/SM_S2_014_SubscriptionSafeLibraryCanonical14.sol,SM_SubscriptionSafeLibraryCanonical14,SM,SignatureMalleabilityDetector,,SignatureMalleabilityDetector,safe,safe_library_canonical_recovery,canonical library recovery rejects high-s and invalid v,Subscription Charge,tryRecover-style canonical wrapper,lower-half-s and canonical v enforced inside reusable library,library-based verification,Canonical recovery semantics match established ECDSA library guidance and reject alternate high-s forms.,Stock Aderyn may only see ecrecover in the shared helper and cannot associate that primitive-level warning with this safe caller.,DO NOT FIND malleability vulnerability,standards-inspired,OpenZeppelin ECDSA canonical recovery behavior,cb1f997f952c6e4d0b50,SM_S2_014
SM_S2_015,contracts/SM_S2_015_AffiliatePayoutSafeLibraryCanonical15.sol,SM_AffiliatePayoutSafeLibraryCanonical15,SM,SignatureMalleabilityDetector,,SignatureMalleabilityDetector,safe,safe_library_canonical_recovery,canonical library recovery rejects high-s and invalid v,Affiliate Payout,canonical recover wrapper with custom control flow,lower-half-s and canonical v enforced inside reusable library,library-based verification,Canonical recovery semantics match established ECDSA library guidance and reject alternate high-s forms.,Stock Aderyn may only see ecrecover in the shared helper and cannot associate that primitive-level warning with this safe caller.,DO NOT FIND malleability vulnerability,standards-inspired,OpenZeppelin ECDSA canonical recovery behavior,44dce0b5c2a6397693b4,SM_S2_015
SM_S2_016,contracts/SM_S2_016_RescueSafeLibraryCanonical16.sol,SM_RescueSafeLibraryCanonical16,SM,SignatureMalleabilityDetector,,SignatureMalleabilityDetector,safe,safe_library_canonical_recovery,canonical library recovery rejects high-s and invalid v,Asset Rescue,boolean result from canonical recovery wrapper,lower-half-s and canonical v enforced inside reusable library,library-based verification,Canonical recovery semantics match established ECDSA library guidance and reject alternate high-s forms.,Stock Aderyn may only see ecrecover in the shared helper and cannot associate that primitive-level warning with this safe caller.,DO NOT FIND malleability vulnerability,standards-inspired,OpenZeppelin ECDSA canonical recovery behavior,aca0c6bea18bff3b4a82,SM_S2_016
SM_S2_017,contracts/SM_S2_017_LoanDrawSafeLibraryCanonical17.sol,SM_LoanDrawSafeLibraryCanonical17,SM,SignatureMalleabilityDetector,,SignatureMalleabilityDetector,safe,safe_library_canonical_recovery,canonical library recovery rejects high-s and invalid v with distinct surrounding authorization state/control flow,Loan Draw,OpenZeppelin-style canonical recover wrapper,lower-half-s and canonical v enforced inside reusable library,library-based verification; extended safe semantic variant,Canonical recovery semantics match established ECDSA library guidance and reject alternate high-s forms.,Stock Aderyn may only see ecrecover in the shared helper and cannot associate that primitive-level warning with this safe caller.,DO NOT FIND malleability vulnerability,standards-inspired,OpenZeppelin ECDSA canonical recovery behavior,354839ea196566a9b5d1,SM_S2_017
SM_S2_018,contracts/SM_S2_018_SwapQuoteSafeLibraryCanonical18.sol,SM_SwapQuoteSafeLibraryCanonical18,SM,SignatureMalleabilityDetector,,SignatureMalleabilityDetector,safe,safe_library_canonical_recovery,canonical library recovery rejects high-s and invalid v with distinct surrounding authorization state/control flow,Signed Swap Quote,tryRecover-style canonical wrapper,lower-half-s and canonical v enforced inside reusable library,library-based verification; extended safe semantic variant,Canonical recovery semantics match established ECDSA library guidance and reject alternate high-s forms.,Stock Aderyn may only see ecrecover in the shared helper and cannot associate that primitive-level warning with this safe caller.,DO NOT FIND malleability vulnerability,standards-inspired,OpenZeppelin ECDSA canonical recovery behavior,4510a47bb079c76ce404,SM_S2_018
SM_S2_019,contracts/SM_S2_019_TreasuryPaymentSafeLibraryCanonical19.sol,SM_TreasuryPaymentSafeLibraryCanonical19,SM,SignatureMalleabilityDetector,,SignatureMalleabilityDetector,safe,safe_library_canonical_recovery,canonical library recovery rejects high-s and invalid v with distinct surrounding authorization state/control flow,Treasury Payment,canonical recover wrapper with custom control flow,lower-half-s and canonical v enforced inside reusable library,library-based verification; extended safe semantic variant,Canonical recovery semantics match established ECDSA library guidance and reject alternate high-s forms.,Stock Aderyn may only see ecrecover in the shared helper and cannot associate that primitive-level warning with this safe caller.,DO NOT FIND malleability vulnerability,standards-inspired,OpenZeppelin ECDSA canonical recovery behavior,076fca27ad7b4c0df429,SM_S2_019
SM_S2_020,contracts/SM_S2_020_MetaTxSafeLibraryCanonical20.sol,SM_MetaTxSafeLibraryCanonical20,SM,SignatureMalleabilityDetector,,SignatureMalleabilityDetector,safe,safe_library_canonical_recovery,canonical library recovery rejects high-s and invalid v with distinct surrounding authorization state/control flow,Meta-Transaction,boolean result from canonical recovery wrapper,lower-half-s and canonical v enforced inside reusable library,library-based verification; extended safe semantic variant,Canonical recovery semantics match established ECDSA library guidance and reject alternate high-s forms.,Stock Aderyn may only see ecrecover in the shared helper and cannot associate that primitive-level warning with this safe caller.,DO NOT FIND malleability vulnerability,standards-inspired,OpenZeppelin ECDSA canonical recovery behavior,ca5aa49ad1a94f967d57,SM_S2_020
SM_S3_001,contracts/SM_S3_001_GaslessTransferSafeFlexibleEncoding01.sol,SM_GaslessTransferSafeFlexibleEncoding01,SM,SignatureMalleabilityDetector,,SignatureMalleabilityDetector,safe,safe_flexible_representation,"64-byte and 65-byte forms accepted, but the authenticated digest is the canonical one-time key",Gasless Transfer,canonical flexible 64/65-byte recovery,message/digest/nonce uniqueness independent of signature bytes,representation normalization with canonical message state,Multiple encodings do not create a bypass because replay and authorization identity are not keyed by the serialized signature.,Stock Aderyn does not reason about why flexible encoding is safe or unsafe.,DO NOT FIND malleability vulnerability,standards-inspired,ERC-2098 and OpenZeppelin post-4.7.3 guidance,92ab8a96379d5d89a78d,SM_S3_001
SM_S3_002,contracts/SM_S3_002_WithdrawalSafeFlexibleEncoding02.sol,SM_WithdrawalSafeFlexibleEncoding02,SM,SignatureMalleabilityDetector,,SignatureMalleabilityDetector,safe,safe_flexible_representation,compact/traditional encoding normalized before verification; signed action ID controls uniqueness,Signed Withdrawal,canonical flexible 64/65-byte recovery,message/digest/nonce uniqueness independent of signature bytes,representation normalization with canonical message state,Multiple encodings do not create a bypass because replay and authorization identity are not keyed by the serialized signature.,Stock Aderyn does not reason about why flexible encoding is safe or unsafe.,DO NOT FIND malleability vulnerability,standards-inspired,ERC-2098 and OpenZeppelin post-4.7.3 guidance,442cbf765f31d4aa2be8,SM_S3_002
SM_S3_003,contracts/SM_S3_003_VoucherMintSafeFlexibleEncoding03.sol,SM_VoucherMintSafeFlexibleEncoding03,SM,SignatureMalleabilityDetector,,SignatureMalleabilityDetector,safe,safe_flexible_representation,multiple canonical encodings are accepted without using encoding identity for security,Voucher Mint,canonical ERC-2098/traditional flexible recovery,signed nonce provides representation-independent replay identity,normalization then nonce advance,Supporting both canonical encodings is safe here because security state is keyed by signed message semantics rather than raw signature bytes.,"Stock Aderyn may not report the target because recovery occurs in a helper, which demonstrates the need for semantic rather than primitive-only analysis.",DO NOT FIND malleability vulnerability,standards-inspired,ERC-2098 plus canonical replay identity,e36e83ccfcb51426f418,SM_S3_003
SM_S3_004,contracts/SM_S3_004_BridgeReleaseSafeFlexibleEncoding04.sol,SM_BridgeReleaseSafeFlexibleEncoding04,SM,SignatureMalleabilityDetector,,SignatureMalleabilityDetector,safe,safe_flexible_representation,accepted encodings share a message-derived canonical authorization key,Bridge Release,canonical flexible 64/65-byte recovery,message/digest/nonce uniqueness independent of signature bytes,representation normalization with canonical message state,Multiple encodings do not create a bypass because replay and authorization identity are not keyed by the serialized signature.,Stock Aderyn does not reason about why flexible encoding is safe or unsafe.,DO NOT FIND malleability vulnerability,standards-inspired,ERC-2098 and OpenZeppelin post-4.7.3 guidance,35b30802d71106d90c17,SM_S3_004
SM_S3_005,contracts/SM_S3_005_OrderFillSafeFlexibleEncoding05.sol,SM_OrderFillSafeFlexibleEncoding05,SM,SignatureMalleabilityDetector,,SignatureMalleabilityDetector,safe,safe_flexible_representation,"64-byte and 65-byte forms accepted, but the authenticated digest is the canonical one-time key",Signed Order Fill,canonical flexible 64/65-byte recovery,message/digest/nonce uniqueness independent of signature bytes,representation normalization with canonical message state,Multiple encodings do not create a bypass because replay and authorization identity are not keyed by the serialized signature.,Stock Aderyn does not reason about why flexible encoding is safe or unsafe.,DO NOT FIND malleability vulnerability,standards-inspired,ERC-2098 and OpenZeppelin post-4.7.3 guidance,74ed36780b159fed254b,SM_S3_005
SM_S3_006,contracts/SM_S3_006_PermitLikeSafeFlexibleEncoding06.sol,SM_PermitLikeSafeFlexibleEncoding06,SM,SignatureMalleabilityDetector,,SignatureMalleabilityDetector,safe,safe_flexible_representation,compact/traditional encoding normalized before verification; signed action ID controls uniqueness,Permit-like Approval,canonical flexible 64/65-byte recovery,message/digest/nonce uniqueness independent of signature bytes,representation normalization with canonical message state,Multiple encodings do not create a bypass because replay and authorization identity are not keyed by the serialized signature.,Stock Aderyn does not reason about why flexible encoding is safe or unsafe.,DO NOT FIND malleability vulnerability,standards-inspired,ERC-2098 and OpenZeppelin post-4.7.3 guidance,ec00350e103556cd6dbe,SM_S3_006
SM_S3_007,contracts/SM_S3_007_GovernanceVoteSafeFlexibleEncoding07.sol,SM_GovernanceVoteSafeFlexibleEncoding07,SM,SignatureMalleabilityDetector,,SignatureMalleabilityDetector,safe,safe_flexible_representation,multiple canonical encodings are accepted without using encoding identity for security,Governance Vote,canonical ERC-2098/traditional flexible recovery,signed nonce provides representation-independent replay identity,normalization then nonce advance,Supporting both canonical encodings is safe here because security state is keyed by signed message semantics rather than raw signature bytes.,"Stock Aderyn may not report the target because recovery occurs in a helper, which demonstrates the need for semantic rather than primitive-only analysis.",DO NOT FIND malleability vulnerability,standards-inspired,ERC-2098 plus canonical replay identity,0a7b71c951e0faae27c8,SM_S3_007
SM_S3_008,contracts/SM_S3_008_OracleUpdateSafeFlexibleEncoding08.sol,SM_OracleUpdateSafeFlexibleEncoding08,SM,SignatureMalleabilityDetector,,SignatureMalleabilityDetector,safe,safe_flexible_representation,accepted encodings share a message-derived canonical authorization key,Oracle Update,canonical flexible 64/65-byte recovery,message/digest/nonce uniqueness independent of signature bytes,representation normalization with canonical message state,Multiple encodings do not create a bypass because replay and authorization identity are not keyed by the serialized signature.,Stock Aderyn does not reason about why flexible encoding is safe or unsafe.,DO NOT FIND malleability vulnerability,standards-inspired,ERC-2098 and OpenZeppelin post-4.7.3 guidance,a36864e8ff5e885445f4,SM_S3_008
SM_S3_009,contracts/SM_S3_009_AdminGrantSafeFlexibleEncoding09.sol,SM_AdminGrantSafeFlexibleEncoding09,SM,SignatureMalleabilityDetector,,SignatureMalleabilityDetector,safe,safe_flexible_representation,"64-byte and 65-byte forms accepted, but the authenticated digest is the canonical one-time key",Admin Grant,canonical flexible 64/65-byte recovery,message/digest/nonce uniqueness independent of signature bytes,representation normalization with canonical message state,Multiple encodings do not create a bypass because replay and authorization identity are not keyed by the serialized signature.,Stock Aderyn does not reason about why flexible encoding is safe or unsafe.,DO NOT FIND malleability vulnerability,standards-inspired,ERC-2098 and OpenZeppelin post-4.7.3 guidance,cbb4c68860abb3877bed,SM_S3_009
SM_S3_010,contracts/SM_S3_010_AirdropSafeFlexibleEncoding10.sol,SM_AirdropSafeFlexibleEncoding10,SM,SignatureMalleabilityDetector,,SignatureMalleabilityDetector,safe,safe_flexible_representation,compact/traditional encoding normalized before verification; signed action ID controls uniqueness,Airdrop Claim,canonical flexible 64/65-byte recovery,message/digest/nonce uniqueness independent of signature bytes,representation normalization with canonical message state,Multiple encodings do not create a bypass because replay and authorization identity are not keyed by the serialized signature.,Stock Aderyn does not reason about why flexible encoding is safe or unsafe.,DO NOT FIND malleability vulnerability,standards-inspired,ERC-2098 and OpenZeppelin post-4.7.3 guidance,ba98d85725a73e752035,SM_S3_010
SM_S3_011,contracts/SM_S3_011_VaultHarvestSafeFlexibleEncoding11.sol,SM_VaultHarvestSafeFlexibleEncoding11,SM,SignatureMalleabilityDetector,,SignatureMalleabilityDetector,safe,safe_flexible_representation,multiple canonical encodings are accepted without using encoding identity for security,Vault Harvest,canonical ERC-2098/traditional flexible recovery,signed nonce provides representation-independent replay identity,normalization then nonce advance,Supporting both canonical encodings is safe here because security state is keyed by signed message semantics rather than raw signature bytes.,"Stock Aderyn may not report the target because recovery occurs in a helper, which demonstrates the need for semantic rather than primitive-only analysis.",DO NOT FIND malleability vulnerability,standards-inspired,ERC-2098 plus canonical replay identity,38db44ef7ac9eeb113e2,SM_S3_011
SM_S3_012,contracts/SM_S3_012_BondRedeemSafeFlexibleEncoding12.sol,SM_BondRedeemSafeFlexibleEncoding12,SM,SignatureMalleabilityDetector,,SignatureMalleabilityDetector,safe,safe_flexible_representation,accepted encodings share a message-derived canonical authorization key,Bond Redeem,canonical flexible 64/65-byte recovery,message/digest/nonce uniqueness independent of signature bytes,representation normalization with canonical message state,Multiple encodings do not create a bypass because replay and authorization identity are not keyed by the serialized signature.,Stock Aderyn does not reason about why flexible encoding is safe or unsafe.,DO NOT FIND malleability vulnerability,standards-inspired,ERC-2098 and OpenZeppelin post-4.7.3 guidance,c23b0a2f87fdaf29c1a0,SM_S3_012
SM_S3_013,contracts/SM_S3_013_FeeRebateSafeFlexibleEncoding13.sol,SM_FeeRebateSafeFlexibleEncoding13,SM,SignatureMalleabilityDetector,,SignatureMalleabilityDetector,safe,safe_flexible_representation,"64-byte and 65-byte forms accepted, but the authenticated digest is the canonical one-time key",Fee Rebate,canonical flexible 64/65-byte recovery,message/digest/nonce uniqueness independent of signature bytes,representation normalization with canonical message state,Multiple encodings do not create a bypass because replay and authorization identity are not keyed by the serialized signature.,Stock Aderyn does not reason about why flexible encoding is safe or unsafe.,DO NOT FIND malleability vulnerability,standards-inspired,ERC-2098 and OpenZeppelin post-4.7.3 guidance,724b7f2f84048c927871,SM_S3_013
SM_S3_014,contracts/SM_S3_014_SessionSpendSafeFlexibleEncoding14.sol,SM_SessionSpendSafeFlexibleEncoding14,SM,SignatureMalleabilityDetector,,SignatureMalleabilityDetector,safe,safe_flexible_representation,compact/traditional encoding normalized before verification; signed action ID controls uniqueness,Session Spend,canonical flexible 64/65-byte recovery,message/digest/nonce uniqueness independent of signature bytes,representation normalization with canonical message state,Multiple encodings do not create a bypass because replay and authorization identity are not keyed by the serialized signature.,Stock Aderyn does not reason about why flexible encoding is safe or unsafe.,DO NOT FIND malleability vulnerability,standards-inspired,ERC-2098 and OpenZeppelin post-4.7.3 guidance,86025b11f3933ae71565,SM_S3_014
SM_S3_015,contracts/SM_S3_015_StakingExitSafeFlexibleEncoding15.sol,SM_StakingExitSafeFlexibleEncoding15,SM,SignatureMalleabilityDetector,,SignatureMalleabilityDetector,safe,safe_flexible_representation,multiple canonical encodings are accepted without using encoding identity for security,Staking Exit,canonical ERC-2098/traditional flexible recovery,signed nonce provides representation-independent replay identity,normalization then nonce advance,Supporting both canonical encodings is safe here because security state is keyed by signed message semantics rather than raw signature bytes.,"Stock Aderyn may not report the target because recovery occurs in a helper, which demonstrates the need for semantic rather than primitive-only analysis.",DO NOT FIND malleability vulnerability,standards-inspired,ERC-2098 plus canonical replay identity,4cfef55366b9ba5c46c8,SM_S3_015
SM_S3_016,contracts/SM_S3_016_LiquidationSafeFlexibleEncoding16.sol,SM_LiquidationSafeFlexibleEncoding16,SM,SignatureMalleabilityDetector,,SignatureMalleabilityDetector,safe,safe_flexible_representation,accepted encodings share a message-derived canonical authorization key,Liquidation,canonical flexible 64/65-byte recovery,message/digest/nonce uniqueness independent of signature bytes,representation normalization with canonical message state,Multiple encodings do not create a bypass because replay and authorization identity are not keyed by the serialized signature.,Stock Aderyn does not reason about why flexible encoding is safe or unsafe.,DO NOT FIND malleability vulnerability,standards-inspired,ERC-2098 and OpenZeppelin post-4.7.3 guidance,ce60928e1936527cae8b,SM_S3_016
SM_S3_017,contracts/SM_S3_017_LoanDrawSafeFlexibleEncoding17.sol,SM_LoanDrawSafeFlexibleEncoding17,SM,SignatureMalleabilityDetector,,SignatureMalleabilityDetector,safe,safe_flexible_representation,"64-byte and 65-byte forms accepted, but the authenticated digest is the canonical one-time key with distinct surrounding authorization state/control flow",Loan Draw,canonical flexible 64/65-byte recovery,message/digest/nonce uniqueness independent of signature bytes,representation normalization with canonical message state; extended safe semantic variant,Multiple encodings do not create a bypass because replay and authorization identity are not keyed by the serialized signature.,Stock Aderyn does not reason about why flexible encoding is safe or unsafe.,DO NOT FIND malleability vulnerability,standards-inspired,ERC-2098 and OpenZeppelin post-4.7.3 guidance,aecca6d1fb66bb5904e8,SM_S3_017
SM_S3_018,contracts/SM_S3_018_SwapQuoteSafeFlexibleEncoding18.sol,SM_SwapQuoteSafeFlexibleEncoding18,SM,SignatureMalleabilityDetector,,SignatureMalleabilityDetector,safe,safe_flexible_representation,compact/traditional encoding normalized before verification; signed action ID controls uniqueness with distinct surrounding authorization state/control flow,Signed Swap Quote,canonical flexible 64/65-byte recovery,message/digest/nonce uniqueness independent of signature bytes,representation normalization with canonical message state; extended safe semantic variant,Multiple encodings do not create a bypass because replay and authorization identity are not keyed by the serialized signature.,Stock Aderyn does not reason about why flexible encoding is safe or unsafe.,DO NOT FIND malleability vulnerability,standards-inspired,ERC-2098 and OpenZeppelin post-4.7.3 guidance,3b0e118e2c7f4a2fdf61,SM_S3_018
SM_S3_019,contracts/SM_S3_019_TreasuryPaymentSafeFlexibleEncoding19.sol,SM_TreasuryPaymentSafeFlexibleEncoding19,SM,SignatureMalleabilityDetector,,SignatureMalleabilityDetector,safe,safe_flexible_representation,multiple canonical encodings are accepted without using encoding identity for security with distinct surrounding authorization state/control flow,Treasury Payment,canonical ERC-2098/traditional flexible recovery,signed nonce provides representation-independent replay identity,normalization then nonce advance; extended safe semantic variant,Supporting both canonical encodings is safe here because security state is keyed by signed message semantics rather than raw signature bytes.,"Stock Aderyn may not report the target because recovery occurs in a helper, which demonstrates the need for semantic rather than primitive-only analysis.",DO NOT FIND malleability vulnerability,standards-inspired,ERC-2098 plus canonical replay identity,f7d301a63e18f48fef51,SM_S3_019
SM_S3_020,contracts/SM_S3_020_MetaTxSafeFlexibleEncoding20.sol,SM_MetaTxSafeFlexibleEncoding20,SM,SignatureMalleabilityDetector,,SignatureMalleabilityDetector,safe,safe_flexible_representation,accepted encodings share a message-derived canonical authorization key with distinct surrounding authorization state/control flow,Meta-Transaction,canonical flexible 64/65-byte recovery,message/digest/nonce uniqueness independent of signature bytes,representation normalization with canonical message state; extended safe semantic variant,Multiple encodings do not create a bypass because replay and authorization identity are not keyed by the serialized signature.,Stock Aderyn does not reason about why flexible encoding is safe or unsafe.,DO NOT FIND malleability vulnerability,standards-inspired,ERC-2098 and OpenZeppelin post-4.7.3 guidance,6f4b53706bac2ff3aa79,SM_S3_020
SM_S4_001,contracts/SM_S4_001_LoanDrawSafeMessageIdentity01.sol,SM_LoanDrawSafeMessageIdentity01,SM,SignatureMalleabilityDetector,,SignatureMalleabilityDetector,safe,safe_message_based_uniqueness,raw signature hash exists only as telemetry; digest controls one-time authorization,Loan Draw,canonical ECDSA recovery,digest/nonce/authorization identity rather than raw signature,canonical signature plus message-derived replay state,The contract never treats raw signature bytes as the security identity; canonical recovery and message-based uniqueness remove the malleability bypass.,Stock Aderyn cannot tell that the chosen uniqueness key is safe and may emit only generic helper-level ecrecover output.,DO NOT FIND malleability vulnerability,standards-inspired,OpenZeppelin guidance: do not use signatures as unique identifiers,cb29445a131a971f415f,SM_S4_001
SM_S4_002,contracts/SM_S4_002_SwapQuoteSafeMessageIdentity02.sol,SM_SwapQuoteSafeMessageIdentity02,SM,SignatureMalleabilityDetector,,SignatureMalleabilityDetector,safe,safe_message_based_uniqueness,"signed authorization ID, not signature serialization, is the uniqueness key",Signed Swap Quote,canonical ECDSA recovery,digest/nonce/authorization identity rather than raw signature,canonical signature plus message-derived replay state,The contract never treats raw signature bytes as the security identity; canonical recovery and message-based uniqueness remove the malleability bypass.,Stock Aderyn cannot tell that the chosen uniqueness key is safe and may emit only generic helper-level ecrecover output.,DO NOT FIND malleability vulnerability,standards-inspired,OpenZeppelin guidance: do not use signatures as unique identifiers,08563e7a1f1a112d0f4f,SM_S4_002
SM_S4_003,contracts/SM_S4_003_TreasuryPaymentSafeMessageIdentity03.sol,SM_TreasuryPaymentSafeMessageIdentity03,SM,SignatureMalleabilityDetector,,SignatureMalleabilityDetector,safe,safe_message_based_uniqueness,signed principal nonce provides canonical replay identity,Treasury Payment,canonical ECDSA recovery,digest/nonce/authorization identity rather than raw signature,canonical signature plus message-derived replay state,The contract never treats raw signature bytes as the security identity; canonical recovery and message-based uniqueness remove the malleability bypass.,Stock Aderyn cannot tell that the chosen uniqueness key is safe and may emit only generic helper-level ecrecover output.,DO NOT FIND malleability vulnerability,standards-inspired,OpenZeppelin guidance: do not use signatures as unique identifiers,87406ba667b50f9a84d1,SM_S4_003
SM_S4_004,contracts/SM_S4_004_MetaTxSafeMessageIdentity04.sol,SM_MetaTxSafeMessageIdentity04,SM,SignatureMalleabilityDetector,,SignatureMalleabilityDetector,safe,safe_message_based_uniqueness,message-derived key remains invariant across any alternative signature serialization,Meta-Transaction,canonical ECDSA recovery,digest/nonce/authorization identity rather than raw signature,canonical signature plus message-derived replay state,The contract never treats raw signature bytes as the security identity; canonical recovery and message-based uniqueness remove the malleability bypass.,Stock Aderyn cannot tell that the chosen uniqueness key is safe and may emit only generic helper-level ecrecover output.,DO NOT FIND malleability vulnerability,standards-inspired,OpenZeppelin guidance: do not use signatures as unique identifiers,4225fd07f211be23be57,SM_S4_004
SM_S4_005,contracts/SM_S4_005_DelegatedTransferSafeMessageIdentity05.sol,SM_DelegatedTransferSafeMessageIdentity05,SM,SignatureMalleabilityDetector,,SignatureMalleabilityDetector,safe,safe_message_based_uniqueness,raw signature hash exists only as telemetry; digest controls one-time authorization,Delegated Transfer,canonical ECDSA recovery,digest/nonce/authorization identity rather than raw signature,canonical signature plus message-derived replay state,The contract never treats raw signature bytes as the security identity; canonical recovery and message-based uniqueness remove the malleability bypass.,Stock Aderyn cannot tell that the chosen uniqueness key is safe and may emit only generic helper-level ecrecover output.,DO NOT FIND malleability vulnerability,standards-inspired,OpenZeppelin guidance: do not use signatures as unique identifiers,109f5d9221a6e756f0b5,SM_S4_005
SM_S4_006,contracts/SM_S4_006_KeeperTaskSafeMessageIdentity06.sol,SM_KeeperTaskSafeMessageIdentity06,SM,SignatureMalleabilityDetector,,SignatureMalleabilityDetector,safe,safe_message_based_uniqueness,"signed authorization ID, not signature serialization, is the uniqueness key",Keeper Task,canonical ECDSA recovery,digest/nonce/authorization identity rather than raw signature,canonical signature plus message-derived replay state,The contract never treats raw signature bytes as the security identity; canonical recovery and message-based uniqueness remove the malleability bypass.,Stock Aderyn cannot tell that the chosen uniqueness key is safe and may emit only generic helper-level ecrecover output.,DO NOT FIND malleability vulnerability,standards-inspired,OpenZeppelin guidance: do not use signatures as unique identifiers,cd1711711749275ed8e5,SM_S4_006
SM_S4_007,contracts/SM_S4_007_CollateralWithdrawSafeMessageIdentity07.sol,SM_CollateralWithdrawSafeMessageIdentity07,SM,SignatureMalleabilityDetector,,SignatureMalleabilityDetector,safe,safe_message_based_uniqueness,signed principal nonce provides canonical replay identity,Collateral Withdrawal,canonical ECDSA recovery,digest/nonce/authorization identity rather than raw signature,canonical signature plus message-derived replay state,The contract never treats raw signature bytes as the security identity; canonical recovery and message-based uniqueness remove the malleability bypass.,Stock Aderyn cannot tell that the chosen uniqueness key is safe and may emit only generic helper-level ecrecover output.,DO NOT FIND malleability vulnerability,standards-inspired,OpenZeppelin guidance: do not use signatures as unique identifiers,c827f174e59284094374,SM_S4_007
SM_S4_008,contracts/SM_S4_008_RFQFillSafeMessageIdentity08.sol,SM_RFQFillSafeMessageIdentity08,SM,SignatureMalleabilityDetector,,SignatureMalleabilityDetector,safe,safe_message_based_uniqueness,message-derived key remains invariant across any alternative signature serialization,RFQ Fill,canonical ECDSA recovery,digest/nonce/authorization identity rather than raw signature,canonical signature plus message-derived replay state,The contract never treats raw signature bytes as the security identity; canonical recovery and message-based uniqueness remove the malleability bypass.,Stock Aderyn cannot tell that the chosen uniqueness key is safe and may emit only generic helper-level ecrecover output.,DO NOT FIND malleability vulnerability,standards-inspired,OpenZeppelin guidance: do not use signatures as unique identifiers,c1b3ce7f22382206ec45,SM_S4_008
SM_S4_009,contracts/SM_S4_009_AccountRecoverySafeMessageIdentity09.sol,SM_AccountRecoverySafeMessageIdentity09,SM,SignatureMalleabilityDetector,,SignatureMalleabilityDetector,safe,safe_message_based_uniqueness,raw signature hash exists only as telemetry; digest controls one-time authorization,Account Recovery,canonical ECDSA recovery,digest/nonce/authorization identity rather than raw signature,canonical signature plus message-derived replay state; distinct auxiliary semantic state,The contract never treats raw signature bytes as the security identity; canonical recovery and message-based uniqueness remove the malleability bypass.,Stock Aderyn cannot tell that the chosen uniqueness key is safe and may emit only generic helper-level ecrecover output.,DO NOT FIND malleability vulnerability,standards-inspired,OpenZeppelin guidance: do not use signatures as unique identifiers,cb94a7c8cd14bfa33e42,SM_S4_009
SM_S4_010,contracts/SM_S4_010_RoyaltyClaimSafeMessageIdentity10.sol,SM_RoyaltyClaimSafeMessageIdentity10,SM,SignatureMalleabilityDetector,,SignatureMalleabilityDetector,safe,safe_message_based_uniqueness,"signed authorization ID, not signature serialization, is the uniqueness key",Royalty Claim,canonical ECDSA recovery,digest/nonce/authorization identity rather than raw signature,canonical signature plus message-derived replay state; distinct auxiliary semantic state,The contract never treats raw signature bytes as the security identity; canonical recovery and message-based uniqueness remove the malleability bypass.,Stock Aderyn cannot tell that the chosen uniqueness key is safe and may emit only generic helper-level ecrecover output.,DO NOT FIND malleability vulnerability,standards-inspired,OpenZeppelin guidance: do not use signatures as unique identifiers,c23b29721ee88e7678cf,SM_S4_010
SM_S4_011,contracts/SM_S4_011_BatchPaymentSafeMessageIdentity11.sol,SM_BatchPaymentSafeMessageIdentity11,SM,SignatureMalleabilityDetector,,SignatureMalleabilityDetector,safe,safe_message_based_uniqueness,signed principal nonce provides canonical replay identity,Batch Payment,canonical ECDSA recovery,digest/nonce/authorization identity rather than raw signature,canonical signature plus message-derived replay state; distinct auxiliary semantic state,The contract never treats raw signature bytes as the security identity; canonical recovery and message-based uniqueness remove the malleability bypass.,Stock Aderyn cannot tell that the chosen uniqueness key is safe and may emit only generic helper-level ecrecover output.,DO NOT FIND malleability vulnerability,standards-inspired,OpenZeppelin guidance: do not use signatures as unique identifiers,a98d48da2bb0ff99e640,SM_S4_011
SM_S4_012,contracts/SM_S4_012_RefundSafeMessageIdentity12.sol,SM_RefundSafeMessageIdentity12,SM,SignatureMalleabilityDetector,,SignatureMalleabilityDetector,safe,safe_message_based_uniqueness,message-derived key remains invariant across any alternative signature serialization,Signed Refund,canonical ECDSA recovery,digest/nonce/authorization identity rather than raw signature,canonical signature plus message-derived replay state; distinct auxiliary semantic state,The contract never treats raw signature bytes as the security identity; canonical recovery and message-based uniqueness remove the malleability bypass.,Stock Aderyn cannot tell that the chosen uniqueness key is safe and may emit only generic helper-level ecrecover output.,DO NOT FIND malleability vulnerability,standards-inspired,OpenZeppelin guidance: do not use signatures as unique identifiers,aed2fb9b9a16ee9917de,SM_S4_012
SM_A_001,contracts/SM_A_001_GaslessTransferAdversarialSafe01.sol,SM_GaslessTransferAdversarialSafe01,SM,SignatureMalleabilityDetector,,SignatureMalleabilityDetector,safe,adversarial_safe_control,"API intentionally accepts only parity 0/1, then canonicalizes to 27/28 after strict range check",Gasless Transfer,canonical recovery in a syntactically tricky pattern,security state remains representation-independent,adversarial safe control,This contract intentionally resembles a malleability anti-pattern but enforces canonical recovery and/or avoids using serialized signature identity for authorization.,Stock Aderyn may flag raw ecrecover controls despite their canonicality or miss helper-based controls entirely.,DO NOT FIND malleability vulnerability,synthetic,"Adversarial control derived from EIP-2, ERC-2098, and OpenZeppelin guidance",f4f3f2421584e74006cc,SM_A_001
SM_A_002,contracts/SM_A_002_WithdrawalAdversarialSafe02.sol,SM_WithdrawalAdversarialSafe02,SM,SignatureMalleabilityDetector,,SignatureMalleabilityDetector,safe,adversarial_safe_control,signature hash is computed but is not the security uniqueness key,Signed Withdrawal,canonical recovery in a syntactically tricky pattern,security state remains representation-independent,adversarial safe control,This contract intentionally resembles a malleability anti-pattern but enforces canonical recovery and/or avoids using serialized signature identity for authorization.,Stock Aderyn may flag raw ecrecover controls despite their canonicality or miss helper-based controls entirely.,DO NOT FIND malleability vulnerability,synthetic,"Adversarial control derived from EIP-2, ERC-2098, and OpenZeppelin guidance",47d037dc44534e76079c,SM_A_002
SM_A_003,contracts/SM_A_003_VoucherMintAdversarialSafe03.sol,SM_VoucherMintAdversarialSafe03,SM,SignatureMalleabilityDetector,,SignatureMalleabilityDetector,safe,adversarial_safe_control,raw ecrecover with equivalent low-s bound expressed through a local variable,Voucher Mint,canonical recovery in a syntactically tricky pattern,security state remains representation-independent,adversarial safe control,This contract intentionally resembles a malleability anti-pattern but enforces canonical recovery and/or avoids using serialized signature identity for authorization.,Stock Aderyn may flag raw ecrecover controls despite their canonicality or miss helper-based controls entirely.,DO NOT FIND malleability vulnerability,synthetic,"Adversarial control derived from EIP-2, ERC-2098, and OpenZeppelin guidance",2e2f12cc379f5b7e4026,SM_A_003
SM_A_004,contracts/SM_A_004_BridgeReleaseAdversarialSafe04.sol,SM_BridgeReleaseAdversarialSafe04,SM,SignatureMalleabilityDetector,,SignatureMalleabilityDetector,safe,adversarial_safe_control,accepts compact and traditional forms but signed nonce prevents representation replay,Bridge Release,canonical recovery in a syntactically tricky pattern,security state remains representation-independent,adversarial safe control,This contract intentionally resembles a malleability anti-pattern but enforces canonical recovery and/or avoids using serialized signature identity for authorization.,Stock Aderyn may flag raw ecrecover controls despite their canonicality or miss helper-based controls entirely.,DO NOT FIND malleability vulnerability,synthetic,"Adversarial control derived from EIP-2, ERC-2098, and OpenZeppelin guidance",43aec339248e59047b2e,SM_A_004
SM_A_005,contracts/SM_A_005_OrderFillAdversarialSafe05.sol,SM_OrderFillAdversarialSafe05,SM,SignatureMalleabilityDetector,,SignatureMalleabilityDetector,safe,adversarial_safe_control,signature-derived hash is stored only for observation after canonical verification,Signed Order Fill,canonical recovery in a syntactically tricky pattern,security state remains representation-independent,adversarial safe control,This contract intentionally resembles a malleability anti-pattern but enforces canonical recovery and/or avoids using serialized signature identity for authorization.,Stock Aderyn may flag raw ecrecover controls despite their canonicality or miss helper-based controls entirely.,DO NOT FIND malleability vulnerability,synthetic,"Adversarial control derived from EIP-2, ERC-2098, and OpenZeppelin guidance",698b6bb6f235decd1f4e,SM_A_005
SM_A_006,contracts/SM_A_006_PermitLikeAdversarialSafe06.sol,SM_PermitLikeAdversarialSafe06,SM,SignatureMalleabilityDetector,,SignatureMalleabilityDetector,safe,adversarial_safe_control,"denylist is keyed by message digest, not by serialized signature",Permit-like Approval,canonical recovery in a syntactically tricky pattern,security state remains representation-independent,adversarial safe control,This contract intentionally resembles a malleability anti-pattern but enforces canonical recovery and/or avoids using serialized signature identity for authorization.,Stock Aderyn may flag raw ecrecover controls despite their canonicality or miss helper-based controls entirely.,DO NOT FIND malleability vulnerability,synthetic,"Adversarial control derived from EIP-2, ERC-2098, and OpenZeppelin guidance",326c6b5a08c9af0bf3c8,SM_A_006
SM_A_007,contracts/SM_A_007_GovernanceVoteAdversarialSafe07.sol,SM_GovernanceVoteAdversarialSafe07,SM,SignatureMalleabilityDetector,,SignatureMalleabilityDetector,safe,adversarial_safe_control,strict canonical checks expressed as numeric ranges rather than equality disjunctions,Governance Vote,canonical recovery in a syntactically tricky pattern,security state remains representation-independent,adversarial safe control,This contract intentionally resembles a malleability anti-pattern but enforces canonical recovery and/or avoids using serialized signature identity for authorization.,Stock Aderyn may flag raw ecrecover controls despite their canonicality or miss helper-based controls entirely.,DO NOT FIND malleability vulnerability,synthetic,"Adversarial control derived from EIP-2, ERC-2098, and OpenZeppelin guidance",da512e89ab69cce63299,SM_A_007
SM_A_008,contracts/SM_A_008_OracleUpdateAdversarialSafe08.sol,SM_OracleUpdateAdversarialSafe08,SM,SignatureMalleabilityDetector,,SignatureMalleabilityDetector,safe,adversarial_safe_control,flexible encoding plus canonical message identity should not be confused with CVE-style signature identity,Oracle Update,canonical recovery in a syntactically tricky pattern,security state remains representation-independent,adversarial safe control,This contract intentionally resembles a malleability anti-pattern but enforces canonical recovery and/or avoids using serialized signature identity for authorization.,Stock Aderyn may flag raw ecrecover controls despite their canonicality or miss helper-based controls entirely.,DO NOT FIND malleability vulnerability,synthetic,"Adversarial control derived from EIP-2, ERC-2098, and OpenZeppelin guidance",452b79823889d7ef1ef1,SM_A_008
SM_A_009,contracts/SM_A_009_AdminGrantAdversarialSafe09.sol,SM_AdminGrantAdversarialSafe09,SM,SignatureMalleabilityDetector,,SignatureMalleabilityDetector,safe,adversarial_safe_control,"API intentionally accepts only parity 0/1, then canonicalizes to 27/28 after strict range check",Admin Grant,canonical recovery in a syntactically tricky pattern,security state remains representation-independent,adversarial safe control; distinct auxiliary semantic state,This contract intentionally resembles a malleability anti-pattern but enforces canonical recovery and/or avoids using serialized signature identity for authorization.,Stock Aderyn may flag raw ecrecover controls despite their canonicality or miss helper-based controls entirely.,DO NOT FIND malleability vulnerability,synthetic,"Adversarial control derived from EIP-2, ERC-2098, and OpenZeppelin guidance",b5330982caa6561864b5,SM_A_009
SM_A_010,contracts/SM_A_010_AirdropAdversarialSafe10.sol,SM_AirdropAdversarialSafe10,SM,SignatureMalleabilityDetector,,SignatureMalleabilityDetector,safe,adversarial_safe_control,signature hash is computed but is not the security uniqueness key,Airdrop Claim,canonical recovery in a syntactically tricky pattern,security state remains representation-independent,adversarial safe control; distinct auxiliary semantic state,This contract intentionally resembles a malleability anti-pattern but enforces canonical recovery and/or avoids using serialized signature identity for authorization.,Stock Aderyn may flag raw ecrecover controls despite their canonicality or miss helper-based controls entirely.,DO NOT FIND malleability vulnerability,synthetic,"Adversarial control derived from EIP-2, ERC-2098, and OpenZeppelin guidance",8852ef43b0ef75463159,SM_A_010
SM_A_011,contracts/SM_A_011_VaultHarvestAdversarialSafe11.sol,SM_VaultHarvestAdversarialSafe11,SM,SignatureMalleabilityDetector,,SignatureMalleabilityDetector,safe,adversarial_safe_control,raw ecrecover with equivalent low-s bound expressed through a local variable,Vault Harvest,canonical recovery in a syntactically tricky pattern,security state remains representation-independent,adversarial safe control; distinct auxiliary semantic state,This contract intentionally resembles a malleability anti-pattern but enforces canonical recovery and/or avoids using serialized signature identity for authorization.,Stock Aderyn may flag raw ecrecover controls despite their canonicality or miss helper-based controls entirely.,DO NOT FIND malleability vulnerability,synthetic,"Adversarial control derived from EIP-2, ERC-2098, and OpenZeppelin guidance",bb864d349c11a5d377c8,SM_A_011
SM_A_012,contracts/SM_A_012_BondRedeemAdversarialSafe12.sol,SM_BondRedeemAdversarialSafe12,SM,SignatureMalleabilityDetector,,SignatureMalleabilityDetector,safe,adversarial_safe_control,accepts compact and traditional forms but signed nonce prevents representation replay,Bond Redeem,canonical recovery in a syntactically tricky pattern,security state remains representation-independent,adversarial safe control; distinct auxiliary semantic state,This contract intentionally resembles a malleability anti-pattern but enforces canonical recovery and/or avoids using serialized signature identity for authorization.,Stock Aderyn may flag raw ecrecover controls despite their canonicality or miss helper-based controls entirely.,DO NOT FIND malleability vulnerability,synthetic,"Adversarial control derived from EIP-2, ERC-2098, and OpenZeppelin guidance",158a6293263b8dae58e8,SM_A_012
