case_id,filename,contract_name,detector_family,primary_detector,secondary_detectors,label_scope,label,vulnerability_class,subproblem,application_context,verification_mechanism,protection_mechanism,control_flow_shape,rationale,expected_stock_aderyn_0_6_8,expected_custom_detector,source_class,research_basis,semantic_fingerprint,original_case_id
SR_V1_001,contracts/SR_V1_001_GaslessTransferNoOneTimeNone01.sol,SR_GaslessTransferNoOneTimeNone01,SR,SignatureReplayDetector,,SignatureReplayDetector,vulnerable,1_absence_of_effective_one_time_protection,No effective one-time replay protection (none),Gasless Transfer,builtin ecrecover,no persistent replay protection,single entry point; verification followed by sensitive state change,"No nonce, digest registry, authorization state, or equivalent one-time state exists.",No dedicated replay finding expected; stock Aderyn may emit its generic low-severity ecrecover/signature-malleability warning.,FIND replay vulnerability,synthetic,Synthetic replay fixture,db68bc1f9343db64739e,V1_001
SR_V1_002,contracts/SR_V1_002_WithdrawalNoOneTimeNone02.sol,SR_WithdrawalNoOneTimeNone02,SR,SignatureReplayDetector,,SignatureReplayDetector,vulnerable,1_absence_of_effective_one_time_protection,No effective one-time replay protection (none),Signed Withdrawal,self-contained ECDSA.recover-style library,no persistent replay protection,single entry point; verification followed by sensitive state change,"No nonce, digest registry, authorization state, or equivalent one-time state exists.",No dedicated replay finding expected; generic ecrecover-related output may occur in the shared helper but does not classify replay.,FIND replay vulnerability,synthetic,Synthetic replay fixture,84c20f48d64cec6ac338,V1_002
SR_V1_003,contracts/SR_V1_003_VoucherMintNoOneTimeNone03.sol,SR_VoucherMintNoOneTimeNone03,SR,SignatureReplayDetector,,SignatureReplayDetector,vulnerable,1_absence_of_effective_one_time_protection,No effective one-time replay protection (none),Voucher Mint,self-contained ECDSA.tryRecover-style library,no persistent replay protection,single entry point; verification followed by sensitive state change,"No nonce, digest registry, authorization state, or equivalent one-time state exists.",No dedicated replay finding expected; generic ecrecover-related output may occur in the shared helper but does not classify replay.,FIND replay vulnerability,synthetic,Synthetic replay fixture,9c75323f8bef3a5bccd5,V1_003
SR_V1_004,contracts/SR_V1_004_RewardClaimNoOneTimeNone04.sol,SR_RewardClaimNoOneTimeNone04,SR,SignatureReplayDetector,,SignatureReplayDetector,vulnerable,1_absence_of_effective_one_time_protection,No effective one-time replay protection (none),Reward Claim,internal signature-verification wrapper,no persistent replay protection,single entry point; verification followed by sensitive state change,"No nonce, digest registry, authorization state, or equivalent one-time state exists.",No dedicated replay finding expected; generic ecrecover-related output may occur in the shared helper but does not classify replay.,FIND replay vulnerability,synthetic,Synthetic replay fixture,415324e5c84f9839d851,V1_004
SR_V1_005,contracts/SR_V1_005_BridgeReleaseNoOneTimeNone05.sol,SR_BridgeReleaseNoOneTimeNone05,SR,SignatureReplayDetector,,SignatureReplayDetector,vulnerable,1_absence_of_effective_one_time_protection,No effective one-time replay protection (none),Bridge Release,two-level internal verification wrapper,no persistent replay protection,single entry point; verification followed by sensitive state change,"No nonce, digest registry, authorization state, or equivalent one-time state exists.",No dedicated replay finding expected; generic ecrecover-related output may occur in the shared helper but does not classify replay.,FIND replay vulnerability,synthetic,Synthetic replay fixture,15e42024461272741773,V1_005
SR_V1_006,contracts/SR_V1_006_DelegatedVoteNoOneTimeNone06.sol,SR_DelegatedVoteNoOneTimeNone06,SR,SignatureReplayDetector,,SignatureReplayDetector,vulnerable,1_absence_of_effective_one_time_protection,No effective one-time replay protection (none),Delegated Vote,external verifier interface,no persistent replay protection,single entry point; verification followed by sensitive state change,"No nonce, digest registry, authorization state, or equivalent one-time state exists.",No dedicated replay finding expected; an unrelated external-call/reentrancy-style warning may appear when state writes follow verification.,FIND replay vulnerability,synthetic,Synthetic replay fixture,553298f97c81cbf4da8a,V1_006
SR_V1_007,contracts/SR_V1_007_OrderFillNoOneTimeNone07.sol,SR_OrderFillNoOneTimeNone07,SR,SignatureReplayDetector,,SignatureReplayDetector,vulnerable,1_absence_of_effective_one_time_protection,No effective one-time replay protection (none),Signed Order Fill,ERC-1271 isValidSignature,no persistent replay protection,single entry point; verification followed by sensitive state change,"No nonce, digest registry, authorization state, or equivalent one-time state exists.",No dedicated replay finding expected; an unrelated external-call/reentrancy-style warning may appear when state writes follow verification.,FIND replay vulnerability,synthetic,Synthetic replay fixture,a6f9649fd4b44a0ae06b,V1_007
SR_V1_008,contracts/SR_V1_008_EscrowReleaseNoOneTimeNone08.sol,SR_EscrowReleaseNoOneTimeNone08,SR,SignatureReplayDetector,,SignatureReplayDetector,vulnerable,1_absence_of_effective_one_time_protection,No effective one-time replay protection (none),Escrow Release,SignatureChecker-style EOA/ERC-1271 abstraction,no persistent replay protection,single entry point; verification followed by sensitive state change,"No nonce, digest registry, authorization state, or equivalent one-time state exists.",No dedicated replay finding expected; findings may point only to helper-library ecrecover/external-call code rather than replay semantics.,FIND replay vulnerability,synthetic,Synthetic replay fixture,6bb4e0f43f28676dc639,V1_008
SR_V1_009,contracts/SR_V1_009_BurnNoOneTimeSignedNonce09.sol,SR_BurnNoOneTimeSignedNonce09,SR,SignatureReplayDetector,,SignatureReplayDetector,vulnerable,1_absence_of_effective_one_time_protection,No effective one-time replay protection (signed_nonce),Signed Burn,inherited verification helper,caller-supplied signed nonce with no on-chain nonce state,single entry point; verification followed by sensitive state change,A value named nonce is authenticated but is not compared with or consumed from persistent state.,No dedicated replay finding expected; generic ecrecover-related output may occur in the shared helper but does not classify replay.,FIND replay vulnerability,synthetic,Synthetic replay fixture,b8c4e5bfce7e0d1c7bda,V1_009
SR_V1_010,contracts/SR_V1_010_AdminGrantNoOneTimeSignedNonce10.sol,SR_AdminGrantNoOneTimeSignedNonce10,SR,SignatureReplayDetector,,SignatureReplayDetector,vulnerable,1_absence_of_effective_one_time_protection,No effective one-time replay protection (signed_nonce),Admin Grant,builtin ecrecover,caller-supplied signed nonce with no on-chain nonce state,single entry point; verification followed by sensitive state change,A value named nonce is authenticated but is not compared with or consumed from persistent state.,No dedicated replay finding expected; stock Aderyn may emit its generic low-severity ecrecover/signature-malleability warning.,FIND replay vulnerability,synthetic,Synthetic replay fixture,25e06fd64d60fc55cdb2,V1_010
SR_V1_011,contracts/SR_V1_011_FeeRebateNoOneTimeSignedNonce11.sol,SR_FeeRebateNoOneTimeSignedNonce11,SR,SignatureReplayDetector,,SignatureReplayDetector,vulnerable,1_absence_of_effective_one_time_protection,No effective one-time replay protection (signed_nonce),Fee Rebate,self-contained ECDSA.recover-style library,caller-supplied signed nonce with no on-chain nonce state,single entry point; verification followed by sensitive state change,A value named nonce is authenticated but is not compared with or consumed from persistent state.,No dedicated replay finding expected; generic ecrecover-related output may occur in the shared helper but does not classify replay.,FIND replay vulnerability,synthetic,Synthetic replay fixture,6025eb3ba1c35b93ca3c,V1_011
SR_V1_012,contracts/SR_V1_012_ReferralPayoutNoOneTimeSignedNonce12.sol,SR_ReferralPayoutNoOneTimeSignedNonce12,SR,SignatureReplayDetector,,SignatureReplayDetector,vulnerable,1_absence_of_effective_one_time_protection,No effective one-time replay protection (signed_nonce),Referral Payout,self-contained ECDSA.tryRecover-style library,caller-supplied signed nonce with no on-chain nonce state,single entry point; verification followed by sensitive state change,A value named nonce is authenticated but is not compared with or consumed from persistent state.,No dedicated replay finding expected; generic ecrecover-related output may occur in the shared helper but does not classify replay.,FIND replay vulnerability,synthetic,Synthetic replay fixture,606ab0fd07b3d3ba6f89,V1_012
SR_V1_013,contracts/SR_V1_013_SubscriptionNoOneTimeSignedNonce13.sol,SR_SubscriptionNoOneTimeSignedNonce13,SR,SignatureReplayDetector,,SignatureReplayDetector,vulnerable,1_absence_of_effective_one_time_protection,No effective one-time replay protection (signed_nonce),Subscription Charge,internal signature-verification wrapper,caller-supplied signed nonce with no on-chain nonce state,single entry point; verification followed by sensitive state change,A value named nonce is authenticated but is not compared with or consumed from persistent state.,No dedicated replay finding expected; generic ecrecover-related output may occur in the shared helper but does not classify replay.,FIND replay vulnerability,synthetic,Synthetic replay fixture,c66c45463eb0a9ae59db,V1_013
SR_V1_014,contracts/SR_V1_014_SessionSpendNoOneTimeSignedNonce14.sol,SR_SessionSpendNoOneTimeSignedNonce14,SR,SignatureReplayDetector,,SignatureReplayDetector,vulnerable,1_absence_of_effective_one_time_protection,No effective one-time replay protection (signed_nonce),Session Spend,two-level internal verification wrapper,caller-supplied signed nonce with no on-chain nonce state,single entry point; verification followed by sensitive state change,A value named nonce is authenticated but is not compared with or consumed from persistent state.,No dedicated replay finding expected; generic ecrecover-related output may occur in the shared helper but does not classify replay.,FIND replay vulnerability,synthetic,Synthetic replay fixture,436850ad42d55cf38798,V1_014
SR_V1_015,contracts/SR_V1_015_OracleUpdateNoOneTimeSignedNonce15.sol,SR_OracleUpdateNoOneTimeSignedNonce15,SR,SignatureReplayDetector,,SignatureReplayDetector,vulnerable,1_absence_of_effective_one_time_protection,No effective one-time replay protection (signed_nonce),Signed Oracle Update,external verifier interface,caller-supplied signed nonce with no on-chain nonce state,single entry point; verification followed by sensitive state change,A value named nonce is authenticated but is not compared with or consumed from persistent state.,No dedicated replay finding expected; an unrelated external-call/reentrancy-style warning may appear when state writes follow verification.,FIND replay vulnerability,synthetic,Synthetic replay fixture,7dd23f6b5c623b600257,V1_015
SR_V1_016,contracts/SR_V1_016_AirdropNoOneTimeSignedNonce16.sol,SR_AirdropNoOneTimeSignedNonce16,SR,SignatureReplayDetector,,SignatureReplayDetector,vulnerable,1_absence_of_effective_one_time_protection,No effective one-time replay protection (signed_nonce),Airdrop Claim,ERC-1271 isValidSignature,caller-supplied signed nonce with no on-chain nonce state,single entry point; verification followed by sensitive state change,A value named nonce is authenticated but is not compared with or consumed from persistent state.,No dedicated replay finding expected; an unrelated external-call/reentrancy-style warning may appear when state writes follow verification.,FIND replay vulnerability,synthetic,Synthetic replay fixture,d6ece3494e76934d6bf3,V1_016
SR_V1_017,contracts/SR_V1_017_TreasuryNoOneTimeDeadline17.sol,SR_TreasuryNoOneTimeDeadline17,SR,SignatureReplayDetector,,SignatureReplayDetector,vulnerable,1_absence_of_effective_one_time_protection,No effective one-time replay protection (deadline),Treasury Payment,SignatureChecker-style EOA/ERC-1271 abstraction,deadline only; no one-time state,single entry point; verification followed by sensitive state change,The signed deadline limits time but permits repeated execution throughout the validity window.,No dedicated replay finding expected; findings may point only to helper-library ecrecover/external-call code rather than replay semantics.,FIND replay vulnerability,synthetic,Synthetic replay fixture,464022d6afd6d5aa0c74,V1_017
SR_V1_018,contracts/SR_V1_018_CouponNoOneTimeDeadline18.sol,SR_CouponNoOneTimeDeadline18,SR,SignatureReplayDetector,,SignatureReplayDetector,vulnerable,1_absence_of_effective_one_time_protection,No effective one-time replay protection (deadline),Coupon Redemption,inherited verification helper,deadline only; no one-time state,single entry point; verification followed by sensitive state change,The signed deadline limits time but permits repeated execution throughout the validity window.,No dedicated replay finding expected; generic ecrecover-related output may occur in the shared helper but does not classify replay.,FIND replay vulnerability,synthetic,Synthetic replay fixture,34638ab074225323480e,V1_018
SR_V1_019,contracts/SR_V1_019_ListingNoOneTimeDeadline19.sol,SR_ListingNoOneTimeDeadline19,SR,SignatureReplayDetector,,SignatureReplayDetector,vulnerable,1_absence_of_effective_one_time_protection,No effective one-time replay protection (deadline),Marketplace Listing Acceptance,builtin ecrecover,deadline only; no one-time state,single entry point; verification followed by sensitive state change,The signed deadline limits time but permits repeated execution throughout the validity window.,No dedicated replay finding expected; stock Aderyn may emit its generic low-severity ecrecover/signature-malleability warning.,FIND replay vulnerability,synthetic,Synthetic replay fixture,d05e584810a7a4347421,V1_019
SR_V1_020,contracts/SR_V1_020_StakingExitNoOneTimeDeadline20.sol,SR_StakingExitNoOneTimeDeadline20,SR,SignatureReplayDetector,,SignatureReplayDetector,vulnerable,1_absence_of_effective_one_time_protection,No effective one-time replay protection (deadline),Staking Exit,self-contained ECDSA.recover-style library,deadline only; no one-time state,single entry point; verification followed by sensitive state change,The signed deadline limits time but permits repeated execution throughout the validity window.,No dedicated replay finding expected; generic ecrecover-related output may occur in the shared helper but does not classify replay.,FIND replay vulnerability,synthetic,Synthetic replay fixture,52c2b6761b6ce735606a,V1_020
SR_V1_021,contracts/SR_V1_021_LiquidationNoOneTimeDeadline21.sol,SR_LiquidationNoOneTimeDeadline21,SR,SignatureReplayDetector,,SignatureReplayDetector,vulnerable,1_absence_of_effective_one_time_protection,No effective one-time replay protection (deadline),Liquidation Authorization,self-contained ECDSA.tryRecover-style library,deadline only; no one-time state,single entry point; verification followed by sensitive state change,The signed deadline limits time but permits repeated execution throughout the validity window.,No dedicated replay finding expected; generic ecrecover-related output may occur in the shared helper but does not classify replay.,FIND replay vulnerability,synthetic,Synthetic replay fixture,3961f6d40a6da194505f,V1_021
SR_V1_022,contracts/SR_V1_022_LoanDrawNoOneTimeDeadline22.sol,SR_LoanDrawNoOneTimeDeadline22,SR,SignatureReplayDetector,,SignatureReplayDetector,vulnerable,1_absence_of_effective_one_time_protection,No effective one-time replay protection (deadline),Loan Draw,internal signature-verification wrapper,deadline only; no one-time state,single entry point; verification followed by sensitive state change,The signed deadline limits time but permits repeated execution throughout the validity window.,No dedicated replay finding expected; generic ecrecover-related output may occur in the shared helper but does not classify replay.,FIND replay vulnerability,synthetic,Synthetic replay fixture,7ff72c011697159b0d3e,V1_022
SR_V1_023,contracts/SR_V1_023_SwapQuoteNoOneTimeDeadline23.sol,SR_SwapQuoteNoOneTimeDeadline23,SR,SignatureReplayDetector,,SignatureReplayDetector,vulnerable,1_absence_of_effective_one_time_protection,No effective one-time replay protection (deadline),Signed Swap Quote,two-level internal verification wrapper,deadline only; no one-time state,single entry point; verification followed by sensitive state change,The signed deadline limits time but permits repeated execution throughout the validity window.,No dedicated replay finding expected; generic ecrecover-related output may occur in the shared helper but does not classify replay.,FIND replay vulnerability,synthetic,Synthetic replay fixture,6b7e662f3f40b2aed306,V1_023
SR_V1_024,contracts/SR_V1_024_GovernanceNoOneTimeDeadline24.sol,SR_GovernanceNoOneTimeDeadline24,SR,SignatureReplayDetector,,SignatureReplayDetector,vulnerable,1_absence_of_effective_one_time_protection,No effective one-time replay protection (deadline),Governance Execution,external verifier interface,deadline only; no one-time state,single entry point; verification followed by sensitive state change,The signed deadline limits time but permits repeated execution throughout the validity window.,No dedicated replay finding expected; an unrelated external-call/reentrancy-style warning may appear when state writes follow verification.,FIND replay vulnerability,synthetic,Synthetic replay fixture,94257b95fd4c1b169bb2,V1_024
SR_V1_025,contracts/SR_V1_025_PermitLikeNoOneTimeAuthorizationId25.sol,SR_PermitLikeNoOneTimeAuthorizationId25,SR,SignatureReplayDetector,,SignatureReplayDetector,vulnerable,1_absence_of_effective_one_time_protection,No effective one-time replay protection (authorization_id),Permit-like Approval,ERC-1271 isValidSignature,unique-looking authorization ID is signed but never recorded,single entry point; verification followed by sensitive state change,The authorization identifier is authenticated but no storage tracks whether it has already executed.,No dedicated replay finding expected; an unrelated external-call/reentrancy-style warning may appear when state writes follow verification.,FIND replay vulnerability,standards-inspired,ERC-2612-inspired negative control: signature authorization without the standard nonce-consumption guarantee.,01ad298d9862c520e161,V1_025
SR_V1_026,contracts/SR_V1_026_MetaTxNoOneTimeAuthorizationId26.sol,SR_MetaTxNoOneTimeAuthorizationId26,SR,SignatureReplayDetector,,SignatureReplayDetector,vulnerable,1_absence_of_effective_one_time_protection,No effective one-time replay protection (authorization_id),Meta Transaction,SignatureChecker-style EOA/ERC-1271 abstraction,unique-looking authorization ID is signed but never recorded,single entry point; verification followed by sensitive state change,The authorization identifier is authenticated but no storage tracks whether it has already executed.,No dedicated replay finding expected; findings may point only to helper-library ecrecover/external-call code rather than replay semantics.,FIND replay vulnerability,synthetic,Synthetic replay fixture,1b2c75654d7c99ef524d,V1_026
SR_V1_027,contracts/SR_V1_027_DelegatedTransferNoOneTimeAuthorizationId27.sol,SR_DelegatedTransferNoOneTimeAuthorizationId27,SR,SignatureReplayDetector,,SignatureReplayDetector,vulnerable,1_absence_of_effective_one_time_protection,No effective one-time replay protection (authorization_id),Delegated Transfer,inherited verification helper,unique-looking authorization ID is signed but never recorded,single entry point; verification followed by sensitive state change,The authorization identifier is authenticated but no storage tracks whether it has already executed.,No dedicated replay finding expected; generic ecrecover-related output may occur in the shared helper but does not classify replay.,FIND replay vulnerability,synthetic,Synthetic replay fixture,67263f7f069fec24fe66,V1_027
SR_V1_028,contracts/SR_V1_028_KeeperNoOneTimeAuthorizationId28.sol,SR_KeeperNoOneTimeAuthorizationId28,SR,SignatureReplayDetector,,SignatureReplayDetector,vulnerable,1_absence_of_effective_one_time_protection,No effective one-time replay protection (authorization_id),Keeper Authorization,builtin ecrecover,unique-looking authorization ID is signed but never recorded,single entry point; verification followed by sensitive state change,The authorization identifier is authenticated but no storage tracks whether it has already executed.,No dedicated replay finding expected; stock Aderyn may emit its generic low-severity ecrecover/signature-malleability warning.,FIND replay vulnerability,synthetic,Synthetic replay fixture,3ccf3c24cb2512c26fce,V1_028
SR_V1_029,contracts/SR_V1_029_CollateralNoOneTimeAuthorizationId29.sol,SR_CollateralNoOneTimeAuthorizationId29,SR,SignatureReplayDetector,,SignatureReplayDetector,vulnerable,1_absence_of_effective_one_time_protection,No effective one-time replay protection (authorization_id),Collateral Withdrawal,self-contained ECDSA.recover-style library,unique-looking authorization ID is signed but never recorded,single entry point; verification followed by sensitive state change,The authorization identifier is authenticated but no storage tracks whether it has already executed.,No dedicated replay finding expected; generic ecrecover-related output may occur in the shared helper but does not classify replay.,FIND replay vulnerability,synthetic,Synthetic replay fixture,743bf2494a977fe1ce33,V1_029
SR_V1_030,contracts/SR_V1_030_RfqNoOneTimeAuthorizationId30.sol,SR_RfqNoOneTimeAuthorizationId30,SR,SignatureReplayDetector,,SignatureReplayDetector,vulnerable,1_absence_of_effective_one_time_protection,No effective one-time replay protection (authorization_id),RFQ Trade,self-contained ECDSA.tryRecover-style library,unique-looking authorization ID is signed but never recorded,single entry point; verification followed by sensitive state change,The authorization identifier is authenticated but no storage tracks whether it has already executed.,No dedicated replay finding expected; generic ecrecover-related output may occur in the shared helper but does not classify replay.,FIND replay vulnerability,synthetic,Synthetic replay fixture,4961e31677e97c9e19da,V1_030
SR_V1_031,contracts/SR_V1_031_VaultHarvestNoOneTimeAuthorizationId31.sol,SR_VaultHarvestNoOneTimeAuthorizationId31,SR,SignatureReplayDetector,,SignatureReplayDetector,vulnerable,1_absence_of_effective_one_time_protection,No effective one-time replay protection (authorization_id),Vault Harvest,internal signature-verification wrapper,unique-looking authorization ID is signed but never recorded,single entry point; verification followed by sensitive state change,The authorization identifier is authenticated but no storage tracks whether it has already executed.,No dedicated replay finding expected; generic ecrecover-related output may occur in the shared helper but does not classify replay.,FIND replay vulnerability,synthetic,Synthetic replay fixture,5105809f3e430718051d,V1_031
SR_V1_032,contracts/SR_V1_032_BondRedeemNoOneTimeAuthorizationId32.sol,SR_BondRedeemNoOneTimeAuthorizationId32,SR,SignatureReplayDetector,,SignatureReplayDetector,vulnerable,1_absence_of_effective_one_time_protection,No effective one-time replay protection (authorization_id),Bond Redemption,two-level internal verification wrapper,unique-looking authorization ID is signed but never recorded,single entry point; verification followed by sensitive state change,The authorization identifier is authenticated but no storage tracks whether it has already executed.,No dedicated replay finding expected; generic ecrecover-related output may occur in the shared helper but does not classify replay.,FIND replay vulnerability,synthetic,Synthetic replay fixture,4007d961ae9a7c3e8b05,V1_032
SR_V2_001,contracts/SR_V2_001_BurnCheckedNotConsumedMissingWrite01.sol,SR_BurnCheckedNotConsumedMissingWrite01,SR,SignatureReplayDetector,,SignatureReplayDetector,vulnerable,2_authorization_checked_but_not_consumed,Guard present but ineffective consumption (missing_write),Signed Burn,internal signature-verification wrapper,checked authorization ID is never written,guard -> signature verification -> incorrect/missing storage consumption,The pre-execution replay guard remains satisfiable after a successful sensitive action because checked authorization ID is never written.,No dedicated replay finding expected; generic ecrecover-related output may occur in the shared helper but does not classify replay.,FIND replay vulnerability,synthetic,Synthetic guard/consumption mismatch regression case.,eda8cefa016c5929b7d7,V2_001
SR_V2_002,contracts/SR_V2_002_AdminGrantCheckedNotConsumedWrongKey02.sol,SR_AdminGrantCheckedNotConsumedWrongKey02,SR,SignatureReplayDetector,,SignatureReplayDetector,vulnerable,2_authorization_checked_but_not_consumed,Guard present but ineffective consumption (wrong_key),Admin Grant,two-level internal verification wrapper,checked key differs from written key,guard -> signature verification -> incorrect/missing storage consumption,The pre-execution replay guard remains satisfiable after a successful sensitive action because checked key differs from written key.,No dedicated replay finding expected; generic ecrecover-related output may occur in the shared helper but does not classify replay.,FIND replay vulnerability,synthetic,Synthetic guard/consumption mismatch regression case.,f5dc7d842796983882ba,V2_002
SR_V2_003,contracts/SR_V2_003_FeeRebateCheckedNotConsumedSetFalse03.sol,SR_FeeRebateCheckedNotConsumedSetFalse03,SR,SignatureReplayDetector,,SignatureReplayDetector,vulnerable,2_authorization_checked_but_not_consumed,Guard present but ineffective consumption (set_false),Fee Rebate,external verifier interface,guard is written with the non-consuming value,guard -> signature verification -> incorrect/missing storage consumption,The pre-execution replay guard remains satisfiable after a successful sensitive action because guard is written with the non-consuming value.,No dedicated replay finding expected; an unrelated external-call/reentrancy-style warning may appear when state writes follow verification.,FIND replay vulnerability,synthetic,Synthetic guard/consumption mismatch regression case.,b2afb8d8fda95035331c,V2_003
SR_V2_004,contracts/SR_V2_004_ReferralPayoutCheckedNotConsumedSetThenDelete04.sol,SR_ReferralPayoutCheckedNotConsumedSetThenDelete04,SR,SignatureReplayDetector,,SignatureReplayDetector,vulnerable,2_authorization_checked_but_not_consumed,Guard present but ineffective consumption (set_then_delete),Referral Payout,ERC-1271 isValidSignature,authorization is consumed and immediately resurrected,guard -> signature verification -> incorrect/missing storage consumption,The pre-execution replay guard remains satisfiable after a successful sensitive action because authorization is consumed and immediately resurrected.,No dedicated replay finding expected; an unrelated external-call/reentrancy-style warning may appear when state writes follow verification.,FIND replay vulnerability,synthetic,Synthetic guard/consumption mismatch regression case.,0b16968601e8b59d4e3a,V2_004
SR_V2_005,contracts/SR_V2_005_SubscriptionCheckedNotConsumedUnrelatedCounter05.sol,SR_SubscriptionCheckedNotConsumedUnrelatedCounter05,SR,SignatureReplayDetector,,SignatureReplayDetector,vulnerable,2_authorization_checked_but_not_consumed,Guard present but ineffective consumption (unrelated_counter),Subscription Charge,SignatureChecker-style EOA/ERC-1271 abstraction,unrelated state changes but checked authorization state does not,guard -> signature verification -> incorrect/missing storage consumption,The pre-execution replay guard remains satisfiable after a successful sensitive action because unrelated state changes but checked authorization state does not.,No dedicated replay finding expected; findings may point only to helper-library ecrecover/external-call code rather than replay semantics.,FIND replay vulnerability,synthetic,Synthetic guard/consumption mismatch regression case.,949abb2058abd70b1b6e,V2_005
SR_V2_006,contracts/SR_V2_006_SessionSpendCheckedNotConsumedWrongPrincipal06.sol,SR_SessionSpendCheckedNotConsumedWrongPrincipal06,SR,SignatureReplayDetector,,SignatureReplayDetector,vulnerable,2_authorization_checked_but_not_consumed,Guard present but ineffective consumption (wrong_principal),Session Spend,inherited verification helper,replay state is consumed for caller instead of authenticated principal,guard -> signature verification -> incorrect/missing storage consumption,The pre-execution replay guard remains satisfiable after a successful sensitive action because replay state is consumed for caller instead of authenticated principal.,No dedicated replay finding expected; generic ecrecover-related output may occur in the shared helper but does not classify replay.,FIND replay vulnerability,synthetic,Synthetic guard/consumption mismatch regression case.,aa533f8a49310fc63631,V2_006
SR_V2_007,contracts/SR_V2_007_OracleUpdateCheckedNotConsumedWrongMapping07.sol,SR_OracleUpdateCheckedNotConsumedWrongMapping07,SR,SignatureReplayDetector,,SignatureReplayDetector,vulnerable,2_authorization_checked_but_not_consumed,Guard present but ineffective consumption (wrong_mapping),Signed Oracle Update,builtin ecrecover,different storage mapping is written from the one checked,guard -> signature verification -> incorrect/missing storage consumption,The pre-execution replay guard remains satisfiable after a successful sensitive action because different storage mapping is written from the one checked.,No dedicated replay finding expected; stock Aderyn may emit its generic low-severity ecrecover/signature-malleability warning.,FIND replay vulnerability,synthetic,Synthetic guard/consumption mismatch regression case.,e2c152014b182cc9069e,V2_007
SR_V2_008,contracts/SR_V2_008_AirdropCheckedNotConsumedZeroIncrement08.sol,SR_AirdropCheckedNotConsumedZeroIncrement08,SR,SignatureReplayDetector,,SignatureReplayDetector,vulnerable,2_authorization_checked_but_not_consumed,Guard present but ineffective consumption (zero_increment),Airdrop Claim,self-contained ECDSA.recover-style library,counter-style guard never advances,guard -> signature verification -> incorrect/missing storage consumption,The pre-execution replay guard remains satisfiable after a successful sensitive action because counter-style guard never advances.,No dedicated replay finding expected; generic ecrecover-related output may occur in the shared helper but does not classify replay.,FIND replay vulnerability,synthetic,Synthetic guard/consumption mismatch regression case.,524a9ed737c293ed6076,V2_008
SR_V2_009,contracts/SR_V2_009_TreasuryCheckedNotConsumedBitmapMissing09.sol,SR_TreasuryCheckedNotConsumedBitmapMissing09,SR,SignatureReplayDetector,,SignatureReplayDetector,vulnerable,2_authorization_checked_but_not_consumed,Guard present but ineffective consumption (bitmap_missing),Treasury Payment,self-contained ECDSA.tryRecover-style library,bitmap bit is checked but never set,guard -> signature verification -> incorrect/missing storage consumption,The pre-execution replay guard remains satisfiable after a successful sensitive action because bitmap bit is checked but never set.,No dedicated replay finding expected; generic ecrecover-related output may occur in the shared helper but does not classify replay.,FIND replay vulnerability,standards-inspired,Unordered-nonce/bitmap design inspired by modern permit/session systems; independently minimized.,814f9a02b8dc5541d1e9,V2_009
SR_V2_010,contracts/SR_V2_010_CouponCheckedNotConsumedBitmapWrongBit10.sol,SR_CouponCheckedNotConsumedBitmapWrongBit10,SR,SignatureReplayDetector,,SignatureReplayDetector,vulnerable,2_authorization_checked_but_not_consumed,Guard present but ineffective consumption (bitmap_wrong_bit),Coupon Redemption,internal signature-verification wrapper,bitmap writes a different bit than the one checked,guard -> signature verification -> incorrect/missing storage consumption,The pre-execution replay guard remains satisfiable after a successful sensitive action because bitmap writes a different bit than the one checked.,No dedicated replay finding expected; generic ecrecover-related output may occur in the shared helper but does not classify replay.,FIND replay vulnerability,standards-inspired,Unordered-nonce/bitmap design inspired by modern permit/session systems; independently minimized.,1d2018765a274b126519,V2_010
SR_V2_011,contracts/SR_V2_011_ListingCheckedNotConsumedConditionalConsume11.sol,SR_ListingCheckedNotConsumedConditionalConsume11,SR,SignatureReplayDetector,,SignatureReplayDetector,vulnerable,2_authorization_checked_but_not_consumed,Guard present but ineffective consumption (conditional_consume),Marketplace Listing Acceptance,two-level internal verification wrapper,attacker-controlled branch can skip consumption,guard -> signature verification -> incorrect/missing storage consumption,The pre-execution replay guard remains satisfiable after a successful sensitive action because attacker-controlled branch can skip consumption.,No dedicated replay finding expected; generic ecrecover-related output may occur in the shared helper but does not classify replay.,FIND replay vulnerability,synthetic,Synthetic guard/consumption mismatch regression case.,4389f2d79dfba856baef,V2_011
SR_V2_012,contracts/SR_V2_012_StakingExitCheckedNotConsumedEarlyReturnPath12.sol,SR_StakingExitCheckedNotConsumedEarlyReturnPath12,SR,SignatureReplayDetector,,SignatureReplayDetector,vulnerable,2_authorization_checked_but_not_consumed,Guard present but ineffective consumption (early_return_path),Staking Exit,external verifier interface,one successful execution path returns before consumption,guard -> signature verification -> incorrect/missing storage consumption,The pre-execution replay guard remains satisfiable after a successful sensitive action because one successful execution path returns before consumption.,No dedicated replay finding expected; an unrelated external-call/reentrancy-style warning may appear when state writes follow verification.,FIND replay vulnerability,synthetic,Synthetic guard/consumption mismatch regression case.,27d49ac1c9d622cc3764,V2_012
SR_V2_013,contracts/SR_V2_013_LiquidationCheckedNotConsumedNoopHelper13.sol,SR_LiquidationCheckedNotConsumedNoopHelper13,SR,SignatureReplayDetector,,SignatureReplayDetector,vulnerable,2_authorization_checked_but_not_consumed,Guard present but ineffective consumption (noop_helper),Liquidation Authorization,ERC-1271 isValidSignature,a consume helper is called but the helper is a no-op,guard -> signature verification -> incorrect/missing storage consumption,The pre-execution replay guard remains satisfiable after a successful sensitive action because a consume helper is called but the helper is a no-op.,No dedicated replay finding expected; an unrelated external-call/reentrancy-style warning may appear when state writes follow verification.,FIND replay vulnerability,synthetic,Synthetic guard/consumption mismatch regression case.,c246f60253c725af6bba,V2_013
SR_V2_014,contracts/SR_V2_014_LoanDrawCheckedNotConsumedPendingOnly14.sol,SR_LoanDrawCheckedNotConsumedPendingOnly14,SR,SignatureReplayDetector,,SignatureReplayDetector,vulnerable,2_authorization_checked_but_not_consumed,Guard present but ineffective consumption (pending_only),Loan Draw,SignatureChecker-style EOA/ERC-1271 abstraction,authorization is marked pending but never marked used,guard -> signature verification -> incorrect/missing storage consumption,The pre-execution replay guard remains satisfiable after a successful sensitive action because authorization is marked pending but never marked used.,No dedicated replay finding expected; findings may point only to helper-library ecrecover/external-call code rather than replay semantics.,FIND replay vulnerability,synthetic,Synthetic guard/consumption mismatch regression case.,9af334f7674660642fdc,V2_014
SR_V2_015,contracts/SR_V2_015_SwapQuoteCheckedNotConsumedDigestIdMismatch15.sol,SR_SwapQuoteCheckedNotConsumedDigestIdMismatch15,SR,SignatureReplayDetector,,SignatureReplayDetector,vulnerable,2_authorization_checked_but_not_consumed,Guard present but ineffective consumption (digest_id_mismatch),Signed Swap Quote,inherited verification helper,digest is checked but an independent authorization ID is written,guard -> signature verification -> incorrect/missing storage consumption,The pre-execution replay guard remains satisfiable after a successful sensitive action because digest is checked but an independent authorization ID is written.,No dedicated replay finding expected; generic ecrecover-related output may occur in the shared helper but does not classify replay.,FIND replay vulnerability,synthetic,Synthetic guard/consumption mismatch regression case.,b599727fbaf95503468a,V2_015
SR_V2_016,contracts/SR_V2_016_GovernanceCheckedNotConsumedEventOnly16.sol,SR_GovernanceCheckedNotConsumedEventOnly16,SR,SignatureReplayDetector,,SignatureReplayDetector,vulnerable,2_authorization_checked_but_not_consumed,Guard present but ineffective consumption (event_only),Governance Execution,builtin ecrecover,an event claims consumption but no persistent state changes,guard -> signature verification -> incorrect/missing storage consumption,The pre-execution replay guard remains satisfiable after a successful sensitive action because an event claims consumption but no persistent state changes.,No dedicated replay finding expected; stock Aderyn may emit its generic low-severity ecrecover/signature-malleability warning.,FIND replay vulnerability,synthetic,Synthetic guard/consumption mismatch regression case.,ff61a16a02fa9a04b99c,V2_016
SR_V2_017,contracts/SR_V2_017_PermitLikeCheckedNotConsumedMissingWrite17.sol,SR_PermitLikeCheckedNotConsumedMissingWrite17,SR,SignatureReplayDetector,,SignatureReplayDetector,vulnerable,2_authorization_checked_but_not_consumed,Guard present but ineffective consumption (missing_write),Permit-like Approval,self-contained ECDSA.recover-style library,checked authorization ID is never written,guard -> signature verification -> incorrect/missing storage consumption,The pre-execution replay guard remains satisfiable after a successful sensitive action because checked authorization ID is never written.,No dedicated replay finding expected; generic ecrecover-related output may occur in the shared helper but does not classify replay.,FIND replay vulnerability,synthetic,Synthetic guard/consumption mismatch regression case.,f5296416844f3159c1ec,V2_017
SR_V2_018,contracts/SR_V2_018_MetaTxCheckedNotConsumedWrongKey18.sol,SR_MetaTxCheckedNotConsumedWrongKey18,SR,SignatureReplayDetector,,SignatureReplayDetector,vulnerable,2_authorization_checked_but_not_consumed,Guard present but ineffective consumption (wrong_key),Meta Transaction,self-contained ECDSA.tryRecover-style library,checked key differs from written key,guard -> signature verification -> incorrect/missing storage consumption,The pre-execution replay guard remains satisfiable after a successful sensitive action because checked key differs from written key.,No dedicated replay finding expected; generic ecrecover-related output may occur in the shared helper but does not classify replay.,FIND replay vulnerability,synthetic,Synthetic guard/consumption mismatch regression case.,bfebb30d43ba84808588,V2_018
SR_V2_019,contracts/SR_V2_019_DelegatedTransferCheckedNotConsumedSetFalse19.sol,SR_DelegatedTransferCheckedNotConsumedSetFalse19,SR,SignatureReplayDetector,,SignatureReplayDetector,vulnerable,2_authorization_checked_but_not_consumed,Guard present but ineffective consumption (set_false),Delegated Transfer,internal signature-verification wrapper,guard is written with the non-consuming value,guard -> signature verification -> incorrect/missing storage consumption,The pre-execution replay guard remains satisfiable after a successful sensitive action because guard is written with the non-consuming value.,No dedicated replay finding expected; generic ecrecover-related output may occur in the shared helper but does not classify replay.,FIND replay vulnerability,synthetic,Synthetic guard/consumption mismatch regression case.,70c4ef7692f09c2cd8af,V2_019
SR_V2_020,contracts/SR_V2_020_KeeperCheckedNotConsumedSetThenDelete20.sol,SR_KeeperCheckedNotConsumedSetThenDelete20,SR,SignatureReplayDetector,,SignatureReplayDetector,vulnerable,2_authorization_checked_but_not_consumed,Guard present but ineffective consumption (set_then_delete),Keeper Authorization,two-level internal verification wrapper,authorization is consumed and immediately resurrected,guard -> signature verification -> incorrect/missing storage consumption,The pre-execution replay guard remains satisfiable after a successful sensitive action because authorization is consumed and immediately resurrected.,No dedicated replay finding expected; generic ecrecover-related output may occur in the shared helper but does not classify replay.,FIND replay vulnerability,synthetic,Synthetic guard/consumption mismatch regression case.,95e4c8d6b69f4822f371,V2_020
SR_V2_021,contracts/SR_V2_021_CollateralCheckedNotConsumedUnrelatedCounter21.sol,SR_CollateralCheckedNotConsumedUnrelatedCounter21,SR,SignatureReplayDetector,,SignatureReplayDetector,vulnerable,2_authorization_checked_but_not_consumed,Guard present but ineffective consumption (unrelated_counter),Collateral Withdrawal,external verifier interface,unrelated state changes but checked authorization state does not,guard -> signature verification -> incorrect/missing storage consumption,The pre-execution replay guard remains satisfiable after a successful sensitive action because unrelated state changes but checked authorization state does not.,No dedicated replay finding expected; an unrelated external-call/reentrancy-style warning may appear when state writes follow verification.,FIND replay vulnerability,synthetic,Synthetic guard/consumption mismatch regression case.,98b2099e4aea50dc6c0c,V2_021
SR_V2_022,contracts/SR_V2_022_RfqCheckedNotConsumedWrongPrincipal22.sol,SR_RfqCheckedNotConsumedWrongPrincipal22,SR,SignatureReplayDetector,,SignatureReplayDetector,vulnerable,2_authorization_checked_but_not_consumed,Guard present but ineffective consumption (wrong_principal),RFQ Trade,ERC-1271 isValidSignature,replay state is consumed for caller instead of authenticated principal,guard -> signature verification -> incorrect/missing storage consumption,The pre-execution replay guard remains satisfiable after a successful sensitive action because replay state is consumed for caller instead of authenticated principal.,No dedicated replay finding expected; an unrelated external-call/reentrancy-style warning may appear when state writes follow verification.,FIND replay vulnerability,synthetic,Synthetic guard/consumption mismatch regression case.,1b148f8d17cd837f00ca,V2_022
SR_V2_023,contracts/SR_V2_023_VaultHarvestCheckedNotConsumedWrongMapping23.sol,SR_VaultHarvestCheckedNotConsumedWrongMapping23,SR,SignatureReplayDetector,,SignatureReplayDetector,vulnerable,2_authorization_checked_but_not_consumed,Guard present but ineffective consumption (wrong_mapping),Vault Harvest,SignatureChecker-style EOA/ERC-1271 abstraction,different storage mapping is written from the one checked,guard -> signature verification -> incorrect/missing storage consumption,The pre-execution replay guard remains satisfiable after a successful sensitive action because different storage mapping is written from the one checked.,No dedicated replay finding expected; findings may point only to helper-library ecrecover/external-call code rather than replay semantics.,FIND replay vulnerability,synthetic,Synthetic guard/consumption mismatch regression case.,9dfbea2f68b57bb86238,V2_023
SR_V2_024,contracts/SR_V2_024_BondRedeemCheckedNotConsumedZeroIncrement24.sol,SR_BondRedeemCheckedNotConsumedZeroIncrement24,SR,SignatureReplayDetector,,SignatureReplayDetector,vulnerable,2_authorization_checked_but_not_consumed,Guard present but ineffective consumption (zero_increment),Bond Redemption,inherited verification helper,counter-style guard never advances,guard -> signature verification -> incorrect/missing storage consumption,The pre-execution replay guard remains satisfiable after a successful sensitive action because counter-style guard never advances.,No dedicated replay finding expected; generic ecrecover-related output may occur in the shared helper but does not classify replay.,FIND replay vulnerability,synthetic,Synthetic guard/consumption mismatch regression case.,6563c3879cc064e49086,V2_024
SR_V2_025,contracts/SR_V2_025_AffiliateCheckedNotConsumedBitmapMissing25.sol,SR_AffiliateCheckedNotConsumedBitmapMissing25,SR,SignatureReplayDetector,,SignatureReplayDetector,vulnerable,2_authorization_checked_but_not_consumed,Guard present but ineffective consumption (bitmap_missing),Affiliate Credit,builtin ecrecover,bitmap bit is checked but never set,guard -> signature verification -> incorrect/missing storage consumption,The pre-execution replay guard remains satisfiable after a successful sensitive action because bitmap bit is checked but never set.,No dedicated replay finding expected; stock Aderyn may emit its generic low-severity ecrecover/signature-malleability warning.,FIND replay vulnerability,standards-inspired,Unordered-nonce/bitmap design inspired by modern permit/session systems; independently minimized.,d6412b4d4ea76548bff1,V2_025
SR_V2_026,contracts/SR_V2_026_FeeWithdrawCheckedNotConsumedBitmapWrongBit26.sol,SR_FeeWithdrawCheckedNotConsumedBitmapWrongBit26,SR,SignatureReplayDetector,,SignatureReplayDetector,vulnerable,2_authorization_checked_but_not_consumed,Guard present but ineffective consumption (bitmap_wrong_bit),Fee Withdrawal,self-contained ECDSA.recover-style library,bitmap writes a different bit than the one checked,guard -> signature verification -> incorrect/missing storage consumption,The pre-execution replay guard remains satisfiable after a successful sensitive action because bitmap writes a different bit than the one checked.,No dedicated replay finding expected; generic ecrecover-related output may occur in the shared helper but does not classify replay.,FIND replay vulnerability,standards-inspired,Unordered-nonce/bitmap design inspired by modern permit/session systems; independently minimized.,e688f71dad2b05a5ac21,V2_026
SR_V2_027,contracts/SR_V2_027_RescueCheckedNotConsumedConditionalConsume27.sol,SR_RescueCheckedNotConsumedConditionalConsume27,SR,SignatureReplayDetector,,SignatureReplayDetector,vulnerable,2_authorization_checked_but_not_consumed,Guard present but ineffective consumption (conditional_consume),Token Rescue,self-contained ECDSA.tryRecover-style library,attacker-controlled branch can skip consumption,guard -> signature verification -> incorrect/missing storage consumption,The pre-execution replay guard remains satisfiable after a successful sensitive action because attacker-controlled branch can skip consumption.,No dedicated replay finding expected; generic ecrecover-related output may occur in the shared helper but does not classify replay.,FIND replay vulnerability,synthetic,Synthetic guard/consumption mismatch regression case.,5df917cf29ab8b64a815,V2_027
SR_V2_028,contracts/SR_V2_028_UpgradeCheckedNotConsumedEarlyReturnPath28.sol,SR_UpgradeCheckedNotConsumedEarlyReturnPath28,SR,SignatureReplayDetector,,SignatureReplayDetector,vulnerable,2_authorization_checked_but_not_consumed,Guard present but ineffective consumption (early_return_path),Upgrade Authorization,internal signature-verification wrapper,one successful execution path returns before consumption,guard -> signature verification -> incorrect/missing storage consumption,The pre-execution replay guard remains satisfiable after a successful sensitive action because one successful execution path returns before consumption.,No dedicated replay finding expected; generic ecrecover-related output may occur in the shared helper but does not classify replay.,FIND replay vulnerability,synthetic,Synthetic guard/consumption mismatch regression case.,f51f730e001f739c823b,V2_028
SR_V2_029,contracts/SR_V2_029_ValidatorExitCheckedNotConsumedNoopHelper29.sol,SR_ValidatorExitCheckedNotConsumedNoopHelper29,SR,SignatureReplayDetector,,SignatureReplayDetector,vulnerable,2_authorization_checked_but_not_consumed,Guard present but ineffective consumption (noop_helper),Validator Exit,two-level internal verification wrapper,a consume helper is called but the helper is a no-op,guard -> signature verification -> incorrect/missing storage consumption,The pre-execution replay guard remains satisfiable after a successful sensitive action because a consume helper is called but the helper is a no-op.,No dedicated replay finding expected; generic ecrecover-related output may occur in the shared helper but does not classify replay.,FIND replay vulnerability,synthetic,Synthetic guard/consumption mismatch regression case.,f34f077f1353efef6fd6,V2_029
SR_V2_030,contracts/SR_V2_030_BridgeMintCheckedNotConsumedPendingOnly30.sol,SR_BridgeMintCheckedNotConsumedPendingOnly30,SR,SignatureReplayDetector,,SignatureReplayDetector,vulnerable,2_authorization_checked_but_not_consumed,Guard present but ineffective consumption (pending_only),Bridge Mint,external verifier interface,authorization is marked pending but never marked used,guard -> signature verification -> incorrect/missing storage consumption,The pre-execution replay guard remains satisfiable after a successful sensitive action because authorization is marked pending but never marked used.,No dedicated replay finding expected; an unrelated external-call/reentrancy-style warning may appear when state writes follow verification.,FIND replay vulnerability,synthetic,Synthetic guard/consumption mismatch regression case.,75a9a18948ed915bfeea,V2_030
SR_V2_031,contracts/SR_V2_031_AccountRecoveryCheckedNotConsumedDigestIdMismatch31.sol,SR_AccountRecoveryCheckedNotConsumedDigestIdMismatch31,SR,SignatureReplayDetector,,SignatureReplayDetector,vulnerable,2_authorization_checked_but_not_consumed,Guard present but ineffective consumption (digest_id_mismatch),Account Recovery,ERC-1271 isValidSignature,digest is checked but an independent authorization ID is written,guard -> signature verification -> incorrect/missing storage consumption,The pre-execution replay guard remains satisfiable after a successful sensitive action because digest is checked but an independent authorization ID is written.,No dedicated replay finding expected; an unrelated external-call/reentrancy-style warning may appear when state writes follow verification.,FIND replay vulnerability,synthetic,Synthetic guard/consumption mismatch regression case.,e683e315e5732fc2f88e,V2_031
SR_V2_032,contracts/SR_V2_032_RoyaltyCheckedNotConsumedEventOnly32.sol,SR_RoyaltyCheckedNotConsumedEventOnly32,SR,SignatureReplayDetector,,SignatureReplayDetector,vulnerable,2_authorization_checked_but_not_consumed,Guard present but ineffective consumption (event_only),Royalty Claim,SignatureChecker-style EOA/ERC-1271 abstraction,an event claims consumption but no persistent state changes,guard -> signature verification -> incorrect/missing storage consumption,The pre-execution replay guard remains satisfiable after a successful sensitive action because an event claims consumption but no persistent state changes.,No dedicated replay finding expected; findings may point only to helper-library ecrecover/external-call code rather than replay semantics.,FIND replay vulnerability,synthetic,Synthetic guard/consumption mismatch regression case.,68919a1e6cf1fba9f9c7,V2_032
SR_V3_001,contracts/SR_V3_001_AirdropRollbackLowLevelRequireNonce01.sol,SR_AirdropRollbackLowLevelRequireNonce01,SR,SignatureReplayDetector,,SignatureReplayDetector,vulnerable,3_replay_state_rolled_back_by_revert,"Replay state rollback after failed execution (low_level_require, nonce)",Airdrop Claim,external verifier interface,authenticated sequential nonce is consumed before a later reverting operation,nonce consumption followed by low_level_require that can revert the entire transaction,"The contract appears to consume replay state, but a later revert restores the old storage value, so the same signature remains valid.",No dedicated replay finding expected; an unrelated external-call/reentrancy-style warning may appear when state writes follow verification.,FIND replay vulnerability,historically-inspired,Rolla/Quant Protocol 2022 H-04 inspired: nonce consumption reverted when meta-transaction execution failed.,6fab708f7eae3dec84df,V3_001
SR_V3_002,contracts/SR_V3_002_TreasuryRollbackCustomErrorNonce02.sol,SR_TreasuryRollbackCustomErrorNonce02,SR,SignatureReplayDetector,,SignatureReplayDetector,vulnerable,3_replay_state_rolled_back_by_revert,"Replay state rollback after failed execution (custom_error, nonce)",Treasury Payment,ERC-1271 isValidSignature,authenticated sequential nonce is consumed before a later reverting operation,nonce consumption followed by custom_error that can revert the entire transaction,"The contract appears to consume replay state, but a later revert restores the old storage value, so the same signature remains valid.",No dedicated replay finding expected; an unrelated external-call/reentrancy-style warning may appear when state writes follow verification.,FIND replay vulnerability,synthetic,Synthetic transactional-rollback replay fixture.,0b2aa69a89a53dd1a394,V3_002
SR_V3_003,contracts/SR_V3_003_CouponRollbackDelegatecallAssertNonce03.sol,SR_CouponRollbackDelegatecallAssertNonce03,SR,SignatureReplayDetector,,SignatureReplayDetector,vulnerable,3_replay_state_rolled_back_by_revert,"Replay state rollback after failed execution (delegatecall_assert, nonce)",Coupon Redemption,SignatureChecker-style EOA/ERC-1271 abstraction,authenticated sequential nonce is consumed before a later reverting operation,nonce consumption followed by delegatecall_assert that can revert the entire transaction,"The contract appears to consume replay state, but a later revert restores the old storage value, so the same signature remains valid.",No dedicated replay finding expected; findings may point only to helper-library ecrecover/external-call code rather than replay semantics.,FIND replay vulnerability,synthetic,Synthetic transactional-rollback replay fixture.,46f35d6ed2e90b6fa12b,V3_003
SR_V3_004,contracts/SR_V3_004_ListingRollbackTwoCallsNonce04.sol,SR_ListingRollbackTwoCallsNonce04,SR,SignatureReplayDetector,,SignatureReplayDetector,vulnerable,3_replay_state_rolled_back_by_revert,"Replay state rollback after failed execution (two_calls, nonce)",Marketplace Listing Acceptance,inherited verification helper,authenticated sequential nonce is consumed before a later reverting operation,nonce consumption followed by two_calls that can revert the entire transaction,"The contract appears to consume replay state, but a later revert restores the old storage value, so the same signature remains valid.",No dedicated replay finding expected; generic ecrecover-related output may occur in the shared helper but does not classify replay.,FIND replay vulnerability,synthetic,Synthetic transactional-rollback replay fixture.,19ec77638236fec6c5ca,V3_004
SR_V3_005,contracts/SR_V3_005_StakingExitRollbackPostconditionNonce05.sol,SR_StakingExitRollbackPostconditionNonce05,SR,SignatureReplayDetector,,SignatureReplayDetector,vulnerable,3_replay_state_rolled_back_by_revert,"Replay state rollback after failed execution (postcondition, nonce)",Staking Exit,builtin ecrecover,authenticated sequential nonce is consumed before a later reverting operation,nonce consumption followed by postcondition that can revert the entire transaction,"The contract appears to consume replay state, but a later revert restores the old storage value, so the same signature remains valid.",No dedicated replay finding expected; stock Aderyn may emit its generic low-severity ecrecover/signature-malleability warning.,FIND replay vulnerability,historically-inspired,Rolla/Quant Protocol 2022 H-04 inspired: nonce consumption reverted when meta-transaction execution failed.,284abcc5459c49698612,V3_005
SR_V3_006,contracts/SR_V3_006_LiquidationRollbackTryCatchRethrowNonce06.sol,SR_LiquidationRollbackTryCatchRethrowNonce06,SR,SignatureReplayDetector,,SignatureReplayDetector,vulnerable,3_replay_state_rolled_back_by_revert,"Replay state rollback after failed execution (try_catch_rethrow, nonce)",Liquidation Authorization,self-contained ECDSA.recover-style library,authenticated sequential nonce is consumed before a later reverting operation,nonce consumption followed by try_catch_rethrow that can revert the entire transaction,"The contract appears to consume replay state, but a later revert restores the old storage value, so the same signature remains valid.",No dedicated replay finding expected; generic ecrecover-related output may occur in the shared helper but does not classify replay.,FIND replay vulnerability,synthetic,Synthetic transactional-rollback replay fixture.,e506d873df33b0590341,V3_006
SR_V3_007,contracts/SR_V3_007_LoanDrawRollbackPartialSessionNonce07.sol,SR_LoanDrawRollbackPartialSessionNonce07,SR,SignatureReplayDetector,,SignatureReplayDetector,vulnerable,3_replay_state_rolled_back_by_revert,"Replay state rollback after failed execution (partial_session, nonce)",Loan Draw,self-contained ECDSA.tryRecover-style library,authenticated sequential nonce is consumed before a later reverting operation,nonce consumption followed by partial_session that can revert the entire transaction,"The contract appears to consume replay state, but a later revert restores the old storage value, so the same signature remains valid.",No dedicated replay finding expected; generic ecrecover-related output may occur in the shared helper but does not classify replay.,FIND replay vulnerability,historically-inspired,Sequence 2025 replay findings inspired: failed/partial session execution can leave signatures reusable; independently minimized.,dabd0a007271815816b0,V3_007
SR_V3_008,contracts/SR_V3_008_SwapQuoteRollbackLowLevelRequireUsedDigest08.sol,SR_SwapQuoteRollbackLowLevelRequireUsedDigest08,SR,SignatureReplayDetector,,SignatureReplayDetector,vulnerable,3_replay_state_rolled_back_by_revert,"Replay state rollback after failed execution (low_level_require, used_digest)",Signed Swap Quote,internal signature-verification wrapper,used-digest state is set before a later reverting operation,used_digest consumption followed by low_level_require that can revert the entire transaction,"The contract appears to consume replay state, but a later revert restores the old storage value, so the same signature remains valid.",No dedicated replay finding expected; generic ecrecover-related output may occur in the shared helper but does not classify replay.,FIND replay vulnerability,synthetic,Synthetic transactional-rollback replay fixture.,31a1b60e35921fb2e9bd,V3_008
SR_V3_009,contracts/SR_V3_009_GovernanceRollbackCustomErrorUsedDigest09.sol,SR_GovernanceRollbackCustomErrorUsedDigest09,SR,SignatureReplayDetector,,SignatureReplayDetector,vulnerable,3_replay_state_rolled_back_by_revert,"Replay state rollback after failed execution (custom_error, used_digest)",Governance Execution,two-level internal verification wrapper,used-digest state is set before a later reverting operation,used_digest consumption followed by custom_error that can revert the entire transaction,"The contract appears to consume replay state, but a later revert restores the old storage value, so the same signature remains valid.",No dedicated replay finding expected; generic ecrecover-related output may occur in the shared helper but does not classify replay.,FIND replay vulnerability,synthetic,Synthetic transactional-rollback replay fixture.,870f136b7b9caff1735e,V3_009
SR_V3_010,contracts/SR_V3_010_PermitLikeRollbackDelegatecallAssertUsedDigest10.sol,SR_PermitLikeRollbackDelegatecallAssertUsedDigest10,SR,SignatureReplayDetector,,SignatureReplayDetector,vulnerable,3_replay_state_rolled_back_by_revert,"Replay state rollback after failed execution (delegatecall_assert, used_digest)",Permit-like Approval,external verifier interface,used-digest state is set before a later reverting operation,used_digest consumption followed by delegatecall_assert that can revert the entire transaction,"The contract appears to consume replay state, but a later revert restores the old storage value, so the same signature remains valid.",No dedicated replay finding expected; an unrelated external-call/reentrancy-style warning may appear when state writes follow verification.,FIND replay vulnerability,synthetic,Synthetic transactional-rollback replay fixture.,d97ef8fe11158f9cdfdd,V3_010
SR_V3_011,contracts/SR_V3_011_MetaTxRollbackTwoCallsUsedDigest11.sol,SR_MetaTxRollbackTwoCallsUsedDigest11,SR,SignatureReplayDetector,,SignatureReplayDetector,vulnerable,3_replay_state_rolled_back_by_revert,"Replay state rollback after failed execution (two_calls, used_digest)",Meta Transaction,ERC-1271 isValidSignature,used-digest state is set before a later reverting operation,used_digest consumption followed by two_calls that can revert the entire transaction,"The contract appears to consume replay state, but a later revert restores the old storage value, so the same signature remains valid.",No dedicated replay finding expected; an unrelated external-call/reentrancy-style warning may appear when state writes follow verification.,FIND replay vulnerability,synthetic,Synthetic transactional-rollback replay fixture.,2fb7f332b39be6a401b9,V3_011
SR_V3_012,contracts/SR_V3_012_DelegatedTransferRollbackPostconditionUsedDigest12.sol,SR_DelegatedTransferRollbackPostconditionUsedDigest12,SR,SignatureReplayDetector,,SignatureReplayDetector,vulnerable,3_replay_state_rolled_back_by_revert,"Replay state rollback after failed execution (postcondition, used_digest)",Delegated Transfer,SignatureChecker-style EOA/ERC-1271 abstraction,used-digest state is set before a later reverting operation,used_digest consumption followed by postcondition that can revert the entire transaction,"The contract appears to consume replay state, but a later revert restores the old storage value, so the same signature remains valid.",No dedicated replay finding expected; findings may point only to helper-library ecrecover/external-call code rather than replay semantics.,FIND replay vulnerability,synthetic,Synthetic transactional-rollback replay fixture.,b2df4ba3e5d5985d9ae5,V3_012
SR_V3_013,contracts/SR_V3_013_KeeperRollbackTryCatchRethrowUsedDigest13.sol,SR_KeeperRollbackTryCatchRethrowUsedDigest13,SR,SignatureReplayDetector,,SignatureReplayDetector,vulnerable,3_replay_state_rolled_back_by_revert,"Replay state rollback after failed execution (try_catch_rethrow, used_digest)",Keeper Authorization,inherited verification helper,used-digest state is set before a later reverting operation,used_digest consumption followed by try_catch_rethrow that can revert the entire transaction,"The contract appears to consume replay state, but a later revert restores the old storage value, so the same signature remains valid.",No dedicated replay finding expected; generic ecrecover-related output may occur in the shared helper but does not classify replay.,FIND replay vulnerability,synthetic,Synthetic transactional-rollback replay fixture.,4f09968d5a3110b2f7bb,V3_013
SR_V3_014,contracts/SR_V3_014_CollateralRollbackPartialSessionUsedDigest14.sol,SR_CollateralRollbackPartialSessionUsedDigest14,SR,SignatureReplayDetector,,SignatureReplayDetector,vulnerable,3_replay_state_rolled_back_by_revert,"Replay state rollback after failed execution (partial_session, used_digest)",Collateral Withdrawal,builtin ecrecover,used-digest state is set before a later reverting operation,used_digest consumption followed by partial_session that can revert the entire transaction,"The contract appears to consume replay state, but a later revert restores the old storage value, so the same signature remains valid.",No dedicated replay finding expected; stock Aderyn may emit its generic low-severity ecrecover/signature-malleability warning.,FIND replay vulnerability,historically-inspired,Sequence 2025 replay findings inspired: failed/partial session execution can leave signatures reusable; independently minimized.,d34bb26b68f3116b2522,V3_014
SR_V3_015,contracts/SR_V3_015_RfqRollbackLowLevelRequireAuthorizationId15.sol,SR_RfqRollbackLowLevelRequireAuthorizationId15,SR,SignatureReplayDetector,,SignatureReplayDetector,vulnerable,3_replay_state_rolled_back_by_revert,"Replay state rollback after failed execution (low_level_require, authorization_id)",RFQ Trade,self-contained ECDSA.recover-style library,authorization ID is consumed before a later reverting operation,authorization_id consumption followed by low_level_require that can revert the entire transaction,"The contract appears to consume replay state, but a later revert restores the old storage value, so the same signature remains valid.",No dedicated replay finding expected; generic ecrecover-related output may occur in the shared helper but does not classify replay.,FIND replay vulnerability,synthetic,Synthetic transactional-rollback replay fixture.,96f4c2f008691f9c58fe,V3_015
SR_V3_016,contracts/SR_V3_016_VaultHarvestRollbackCustomErrorAuthorizationId16.sol,SR_VaultHarvestRollbackCustomErrorAuthorizationId16,SR,SignatureReplayDetector,,SignatureReplayDetector,vulnerable,3_replay_state_rolled_back_by_revert,"Replay state rollback after failed execution (custom_error, authorization_id)",Vault Harvest,self-contained ECDSA.tryRecover-style library,authorization ID is consumed before a later reverting operation,authorization_id consumption followed by custom_error that can revert the entire transaction,"The contract appears to consume replay state, but a later revert restores the old storage value, so the same signature remains valid.",No dedicated replay finding expected; generic ecrecover-related output may occur in the shared helper but does not classify replay.,FIND replay vulnerability,synthetic,Synthetic transactional-rollback replay fixture.,f7fbe1ccb9947aecfe85,V3_016
SR_V3_017,contracts/SR_V3_017_BondRedeemRollbackDelegatecallAssertAuthorizationId17.sol,SR_BondRedeemRollbackDelegatecallAssertAuthorizationId17,SR,SignatureReplayDetector,,SignatureReplayDetector,vulnerable,3_replay_state_rolled_back_by_revert,"Replay state rollback after failed execution (delegatecall_assert, authorization_id)",Bond Redemption,internal signature-verification wrapper,authorization ID is consumed before a later reverting operation,authorization_id consumption followed by delegatecall_assert that can revert the entire transaction,"The contract appears to consume replay state, but a later revert restores the old storage value, so the same signature remains valid.",No dedicated replay finding expected; generic ecrecover-related output may occur in the shared helper but does not classify replay.,FIND replay vulnerability,synthetic,Synthetic transactional-rollback replay fixture.,448c4f7c4b75731fcabd,V3_017
SR_V3_018,contracts/SR_V3_018_AffiliateRollbackTwoCallsAuthorizationId18.sol,SR_AffiliateRollbackTwoCallsAuthorizationId18,SR,SignatureReplayDetector,,SignatureReplayDetector,vulnerable,3_replay_state_rolled_back_by_revert,"Replay state rollback after failed execution (two_calls, authorization_id)",Affiliate Credit,two-level internal verification wrapper,authorization ID is consumed before a later reverting operation,authorization_id consumption followed by two_calls that can revert the entire transaction,"The contract appears to consume replay state, but a later revert restores the old storage value, so the same signature remains valid.",No dedicated replay finding expected; generic ecrecover-related output may occur in the shared helper but does not classify replay.,FIND replay vulnerability,synthetic,Synthetic transactional-rollback replay fixture.,37d0a361b73bfd346368,V3_018
SR_V3_019,contracts/SR_V3_019_FeeWithdrawRollbackPostconditionAuthorizationId19.sol,SR_FeeWithdrawRollbackPostconditionAuthorizationId19,SR,SignatureReplayDetector,,SignatureReplayDetector,vulnerable,3_replay_state_rolled_back_by_revert,"Replay state rollback after failed execution (postcondition, authorization_id)",Fee Withdrawal,external verifier interface,authorization ID is consumed before a later reverting operation,authorization_id consumption followed by postcondition that can revert the entire transaction,"The contract appears to consume replay state, but a later revert restores the old storage value, so the same signature remains valid.",No dedicated replay finding expected; an unrelated external-call/reentrancy-style warning may appear when state writes follow verification.,FIND replay vulnerability,synthetic,Synthetic transactional-rollback replay fixture.,0b534400123a260ad721,V3_019
SR_V3_020,contracts/SR_V3_020_RescueRollbackTryCatchRethrowAuthorizationId20.sol,SR_RescueRollbackTryCatchRethrowAuthorizationId20,SR,SignatureReplayDetector,,SignatureReplayDetector,vulnerable,3_replay_state_rolled_back_by_revert,"Replay state rollback after failed execution (try_catch_rethrow, authorization_id)",Token Rescue,ERC-1271 isValidSignature,authorization ID is consumed before a later reverting operation,authorization_id consumption followed by try_catch_rethrow that can revert the entire transaction,"The contract appears to consume replay state, but a later revert restores the old storage value, so the same signature remains valid.",No dedicated replay finding expected; an unrelated external-call/reentrancy-style warning may appear when state writes follow verification.,FIND replay vulnerability,synthetic,Synthetic transactional-rollback replay fixture.,c9fedeff297f39b5f957,V3_020
SR_V3_021,contracts/SR_V3_021_UpgradeRollbackPartialSessionAuthorizationId21.sol,SR_UpgradeRollbackPartialSessionAuthorizationId21,SR,SignatureReplayDetector,,SignatureReplayDetector,vulnerable,3_replay_state_rolled_back_by_revert,"Replay state rollback after failed execution (partial_session, authorization_id)",Upgrade Authorization,SignatureChecker-style EOA/ERC-1271 abstraction,authorization ID is consumed before a later reverting operation,authorization_id consumption followed by partial_session that can revert the entire transaction,"The contract appears to consume replay state, but a later revert restores the old storage value, so the same signature remains valid.",No dedicated replay finding expected; findings may point only to helper-library ecrecover/external-call code rather than replay semantics.,FIND replay vulnerability,historically-inspired,Sequence 2025 replay findings inspired: failed/partial session execution can leave signatures reusable; independently minimized.,628406f70f7d646f0c4b,V3_021
SR_V3_022,contracts/SR_V3_022_ValidatorExitRollbackLowLevelRequireBitmap22.sol,SR_ValidatorExitRollbackLowLevelRequireBitmap22,SR,SignatureReplayDetector,,SignatureReplayDetector,vulnerable,3_replay_state_rolled_back_by_revert,"Replay state rollback after failed execution (low_level_require, bitmap)",Validator Exit,inherited verification helper,unordered nonce bit is set before a later reverting operation,bitmap consumption followed by low_level_require that can revert the entire transaction,"The contract appears to consume replay state, but a later revert restores the old storage value, so the same signature remains valid.",No dedicated replay finding expected; generic ecrecover-related output may occur in the shared helper but does not classify replay.,FIND replay vulnerability,synthetic,Synthetic transactional-rollback replay fixture.,73e678d8f5602093116c,V3_022
SR_V3_023,contracts/SR_V3_023_BridgeMintRollbackCustomErrorBitmap23.sol,SR_BridgeMintRollbackCustomErrorBitmap23,SR,SignatureReplayDetector,,SignatureReplayDetector,vulnerable,3_replay_state_rolled_back_by_revert,"Replay state rollback after failed execution (custom_error, bitmap)",Bridge Mint,builtin ecrecover,unordered nonce bit is set before a later reverting operation,bitmap consumption followed by custom_error that can revert the entire transaction,"The contract appears to consume replay state, but a later revert restores the old storage value, so the same signature remains valid.",No dedicated replay finding expected; stock Aderyn may emit its generic low-severity ecrecover/signature-malleability warning.,FIND replay vulnerability,synthetic,Synthetic transactional-rollback replay fixture.,dd78cda9b31eb7952756,V3_023
SR_V3_024,contracts/SR_V3_024_AccountRecoveryRollbackDelegatecallAssertBitmap24.sol,SR_AccountRecoveryRollbackDelegatecallAssertBitmap24,SR,SignatureReplayDetector,,SignatureReplayDetector,vulnerable,3_replay_state_rolled_back_by_revert,"Replay state rollback after failed execution (delegatecall_assert, bitmap)",Account Recovery,self-contained ECDSA.recover-style library,unordered nonce bit is set before a later reverting operation,bitmap consumption followed by delegatecall_assert that can revert the entire transaction,"The contract appears to consume replay state, but a later revert restores the old storage value, so the same signature remains valid.",No dedicated replay finding expected; generic ecrecover-related output may occur in the shared helper but does not classify replay.,FIND replay vulnerability,synthetic,Synthetic transactional-rollback replay fixture.,918f9e125f02e95d7291,V3_024
SR_V3_025,contracts/SR_V3_025_RoyaltyRollbackTwoCallsBitmap25.sol,SR_RoyaltyRollbackTwoCallsBitmap25,SR,SignatureReplayDetector,,SignatureReplayDetector,vulnerable,3_replay_state_rolled_back_by_revert,"Replay state rollback after failed execution (two_calls, bitmap)",Royalty Claim,self-contained ECDSA.tryRecover-style library,unordered nonce bit is set before a later reverting operation,bitmap consumption followed by two_calls that can revert the entire transaction,"The contract appears to consume replay state, but a later revert restores the old storage value, so the same signature remains valid.",No dedicated replay finding expected; generic ecrecover-related output may occur in the shared helper but does not classify replay.,FIND replay vulnerability,synthetic,Synthetic transactional-rollback replay fixture.,f762331a5d9162a2aa5e,V3_025
SR_V3_026,contracts/SR_V3_026_BatchPaymentRollbackPostconditionBitmap26.sol,SR_BatchPaymentRollbackPostconditionBitmap26,SR,SignatureReplayDetector,,SignatureReplayDetector,vulnerable,3_replay_state_rolled_back_by_revert,"Replay state rollback after failed execution (postcondition, bitmap)",Batch Payment,internal signature-verification wrapper,unordered nonce bit is set before a later reverting operation,bitmap consumption followed by postcondition that can revert the entire transaction,"The contract appears to consume replay state, but a later revert restores the old storage value, so the same signature remains valid.",No dedicated replay finding expected; generic ecrecover-related output may occur in the shared helper but does not classify replay.,FIND replay vulnerability,synthetic,Synthetic transactional-rollback replay fixture.,c26f5504bab6f8223a46,V3_026
SR_V3_027,contracts/SR_V3_027_RefundRollbackTryCatchRethrowBitmap27.sol,SR_RefundRollbackTryCatchRethrowBitmap27,SR,SignatureReplayDetector,,SignatureReplayDetector,vulnerable,3_replay_state_rolled_back_by_revert,"Replay state rollback after failed execution (try_catch_rethrow, bitmap)",Fee Refund,two-level internal verification wrapper,unordered nonce bit is set before a later reverting operation,bitmap consumption followed by try_catch_rethrow that can revert the entire transaction,"The contract appears to consume replay state, but a later revert restores the old storage value, so the same signature remains valid.",No dedicated replay finding expected; generic ecrecover-related output may occur in the shared helper but does not classify replay.,FIND replay vulnerability,synthetic,Synthetic transactional-rollback replay fixture.,40eb79ce434096e0f3df,V3_027
SR_V3_028,contracts/SR_V3_028_TicketRollbackPartialSessionBitmap28.sol,SR_TicketRollbackPartialSessionBitmap28,SR,SignatureReplayDetector,,SignatureReplayDetector,vulnerable,3_replay_state_rolled_back_by_revert,"Replay state rollback after failed execution (partial_session, bitmap)",Claim Ticket,external verifier interface,unordered nonce bit is set before a later reverting operation,bitmap consumption followed by partial_session that can revert the entire transaction,"The contract appears to consume replay state, but a later revert restores the old storage value, so the same signature remains valid.",No dedicated replay finding expected; an unrelated external-call/reentrancy-style warning may appear when state writes follow verification.,FIND replay vulnerability,historically-inspired,Sequence 2025 replay findings inspired: failed/partial session execution can leave signatures reusable; independently minimized.,cdaa015473498a4ffead,V3_028
SR_V4_001,contracts/SR_V4_001_BridgeReleaseMultiDomainCrossFunction01.sol,SR_BridgeReleaseMultiDomainCrossFunction01,SR,SignatureReplayDetector,,SignatureReplayDetector,vulnerable,4_same_authorization_reused_across_paths_or_domains,Cross-path/domain replay (cross_function),Bridge Release,SignatureChecker-style EOA/ERC-1271 abstraction,separate per-function replay registries,same digest accepted by two functions with independent one-time state,Replay protection is scoped more narrowly than the signed authorization domain: separate per-function replay registries.,No dedicated replay finding expected; findings may point only to helper-library ecrecover/external-call code rather than replay semantics.,FIND replay vulnerability,historically-inspired,Ambire 2021 cross-identity/path replay class inspired; independently minimized.,8b4743849ee7c0d3aff4,V4_001
SR_V4_002,contracts/SR_V4_002_DelegatedVoteMultiDomainCrossPurpose02.sol,SR_DelegatedVoteMultiDomainCrossPurpose02,SR,SignatureReplayDetector,,SignatureReplayDetector,vulnerable,4_same_authorization_reused_across_paths_or_domains,Cross-path/domain replay (cross_purpose),Delegated Vote,inherited verification helper,purpose/function tag omitted and independent execute/cancel registries,one signature is valid for two logically distinct purposes,Replay protection is scoped more narrowly than the signed authorization domain: purpose/function tag omitted and independent execute/cancel registries.,No dedicated replay finding expected; generic ecrecover-related output may occur in the shared helper but does not classify replay.,FIND replay vulnerability,synthetic,Synthetic cross-path/domain replay fixture.,179c93de217b3bd60e88,V4_002
SR_V4_003,contracts/SR_V4_003_OrderFillMultiDomainCrossContract03.sol,SR_OrderFillMultiDomainCrossContract03,SR,SignatureReplayDetector,,SignatureReplayDetector,vulnerable,4_same_authorization_reused_across_paths_or_domains,Cross-path/domain replay (cross_contract),Signed Order Fill,builtin ecrecover,per-contract used state but digest omits address(this),signature can be consumed once on each sibling deployment sharing the signer,Replay protection is scoped more narrowly than the signed authorization domain: per-contract used state but digest omits address(this).,No dedicated replay finding expected; stock Aderyn may emit its generic low-severity ecrecover/signature-malleability warning.,FIND replay vulnerability,standards-inspired,EIP-712/ERC-2612 domain-separation replay considerations inspired; independently minimized.,8b68d1b5ec5598620cab,V4_003
SR_V4_004,contracts/SR_V4_004_EscrowReleaseMultiDomainCrossChain04.sol,SR_EscrowReleaseMultiDomainCrossChain04,SR,SignatureReplayDetector,,SignatureReplayDetector,vulnerable,4_same_authorization_reused_across_paths_or_domains,Cross-path/domain replay (cross_chain),Escrow Release,self-contained ECDSA.recover-style library,per-chain nonce state but digest omits block.chainid,matching nonce state on another chain accepts the same signature,Replay protection is scoped more narrowly than the signed authorization domain: per-chain nonce state but digest omits block.chainid.,No dedicated replay finding expected; generic ecrecover-related output may occur in the shared helper but does not classify replay.,FIND replay vulnerability,standards-inspired,EIP-712/ERC-2612 domain-separation replay considerations inspired; independently minimized.,917277f6014df177dd0e,V4_004
SR_V4_005,contracts/SR_V4_005_BurnMultiDomainCrossWallet05.sol,SR_BurnMultiDomainCrossWallet05,SR,SignatureReplayDetector,,SignatureReplayDetector,vulnerable,4_same_authorization_reused_across_paths_or_domains,Cross-path/domain replay (cross_wallet),Signed Burn,ERC-1271 isValidSignature,per-wallet nonce state but signed digest omits the ERC-1271 account address,same owner-backed signature can validate for sibling smart accounts with matching state,Replay protection is scoped more narrowly than the signed authorization domain: per-wallet nonce state but signed digest omits the ERC-1271 account address.,No dedicated replay finding expected; an unrelated external-call/reentrancy-style warning may appear when state writes follow verification.,FIND replay vulnerability,historically-inspired,Alchemy 2023 ERC-1271 cross-smart-account replay disclosure inspired; independently minimized.,8f8ce60da6f180bf86bd,V4_005
SR_V4_006,contracts/SR_V4_006_AdminGrantMultiDomainModuleNamespace06.sol,SR_AdminGrantMultiDomainModuleNamespace06,SR,SignatureReplayDetector,,SignatureReplayDetector,vulnerable,4_same_authorization_reused_across_paths_or_domains,Cross-path/domain replay (module_namespace),Admin Grant,internal signature-verification wrapper,"used state namespaced by moduleId, but moduleId is omitted from signed digest",same authorization is accepted once in each moduleId domain,"Replay protection is scoped more narrowly than the signed authorization domain: used state namespaced by moduleId, but moduleId is omitted from signed digest.",No dedicated replay finding expected; generic ecrecover-related output may occur in the shared helper but does not classify replay.,FIND replay vulnerability,synthetic,Synthetic cross-path/domain replay fixture.,f6c9298fd7158a3f592a,V4_006
SR_V4_007,contracts/SR_V4_007_FeeRebateMultiDomainMarketNamespace07.sol,SR_FeeRebateMultiDomainMarketNamespace07,SR,SignatureReplayDetector,,SignatureReplayDetector,vulnerable,4_same_authorization_reused_across_paths_or_domains,Cross-path/domain replay (market_namespace),Fee Rebate,two-level internal verification wrapper,"used state namespaced by marketId, but marketId is omitted from signed digest",same authorization is accepted once in each marketId domain,"Replay protection is scoped more narrowly than the signed authorization domain: used state namespaced by marketId, but marketId is omitted from signed digest.",No dedicated replay finding expected; generic ecrecover-related output may occur in the shared helper but does not classify replay.,FIND replay vulnerability,synthetic,Synthetic cross-path/domain replay fixture.,5da8b4d3b33087e22142,V4_007
SR_V4_008,contracts/SR_V4_008_ReferralPayoutMultiDomainSeasonNamespace08.sol,SR_ReferralPayoutMultiDomainSeasonNamespace08,SR,SignatureReplayDetector,,SignatureReplayDetector,vulnerable,4_same_authorization_reused_across_paths_or_domains,Cross-path/domain replay (season_namespace),Referral Payout,external verifier interface,"used state namespaced by seasonId, but seasonId is omitted from signed digest",same authorization is accepted once in each seasonId domain,"Replay protection is scoped more narrowly than the signed authorization domain: used state namespaced by seasonId, but seasonId is omitted from signed digest.",No dedicated replay finding expected; an unrelated external-call/reentrancy-style warning may appear when state writes follow verification.,FIND replay vulnerability,synthetic,Synthetic cross-path/domain replay fixture.,22a9c848a016388433f6,V4_008
SR_V4_009,contracts/SR_V4_009_SubscriptionMultiDomainBridgeDomain09.sol,SR_SubscriptionMultiDomainBridgeDomain09,SR,SignatureReplayDetector,,SignatureReplayDetector,vulnerable,4_same_authorization_reused_across_paths_or_domains,Cross-path/domain replay (bridge_domain),Subscription Charge,ERC-1271 isValidSignature,processed-message state is source-chain-specific but sourceChainId is not authenticated,the same signed message can be replayed under another source-chain namespace,Replay protection is scoped more narrowly than the signed authorization domain: processed-message state is source-chain-specific but sourceChainId is not authenticated.,No dedicated replay finding expected; an unrelated external-call/reentrancy-style warning may appear when state writes follow verification.,FIND replay vulnerability,standards-inspired,EIP-712/ERC-2612 domain-separation replay considerations inspired; independently minimized.,840b229790490882db91,V4_009
SR_V4_010,contracts/SR_V4_010_SessionSpendMultiDomainBatchSubset10.sol,SR_SessionSpendMultiDomainBatchSubset10,SR,SignatureReplayDetector,,SignatureReplayDetector,vulnerable,4_same_authorization_reused_across_paths_or_domains,Cross-path/domain replay (batch_subset),Session Spend,SignatureChecker-style EOA/ERC-1271 abstraction,"signature commits only to an individual call, not the containing execution payload, and paths use separate replay state",a call signature can be extracted/reused in a different execution path or partial batch,"Replay protection is scoped more narrowly than the signed authorization domain: signature commits only to an individual call, not the containing execution payload, and paths use separate replay state.",No dedicated replay finding expected; findings may point only to helper-library ecrecover/external-call code rather than replay semantics.,FIND replay vulnerability,historically-inspired,Sequence 2025 partial session signature replay class inspired; independently minimized.,dadab024af6b5cd3468b,V4_010
SR_V4_011,contracts/SR_V4_011_OracleUpdateMultiDomainCrossFunction11.sol,SR_OracleUpdateMultiDomainCrossFunction11,SR,SignatureReplayDetector,,SignatureReplayDetector,vulnerable,4_same_authorization_reused_across_paths_or_domains,Cross-path/domain replay (cross_function),Signed Oracle Update,inherited verification helper,separate per-function replay registries,same digest accepted by two functions with independent one-time state,Replay protection is scoped more narrowly than the signed authorization domain: separate per-function replay registries.,No dedicated replay finding expected; generic ecrecover-related output may occur in the shared helper but does not classify replay.,FIND replay vulnerability,synthetic,Synthetic cross-path/domain replay fixture.,9eb787afe5a5e81fcccb,V4_011
SR_V4_012,contracts/SR_V4_012_AirdropMultiDomainCrossPurpose12.sol,SR_AirdropMultiDomainCrossPurpose12,SR,SignatureReplayDetector,,SignatureReplayDetector,vulnerable,4_same_authorization_reused_across_paths_or_domains,Cross-path/domain replay (cross_purpose),Airdrop Claim,builtin ecrecover,purpose/function tag omitted and independent execute/cancel registries,one signature is valid for two logically distinct purposes,Replay protection is scoped more narrowly than the signed authorization domain: purpose/function tag omitted and independent execute/cancel registries.,No dedicated replay finding expected; stock Aderyn may emit its generic low-severity ecrecover/signature-malleability warning.,FIND replay vulnerability,synthetic,Synthetic cross-path/domain replay fixture.,a641180c0013702dec57,V4_012
SR_V4_013,contracts/SR_V4_013_TreasuryMultiDomainCrossContract13.sol,SR_TreasuryMultiDomainCrossContract13,SR,SignatureReplayDetector,,SignatureReplayDetector,vulnerable,4_same_authorization_reused_across_paths_or_domains,Cross-path/domain replay (cross_contract),Treasury Payment,self-contained ECDSA.recover-style library,per-contract used state but digest omits address(this),signature can be consumed once on each sibling deployment sharing the signer,Replay protection is scoped more narrowly than the signed authorization domain: per-contract used state but digest omits address(this).,No dedicated replay finding expected; generic ecrecover-related output may occur in the shared helper but does not classify replay.,FIND replay vulnerability,standards-inspired,EIP-712/ERC-2612 domain-separation replay considerations inspired; independently minimized.,ab3bc6b2630c5f163000,V4_013
SR_V4_014,contracts/SR_V4_014_CouponMultiDomainCrossChain14.sol,SR_CouponMultiDomainCrossChain14,SR,SignatureReplayDetector,,SignatureReplayDetector,vulnerable,4_same_authorization_reused_across_paths_or_domains,Cross-path/domain replay (cross_chain),Coupon Redemption,self-contained ECDSA.tryRecover-style library,"independent per-chain-domain nonce state, but the selected executionChainId is omitted from the signed digest",caller selects chain-domain nonce namespace -> nonce check -> signature omits namespace -> namespace-specific nonce update,The same signature can be accepted once in each executionChainId namespace when the per-user nonce matches because the chosen chain-domain identifier is not authenticated.,No dedicated replay finding expected; generic ecrecover-related output may occur in the shared helper but does not classify replay.,FIND replay vulnerability,standards-inspired,EIP-712/ERC-2612 domain-separation replay considerations inspired; independently minimized.,1ff23ce1d5b08aeaf4b4,V4_014
SR_V4_015,contracts/SR_V4_015_ListingMultiDomainCrossWallet15.sol,SR_ListingMultiDomainCrossWallet15,SR,SignatureReplayDetector,,SignatureReplayDetector,vulnerable,4_same_authorization_reused_across_paths_or_domains,Cross-path/domain replay (cross_wallet),Marketplace Listing Acceptance,ERC-1271 isValidSignature,per-wallet nonce state but signed digest omits the ERC-1271 account address,same owner-backed signature can validate for sibling smart accounts with matching state,Replay protection is scoped more narrowly than the signed authorization domain: per-wallet nonce state but signed digest omits the ERC-1271 account address.,No dedicated replay finding expected; an unrelated external-call/reentrancy-style warning may appear when state writes follow verification.,FIND replay vulnerability,historically-inspired,Alchemy 2023 ERC-1271 cross-smart-account replay disclosure inspired; independently minimized.,bd9470fc225eff19ba62,V4_015
SR_V4_016,contracts/SR_V4_016_StakingExitMultiDomainModuleNamespace16.sol,SR_StakingExitMultiDomainModuleNamespace16,SR,SignatureReplayDetector,,SignatureReplayDetector,vulnerable,4_same_authorization_reused_across_paths_or_domains,Cross-path/domain replay (module_namespace),Staking Exit,two-level internal verification wrapper,"per-module per-staker sequential nonce, but moduleId is omitted from the signed digest",module-specific nonce check -> nested wrapper verification -> signature omits module -> module-specific nonce update,"Each module maintains an independent nonce stream, yet moduleId is not authenticated. A signature valid at nonce n in one module can be replayed in another module whose nonce is also n.",No dedicated replay finding expected; generic ecrecover-related output may occur in the shared helper but does not classify replay.,FIND replay vulnerability,synthetic,Synthetic cross-path/domain replay fixture.,1c835b5242a9f0207caf,V4_016
SR_V4_017,contracts/SR_V4_017_LiquidationMultiDomainMarketNamespace17.sol,SR_LiquidationMultiDomainMarketNamespace17,SR,SignatureReplayDetector,,SignatureReplayDetector,vulnerable,4_same_authorization_reused_across_paths_or_domains,Cross-path/domain replay (market_namespace),Liquidation Authorization,external verifier interface,"used state namespaced by marketId, but marketId is omitted from signed digest",same authorization is accepted once in each marketId domain,"Replay protection is scoped more narrowly than the signed authorization domain: used state namespaced by marketId, but marketId is omitted from signed digest.",No dedicated replay finding expected; an unrelated external-call/reentrancy-style warning may appear when state writes follow verification.,FIND replay vulnerability,synthetic,Synthetic cross-path/domain replay fixture.,a2fed96224258f9ece0f,V4_017
SR_V4_018,contracts/SR_V4_018_LoanDrawMultiDomainSeasonNamespace18.sol,SR_LoanDrawMultiDomainSeasonNamespace18,SR,SignatureReplayDetector,,SignatureReplayDetector,vulnerable,4_same_authorization_reused_across_paths_or_domains,Cross-path/domain replay (season_namespace),Loan Draw,ERC-1271 isValidSignature,"used state namespaced by seasonId, but seasonId is omitted from signed digest",same authorization is accepted once in each seasonId domain,"Replay protection is scoped more narrowly than the signed authorization domain: used state namespaced by seasonId, but seasonId is omitted from signed digest.",No dedicated replay finding expected; an unrelated external-call/reentrancy-style warning may appear when state writes follow verification.,FIND replay vulnerability,synthetic,Synthetic cross-path/domain replay fixture.,6b4a477e8b6c7754c5d0,V4_018
SR_V4_019,contracts/SR_V4_019_SwapQuoteMultiDomainBridgeDomain19.sol,SR_SwapQuoteMultiDomainBridgeDomain19,SR,SignatureReplayDetector,,SignatureReplayDetector,vulnerable,4_same_authorization_reused_across_paths_or_domains,Cross-path/domain replay (bridge_domain),Signed Swap Quote,SignatureChecker-style EOA/ERC-1271 abstraction,processed-message state is source-chain-specific but sourceChainId is not authenticated,the same signed message can be replayed under another source-chain namespace,Replay protection is scoped more narrowly than the signed authorization domain: processed-message state is source-chain-specific but sourceChainId is not authenticated.,No dedicated replay finding expected; findings may point only to helper-library ecrecover/external-call code rather than replay semantics.,FIND replay vulnerability,standards-inspired,EIP-712/ERC-2612 domain-separation replay considerations inspired; independently minimized.,2a3a48dda20831d2b6b6,V4_019
SR_V4_020,contracts/SR_V4_020_GovernanceMultiDomainBatchSubset20.sol,SR_GovernanceMultiDomainBatchSubset20,SR,SignatureReplayDetector,,SignatureReplayDetector,vulnerable,4_same_authorization_reused_across_paths_or_domains,Cross-path/domain replay (batch_subset),Governance Execution,inherited verification helper,"signature commits only to an individual call, not the containing execution payload, and paths use separate replay state",a call signature can be extracted/reused in a different execution path or partial batch,"Replay protection is scoped more narrowly than the signed authorization domain: signature commits only to an individual call, not the containing execution payload, and paths use separate replay state.",No dedicated replay finding expected; generic ecrecover-related output may occur in the shared helper but does not classify replay.,FIND replay vulnerability,historically-inspired,Sequence 2025 partial session signature replay class inspired; independently minimized.,6798ef2fc3045ccc859d,V4_020
SR_V4_021,contracts/SR_V4_021_PermitLikeMultiDomainCrossFunction21.sol,SR_PermitLikeMultiDomainCrossFunction21,SR,SignatureReplayDetector,,SignatureReplayDetector,vulnerable,4_same_authorization_reused_across_paths_or_domains,Cross-path/domain replay (cross_function),Permit-like Approval,builtin ecrecover,separate per-function replay registries,same digest accepted by two functions with independent one-time state,Replay protection is scoped more narrowly than the signed authorization domain: separate per-function replay registries.,No dedicated replay finding expected; stock Aderyn may emit its generic low-severity ecrecover/signature-malleability warning.,FIND replay vulnerability,synthetic,Synthetic cross-path/domain replay fixture.,c64656a5b79abf3ae093,V4_021
SR_V4_022,contracts/SR_V4_022_MetaTxMultiDomainCrossPurpose22.sol,SR_MetaTxMultiDomainCrossPurpose22,SR,SignatureReplayDetector,,SignatureReplayDetector,vulnerable,4_same_authorization_reused_across_paths_or_domains,Cross-path/domain replay (cross_purpose),Meta Transaction,self-contained ECDSA.recover-style library,purpose/function tag omitted and independent execute/cancel registries,one signature is valid for two logically distinct purposes,Replay protection is scoped more narrowly than the signed authorization domain: purpose/function tag omitted and independent execute/cancel registries.,No dedicated replay finding expected; generic ecrecover-related output may occur in the shared helper but does not classify replay.,FIND replay vulnerability,synthetic,Synthetic cross-path/domain replay fixture.,362b3cb68f9091b603dd,V4_022
SR_V4_023,contracts/SR_V4_023_DelegatedTransferMultiDomainCrossContract23.sol,SR_DelegatedTransferMultiDomainCrossContract23,SR,SignatureReplayDetector,,SignatureReplayDetector,vulnerable,4_same_authorization_reused_across_paths_or_domains,Cross-path/domain replay (cross_contract),Delegated Transfer,self-contained ECDSA.tryRecover-style library,per-contract used state but digest omits address(this),signature can be consumed once on each sibling deployment sharing the signer,Replay protection is scoped more narrowly than the signed authorization domain: per-contract used state but digest omits address(this).,No dedicated replay finding expected; generic ecrecover-related output may occur in the shared helper but does not classify replay.,FIND replay vulnerability,standards-inspired,EIP-712/ERC-2612 domain-separation replay considerations inspired; independently minimized.,bf32cf2a1d95070e7c28,V4_023
SR_V4_024,contracts/SR_V4_024_KeeperMultiDomainCrossChain24.sol,SR_KeeperMultiDomainCrossChain24,SR,SignatureReplayDetector,,SignatureReplayDetector,vulnerable,4_same_authorization_reused_across_paths_or_domains,Cross-path/domain replay (cross_chain),Keeper Authorization,internal signature-verification wrapper,per-chain nonce state but digest omits block.chainid,matching nonce state on another chain accepts the same signature,Replay protection is scoped more narrowly than the signed authorization domain: per-chain nonce state but digest omits block.chainid.,No dedicated replay finding expected; generic ecrecover-related output may occur in the shared helper but does not classify replay.,FIND replay vulnerability,standards-inspired,EIP-712/ERC-2612 domain-separation replay considerations inspired; independently minimized.,45bf1308959d9e88e105,V4_024
SR_V4_025,contracts/SR_V4_025_CollateralMultiDomainCrossWallet25.sol,SR_CollateralMultiDomainCrossWallet25,SR,SignatureReplayDetector,,SignatureReplayDetector,vulnerable,4_same_authorization_reused_across_paths_or_domains,Cross-path/domain replay (cross_wallet),Collateral Withdrawal,ERC-1271 isValidSignature,per-wallet nonce state but signed digest omits the ERC-1271 account address,same owner-backed signature can validate for sibling smart accounts with matching state,Replay protection is scoped more narrowly than the signed authorization domain: per-wallet nonce state but signed digest omits the ERC-1271 account address.,No dedicated replay finding expected; an unrelated external-call/reentrancy-style warning may appear when state writes follow verification.,FIND replay vulnerability,historically-inspired,Alchemy 2023 ERC-1271 cross-smart-account replay disclosure inspired; independently minimized.,9a45480170675cca2a85,V4_025
SR_V4_026,contracts/SR_V4_026_RfqMultiDomainModuleNamespace26.sol,SR_RfqMultiDomainModuleNamespace26,SR,SignatureReplayDetector,,SignatureReplayDetector,vulnerable,4_same_authorization_reused_across_paths_or_domains,Cross-path/domain replay (module_namespace),RFQ Trade,external verifier interface,"used state namespaced by moduleId, but moduleId is omitted from signed digest",same authorization is accepted once in each moduleId domain,"Replay protection is scoped more narrowly than the signed authorization domain: used state namespaced by moduleId, but moduleId is omitted from signed digest.",No dedicated replay finding expected; an unrelated external-call/reentrancy-style warning may appear when state writes follow verification.,FIND replay vulnerability,synthetic,Synthetic cross-path/domain replay fixture.,a3ce85a59da27f70aa1b,V4_026
SR_V4_027,contracts/SR_V4_027_VaultHarvestMultiDomainMarketNamespace27.sol,SR_VaultHarvestMultiDomainMarketNamespace27,SR,SignatureReplayDetector,,SignatureReplayDetector,vulnerable,4_same_authorization_reused_across_paths_or_domains,Cross-path/domain replay (market_namespace),Vault Harvest,ERC-1271 isValidSignature,"used state namespaced by marketId, but marketId is omitted from signed digest",same authorization is accepted once in each marketId domain,"Replay protection is scoped more narrowly than the signed authorization domain: used state namespaced by marketId, but marketId is omitted from signed digest.",No dedicated replay finding expected; an unrelated external-call/reentrancy-style warning may appear when state writes follow verification.,FIND replay vulnerability,synthetic,Synthetic cross-path/domain replay fixture.,bbb6d50fdaaa89ad820c,V4_027
SR_V4_028,contracts/SR_V4_028_BondRedeemMultiDomainSeasonNamespace28.sol,SR_BondRedeemMultiDomainSeasonNamespace28,SR,SignatureReplayDetector,,SignatureReplayDetector,vulnerable,4_same_authorization_reused_across_paths_or_domains,Cross-path/domain replay (season_namespace),Bond Redemption,SignatureChecker-style EOA/ERC-1271 abstraction,"used state namespaced by seasonId, but seasonId is omitted from signed digest",same authorization is accepted once in each seasonId domain,"Replay protection is scoped more narrowly than the signed authorization domain: used state namespaced by seasonId, but seasonId is omitted from signed digest.",No dedicated replay finding expected; findings may point only to helper-library ecrecover/external-call code rather than replay semantics.,FIND replay vulnerability,synthetic,Synthetic cross-path/domain replay fixture.,4678d2f90bab1bebc485,V4_028
SR_V4_029,contracts/SR_V4_029_AffiliateMultiDomainBridgeDomain29.sol,SR_AffiliateMultiDomainBridgeDomain29,SR,SignatureReplayDetector,,SignatureReplayDetector,vulnerable,4_same_authorization_reused_across_paths_or_domains,Cross-path/domain replay (bridge_domain),Affiliate Credit,inherited verification helper,processed-message state is source-chain-specific but sourceChainId is not authenticated,the same signed message can be replayed under another source-chain namespace,Replay protection is scoped more narrowly than the signed authorization domain: processed-message state is source-chain-specific but sourceChainId is not authenticated.,No dedicated replay finding expected; generic ecrecover-related output may occur in the shared helper but does not classify replay.,FIND replay vulnerability,standards-inspired,EIP-712/ERC-2612 domain-separation replay considerations inspired; independently minimized.,890c7474f246c7a43b3a,V4_029
SR_V4_030,contracts/SR_V4_030_FeeWithdrawMultiDomainBatchSubset30.sol,SR_FeeWithdrawMultiDomainBatchSubset30,SR,SignatureReplayDetector,,SignatureReplayDetector,vulnerable,4_same_authorization_reused_across_paths_or_domains,Cross-path/domain replay (batch_subset),Fee Withdrawal,builtin ecrecover,"signature commits only to an individual call, not the containing execution payload, and paths use separate replay state",a call signature can be extracted/reused in a different execution path or partial batch,"Replay protection is scoped more narrowly than the signed authorization domain: signature commits only to an individual call, not the containing execution payload, and paths use separate replay state.",No dedicated replay finding expected; stock Aderyn may emit its generic low-severity ecrecover/signature-malleability warning.,FIND replay vulnerability,historically-inspired,Sequence 2025 partial session signature replay class inspired; independently minimized.,bf25babe1b6b13b56cf8,V4_030
SR_V4_031,contracts/SR_V4_031_RescueMultiDomainCrossFunction31.sol,SR_RescueMultiDomainCrossFunction31,SR,SignatureReplayDetector,,SignatureReplayDetector,vulnerable,4_same_authorization_reused_across_paths_or_domains,Cross-path/domain replay (cross_function),Token Rescue,self-contained ECDSA.recover-style library,separate per-function replay registries,same digest accepted by two functions with independent one-time state,Replay protection is scoped more narrowly than the signed authorization domain: separate per-function replay registries.,No dedicated replay finding expected; generic ecrecover-related output may occur in the shared helper but does not classify replay.,FIND replay vulnerability,synthetic,Synthetic cross-path/domain replay fixture.,edd6d0e566909702006c,V4_031
SR_V4_032,contracts/SR_V4_032_UpgradeMultiDomainCrossPurpose32.sol,SR_UpgradeMultiDomainCrossPurpose32,SR,SignatureReplayDetector,,SignatureReplayDetector,vulnerable,4_same_authorization_reused_across_paths_or_domains,Cross-path/domain replay (cross_purpose),Upgrade Authorization,self-contained ECDSA.tryRecover-style library,purpose/function tag omitted and independent execute/cancel registries,one signature is valid for two logically distinct purposes,Replay protection is scoped more narrowly than the signed authorization domain: purpose/function tag omitted and independent execute/cancel registries.,No dedicated replay finding expected; generic ecrecover-related output may occur in the shared helper but does not classify replay.,FIND replay vulnerability,synthetic,Synthetic cross-path/domain replay fixture.,d763f44e5e72aca7c934,V4_032
SR_V4_033,contracts/SR_V4_033_ValidatorExitMultiDomainCrossContract33.sol,SR_ValidatorExitMultiDomainCrossContract33,SR,SignatureReplayDetector,,SignatureReplayDetector,vulnerable,4_same_authorization_reused_across_paths_or_domains,Cross-path/domain replay (cross_contract),Validator Exit,internal signature-verification wrapper,per-contract used state but digest omits address(this),signature can be consumed once on each sibling deployment sharing the signer,Replay protection is scoped more narrowly than the signed authorization domain: per-contract used state but digest omits address(this).,No dedicated replay finding expected; generic ecrecover-related output may occur in the shared helper but does not classify replay.,FIND replay vulnerability,standards-inspired,EIP-712/ERC-2612 domain-separation replay considerations inspired; independently minimized.,1354a8f6cf19fbd98bb5,V4_033
SR_V4_034,contracts/SR_V4_034_BridgeMintMultiDomainCrossChain34.sol,SR_BridgeMintMultiDomainCrossChain34,SR,SignatureReplayDetector,,SignatureReplayDetector,vulnerable,4_same_authorization_reused_across_paths_or_domains,Cross-path/domain replay (cross_chain),Bridge Mint,two-level internal verification wrapper,per-chain nonce state but digest omits block.chainid,matching nonce state on another chain accepts the same signature,Replay protection is scoped more narrowly than the signed authorization domain: per-chain nonce state but digest omits block.chainid.,No dedicated replay finding expected; generic ecrecover-related output may occur in the shared helper but does not classify replay.,FIND replay vulnerability,standards-inspired,EIP-712/ERC-2612 domain-separation replay considerations inspired; independently minimized.,a5e804fd750b52cf0883,V4_034
SR_V4_035,contracts/SR_V4_035_AccountRecoveryMultiDomainCrossWallet35.sol,SR_AccountRecoveryMultiDomainCrossWallet35,SR,SignatureReplayDetector,,SignatureReplayDetector,vulnerable,4_same_authorization_reused_across_paths_or_domains,Cross-path/domain replay (cross_wallet),Account Recovery,ERC-1271 isValidSignature,per-wallet nonce state but signed digest omits the ERC-1271 account address,same owner-backed signature can validate for sibling smart accounts with matching state,Replay protection is scoped more narrowly than the signed authorization domain: per-wallet nonce state but signed digest omits the ERC-1271 account address.,No dedicated replay finding expected; an unrelated external-call/reentrancy-style warning may appear when state writes follow verification.,FIND replay vulnerability,historically-inspired,Alchemy 2023 ERC-1271 cross-smart-account replay disclosure inspired; independently minimized.,ab5febfd289c8dbdc618,V4_035
SR_V4_036,contracts/SR_V4_036_RoyaltyMultiDomainModuleNamespace36.sol,SR_RoyaltyMultiDomainModuleNamespace36,SR,SignatureReplayDetector,,SignatureReplayDetector,vulnerable,4_same_authorization_reused_across_paths_or_domains,Cross-path/domain replay (module_namespace),Royalty Claim,ERC-1271 isValidSignature,"per-module authorization registry records consumption block, but moduleId is omitted from the ERC-1271-signed digest",module-scoped consumption guard -> ERC-1271 verification without module binding -> block-number consumption marker,"The authorization is consumed only in the selected module namespace. Since moduleId is absent from the digest, the same ERC-1271 authorization can be accepted once in another module namespace.",No dedicated replay finding expected; an unrelated external-call/reentrancy-style warning may appear when state writes follow verification.,FIND replay vulnerability,synthetic,Synthetic cross-path/domain replay fixture.,d859d6bf32f1292b7552,V4_036
SR_V4_037,contracts/SR_V4_037_BatchPaymentMultiDomainMarketNamespace37.sol,SR_BatchPaymentMultiDomainMarketNamespace37,SR,SignatureReplayDetector,,SignatureReplayDetector,vulnerable,4_same_authorization_reused_across_paths_or_domains,Cross-path/domain replay (market_namespace),Batch Payment,SignatureChecker-style EOA/ERC-1271 abstraction,"used state namespaced by marketId, but marketId is omitted from signed digest",same authorization is accepted once in each marketId domain,"Replay protection is scoped more narrowly than the signed authorization domain: used state namespaced by marketId, but marketId is omitted from signed digest.",No dedicated replay finding expected; findings may point only to helper-library ecrecover/external-call code rather than replay semantics.,FIND replay vulnerability,synthetic,Synthetic cross-path/domain replay fixture.,361bdf1c15e79b26aeb5,V4_037
SR_V4_038,contracts/SR_V4_038_RefundMultiDomainSeasonNamespace38.sol,SR_RefundMultiDomainSeasonNamespace38,SR,SignatureReplayDetector,,SignatureReplayDetector,vulnerable,4_same_authorization_reused_across_paths_or_domains,Cross-path/domain replay (season_namespace),Fee Refund,inherited verification helper,"per-season unordered nonce bitmap, but seasonId is omitted from the signed digest",season-specific bitmap guard -> signature omits season -> bit consumption in selected season namespace,"The authorization number is consumed only inside the caller-selected season bitmap. Because seasonId is not signed, the same authorization can be consumed again in a different season namespace.",No dedicated replay finding expected; generic ecrecover-related output may occur in the shared helper but does not classify replay.,FIND replay vulnerability,synthetic,Synthetic cross-path/domain replay fixture.,f82e968bacd8842ac66e,V4_038
SR_V4_039,contracts/SR_V4_039_TicketMultiDomainBridgeDomain39.sol,SR_TicketMultiDomainBridgeDomain39,SR,SignatureReplayDetector,,SignatureReplayDetector,vulnerable,4_same_authorization_reused_across_paths_or_domains,Cross-path/domain replay (bridge_domain),Claim Ticket,builtin ecrecover,processed-message state is source-chain-specific but sourceChainId is not authenticated,the same signed message can be replayed under another source-chain namespace,Replay protection is scoped more narrowly than the signed authorization domain: processed-message state is source-chain-specific but sourceChainId is not authenticated.,No dedicated replay finding expected; stock Aderyn may emit its generic low-severity ecrecover/signature-malleability warning.,FIND replay vulnerability,standards-inspired,EIP-712/ERC-2612 domain-separation replay considerations inspired; independently minimized.,f98587bf86d9d7732c8b,V4_039
SR_V4_040,contracts/SR_V4_040_GaslessTransferMultiDomainBatchSubset40.sol,SR_GaslessTransferMultiDomainBatchSubset40,SR,SignatureReplayDetector,,SignatureReplayDetector,vulnerable,4_same_authorization_reused_across_paths_or_domains,Cross-path/domain replay (batch_subset),Gasless Transfer,self-contained ECDSA.recover-style library,"signature commits only to an individual call, not the containing execution payload, and paths use separate replay state",a call signature can be extracted/reused in a different execution path or partial batch,"Replay protection is scoped more narrowly than the signed authorization domain: signature commits only to an individual call, not the containing execution payload, and paths use separate replay state.",No dedicated replay finding expected; generic ecrecover-related output may occur in the shared helper but does not classify replay.,FIND replay vulnerability,historically-inspired,Sequence 2025 partial session signature replay class inspired; independently minimized.,25bba0c685fe8abdfe3b,V4_040
SR_S1_001,contracts/SR_S1_001_GaslessTransferSafePrincipalNonce01.sol,SR_GaslessTransferSafePrincipalNonce01,SR,SignatureReplayDetector,,SignatureReplayDetector,safe,safe_correct_nonce_consumption,Safe control: authenticated per-principal nonce is checked and advanced,Gasless Transfer,builtin ecrecover,signed nonce equals persistent per-principal nonce and is advanced exactly once,nonce read/check -> signature verification -> nonce write -> effect,The old signed nonce no longer matches persistent state after the first successful execution.,No dedicated replay finding expected; stock Aderyn may emit its generic low-severity ecrecover/signature-malleability warning.,NO replay finding,synthetic,Synthetic safe control.,50218788cfe7d2712ee4,S1_001
SR_S1_002,contracts/SR_S1_002_RewardClaimSafePrincipalNonce02.sol,SR_RewardClaimSafePrincipalNonce02,SR,SignatureReplayDetector,,SignatureReplayDetector,safe,safe_correct_nonce_consumption,Safe control: authenticated per-principal nonce is checked and advanced,Reward Claim,self-contained ECDSA.recover-style library,signed nonce equals persistent per-principal nonce and is advanced exactly once,nonce read/check -> signature verification -> nonce write -> effect,The old signed nonce no longer matches persistent state after the first successful execution.,No dedicated replay finding expected; generic ecrecover-related output may occur in the shared helper but does not classify replay.,NO replay finding,synthetic,Synthetic safe control.,1342492aaba2a915331b,S1_002
SR_S1_003,contracts/SR_S1_003_OrderFillSafePrincipalNonce03.sol,SR_OrderFillSafePrincipalNonce03,SR,SignatureReplayDetector,,SignatureReplayDetector,safe,safe_correct_nonce_consumption,Safe control: authenticated per-principal nonce is checked and advanced,Signed Order Fill,self-contained ECDSA.tryRecover-style library,signed nonce equals persistent per-principal nonce and is advanced exactly once,nonce read/check -> signature verification -> nonce write -> effect,The old signed nonce no longer matches persistent state after the first successful execution.,No dedicated replay finding expected; generic ecrecover-related output may occur in the shared helper but does not classify replay.,NO replay finding,synthetic,Synthetic safe control.,2924df0d542417fbff19,S1_003
SR_S1_004,contracts/SR_S1_004_AdminGrantSafePrincipalNonce04.sol,SR_AdminGrantSafePrincipalNonce04,SR,SignatureReplayDetector,,SignatureReplayDetector,safe,safe_correct_nonce_consumption,Safe control: authenticated per-principal nonce is checked and advanced,Admin Grant,internal signature-verification wrapper,signed nonce equals persistent per-principal nonce and is advanced exactly once,nonce read/check -> signature verification -> nonce write -> effect,The old signed nonce no longer matches persistent state after the first successful execution.,No dedicated replay finding expected; generic ecrecover-related output may occur in the shared helper but does not classify replay.,NO replay finding,synthetic,Synthetic safe control.,f1ff280dcade7836a36e,S1_004
SR_S1_005,contracts/SR_S1_005_SubscriptionSafePrincipalNonce05.sol,SR_SubscriptionSafePrincipalNonce05,SR,SignatureReplayDetector,,SignatureReplayDetector,safe,safe_correct_nonce_consumption,Safe control: authenticated per-principal nonce is checked and advanced,Subscription Charge,two-level internal verification wrapper,signed nonce equals persistent per-principal nonce and is advanced exactly once,nonce read/check -> signature verification -> nonce write -> effect,The old signed nonce no longer matches persistent state after the first successful execution.,No dedicated replay finding expected; generic ecrecover-related output may occur in the shared helper but does not classify replay.,NO replay finding,synthetic,Synthetic safe control.,6d3c9eaf2ee120c7f9d2,S1_005
SR_S1_006,contracts/SR_S1_006_AirdropSafePrincipalNonce06.sol,SR_AirdropSafePrincipalNonce06,SR,SignatureReplayDetector,,SignatureReplayDetector,safe,safe_correct_nonce_consumption,Safe control: authenticated per-principal nonce is checked and advanced,Airdrop Claim,external verifier interface,signed nonce equals persistent per-principal nonce and is advanced exactly once,nonce read/check -> signature verification -> nonce write -> effect,The old signed nonce no longer matches persistent state after the first successful execution.,No dedicated replay finding expected; an unrelated external-call/reentrancy-style warning may appear when state writes follow verification.,NO replay finding,synthetic,Synthetic safe control.,b7b5bc89394bb40d002d,S1_006
SR_S1_007,contracts/SR_S1_007_ListingSafePrincipalNonce07.sol,SR_ListingSafePrincipalNonce07,SR,SignatureReplayDetector,,SignatureReplayDetector,safe,safe_correct_nonce_consumption,Safe control: authenticated per-principal nonce is checked and advanced,Marketplace Listing Acceptance,ERC-1271 isValidSignature,signed nonce equals persistent per-principal nonce and is advanced exactly once,nonce read/check -> signature verification -> nonce write -> effect,The old signed nonce no longer matches persistent state after the first successful execution.,No dedicated replay finding expected; an unrelated external-call/reentrancy-style warning may appear when state writes follow verification.,NO replay finding,synthetic,Synthetic safe control.,4d52bad871cc8ee64fcf,S1_007
SR_S1_008,contracts/SR_S1_008_LoanDrawSafePrincipalNonce08.sol,SR_LoanDrawSafePrincipalNonce08,SR,SignatureReplayDetector,,SignatureReplayDetector,safe,safe_correct_nonce_consumption,Safe control: authenticated per-principal nonce is checked and advanced,Loan Draw,SignatureChecker-style EOA/ERC-1271 abstraction,signed nonce equals persistent per-principal nonce and is advanced exactly once,nonce read/check -> signature verification -> nonce write -> effect,The old signed nonce no longer matches persistent state after the first successful execution.,No dedicated replay finding expected; findings may point only to helper-library ecrecover/external-call code rather than replay semantics.,NO replay finding,synthetic,Synthetic safe control.,71e13d3eff075983fa74,S1_008
SR_S1_009,contracts/SR_S1_009_PermitLikeSafePrincipalNonce09.sol,SR_PermitLikeSafePrincipalNonce09,SR,SignatureReplayDetector,,SignatureReplayDetector,safe,safe_correct_nonce_consumption,Safe control: authenticated per-principal nonce is checked and advanced,Permit-like Approval,inherited verification helper,signed nonce equals persistent per-principal nonce and is advanced exactly once,nonce read/check -> signature verification -> nonce write -> effect,The old signed nonce no longer matches persistent state after the first successful execution.,No dedicated replay finding expected; generic ecrecover-related output may occur in the shared helper but does not classify replay.,NO replay finding,standards-inspired,ERC-2612/meta-transaction nonce semantics inspired.,421b7234daaaacdf9bef,S1_009
SR_S1_010,contracts/SR_S1_010_KeeperSafePrincipalNonce10.sol,SR_KeeperSafePrincipalNonce10,SR,SignatureReplayDetector,,SignatureReplayDetector,safe,safe_correct_nonce_consumption,Safe control: authenticated per-principal nonce is checked and advanced,Keeper Authorization,builtin ecrecover,signed nonce equals persistent per-principal nonce and is advanced exactly once,nonce read/check -> signature verification -> nonce write -> effect,The old signed nonce no longer matches persistent state after the first successful execution.,No dedicated replay finding expected; stock Aderyn may emit its generic low-severity ecrecover/signature-malleability warning.,NO replay finding,synthetic,Synthetic safe control.,d4a14a41568d1d29b302,S1_010
SR_S1_011,contracts/SR_S1_011_VaultHarvestSafePrincipalNonce11.sol,SR_VaultHarvestSafePrincipalNonce11,SR,SignatureReplayDetector,,SignatureReplayDetector,safe,safe_correct_nonce_consumption,Safe control: authenticated per-principal nonce is checked and advanced,Vault Harvest,self-contained ECDSA.recover-style library,signed nonce equals persistent per-principal nonce and is advanced exactly once,nonce read/check -> signature verification -> nonce write -> effect,The old signed nonce no longer matches persistent state after the first successful execution.,No dedicated replay finding expected; generic ecrecover-related output may occur in the shared helper but does not classify replay.,NO replay finding,synthetic,Synthetic safe control.,7d818a4c255779dd7612,S1_011
SR_S1_012,contracts/SR_S1_012_FeeWithdrawSafePrincipalNonce12.sol,SR_FeeWithdrawSafePrincipalNonce12,SR,SignatureReplayDetector,,SignatureReplayDetector,safe,safe_correct_nonce_consumption,Safe control: authenticated per-principal nonce is checked and advanced,Fee Withdrawal,self-contained ECDSA.tryRecover-style library,signed nonce equals persistent per-principal nonce and is advanced exactly once,nonce read/check -> signature verification -> nonce write -> effect,The old signed nonce no longer matches persistent state after the first successful execution.,No dedicated replay finding expected; generic ecrecover-related output may occur in the shared helper but does not classify replay.,NO replay finding,synthetic,Synthetic safe control.,15c277ea83a8cc6e767e,S1_012
SR_S2_001,contracts/SR_S2_001_WithdrawalSafeAuthorizationId01.sol,SR_WithdrawalSafeAuthorizationId01,SR,SignatureReplayDetector,,SignatureReplayDetector,safe,safe_one_time_authorization_state,Safe control: signed authorization ID is persisted as consumed,Signed Withdrawal,self-contained ECDSA.tryRecover-style library,"same authorizationId is authenticated, checked, and permanently marked used",authorization-state read -> verify -> matching state write -> effect,A second submission fails the same storage guard that was changed by the first execution.,No dedicated replay finding expected; generic ecrecover-related output may occur in the shared helper but does not classify replay.,NO replay finding,synthetic,Synthetic regression case,27d44fc6b1c73f01f60e,S2_001
SR_S2_002,contracts/SR_S2_002_BridgeReleaseSafeAuthorizationId02.sol,SR_BridgeReleaseSafeAuthorizationId02,SR,SignatureReplayDetector,,SignatureReplayDetector,safe,safe_one_time_authorization_state,Safe control: signed authorization ID is persisted as consumed,Bridge Release,internal signature-verification wrapper,per-recipient authorizationId is authenticated and consumed through an internal state-update helper,authorization-state read -> signature verification -> interprocedural matching state write -> effect,"The authenticated authorization ID is checked and permanently consumed in the same recipient namespace through an internal helper, preventing a second execution.",No dedicated replay finding expected; generic ecrecover-related output may occur in the shared helper but does not classify replay.,NO replay finding,synthetic,Synthetic regression case,7334b529846f67bbd268,S2_002
SR_S2_003,contracts/SR_S2_003_EscrowReleaseSafeAuthorizationId03.sol,SR_EscrowReleaseSafeAuthorizationId03,SR,SignatureReplayDetector,,SignatureReplayDetector,safe,safe_one_time_authorization_state,Safe control: signed authorization ID is persisted as consumed,Escrow Release,two-level internal verification wrapper,"same authorizationId is authenticated, checked, and permanently marked used",authorization-state read -> verify -> matching state write -> effect,A second submission fails the same storage guard that was changed by the first execution.,No dedicated replay finding expected; generic ecrecover-related output may occur in the shared helper but does not classify replay.,NO replay finding,synthetic,Synthetic regression case,458ffa5c9af3871b2e25,S2_003
SR_S2_004,contracts/SR_S2_004_FeeRebateSafeAuthorizationId04.sol,SR_FeeRebateSafeAuthorizationId04,SR,SignatureReplayDetector,,SignatureReplayDetector,safe,safe_one_time_authorization_state,Safe control: signed authorization ID is persisted as consumed,Fee Rebate,external verifier interface,"same authorizationId is authenticated, checked, and permanently marked used",authorization-state read -> verify -> matching state write -> effect,A second submission fails the same storage guard that was changed by the first execution.,No dedicated replay finding expected; an unrelated external-call/reentrancy-style warning may appear when state writes follow verification.,NO replay finding,synthetic,Synthetic regression case,79e44f51067685e1e527,S2_004
SR_S2_005,contracts/SR_S2_005_SessionSpendSafeAuthorizationId05.sol,SR_SessionSpendSafeAuthorizationId05,SR,SignatureReplayDetector,,SignatureReplayDetector,safe,safe_one_time_authorization_state,Safe control: signed authorization ID is persisted as consumed,Session Spend,ERC-1271 isValidSignature,"same authorizationId is authenticated, checked, and permanently marked used",authorization-state read -> verify -> matching state write -> effect,A second submission fails the same storage guard that was changed by the first execution.,No dedicated replay finding expected; an unrelated external-call/reentrancy-style warning may appear when state writes follow verification.,NO replay finding,synthetic,Synthetic regression case,77b3d53430d23b00315e,S2_005
SR_S2_006,contracts/SR_S2_006_TreasurySafeAuthorizationId06.sol,SR_TreasurySafeAuthorizationId06,SR,SignatureReplayDetector,,SignatureReplayDetector,safe,safe_one_time_authorization_state,Safe control: signed authorization ID is persisted as consumed,Treasury Payment,SignatureChecker-style EOA/ERC-1271 abstraction,"same authorizationId is authenticated, checked, and permanently marked used",authorization-state read -> verify -> matching state write -> effect,A second submission fails the same storage guard that was changed by the first execution.,No dedicated replay finding expected; findings may point only to helper-library ecrecover/external-call code rather than replay semantics.,NO replay finding,synthetic,Synthetic regression case,adbb58fc09c83054212a,S2_006
SR_S2_007,contracts/SR_S2_007_StakingExitSafeAuthorizationId07.sol,SR_StakingExitSafeAuthorizationId07,SR,SignatureReplayDetector,,SignatureReplayDetector,safe,safe_one_time_authorization_state,Safe control: signed authorization ID is persisted as consumed,Staking Exit,inherited verification helper,"same authorizationId is authenticated, checked, and permanently marked used",authorization-state read -> verify -> matching state write -> effect,A second submission fails the same storage guard that was changed by the first execution.,No dedicated replay finding expected; generic ecrecover-related output may occur in the shared helper but does not classify replay.,NO replay finding,synthetic,Synthetic regression case,c0ae2ea1eacb9b465a3c,S2_007
SR_S2_008,contracts/SR_S2_008_SwapQuoteSafeAuthorizationId08.sol,SR_SwapQuoteSafeAuthorizationId08,SR,SignatureReplayDetector,,SignatureReplayDetector,safe,safe_one_time_authorization_state,Safe control: signed authorization ID is persisted as consumed,Signed Swap Quote,builtin ecrecover,"same authorizationId is authenticated, checked, and permanently marked used",authorization-state read -> verify -> matching state write -> effect,A second submission fails the same storage guard that was changed by the first execution.,No dedicated replay finding expected; stock Aderyn may emit its generic low-severity ecrecover/signature-malleability warning.,NO replay finding,synthetic,Synthetic regression case,d3e4c331e6ba4221a478,S2_008
SR_S2_009,contracts/SR_S2_009_MetaTxSafeAuthorizationId09.sol,SR_MetaTxSafeAuthorizationId09,SR,SignatureReplayDetector,,SignatureReplayDetector,safe,safe_one_time_authorization_state,Safe control: signed authorization ID is persisted as consumed,Meta Transaction,self-contained ECDSA.recover-style library,"same authorizationId is authenticated, checked, and permanently marked used",authorization-state read -> verify -> matching state write -> effect,A second submission fails the same storage guard that was changed by the first execution.,No dedicated replay finding expected; generic ecrecover-related output may occur in the shared helper but does not classify replay.,NO replay finding,synthetic,Synthetic regression case,96843db417ec124d9fac,S2_009
SR_S2_010,contracts/SR_S2_010_CollateralSafeAuthorizationId10.sol,SR_CollateralSafeAuthorizationId10,SR,SignatureReplayDetector,,SignatureReplayDetector,safe,safe_one_time_authorization_state,Safe control: signed authorization ID is persisted as consumed,Collateral Withdrawal,self-contained ECDSA.tryRecover-style library,"same authorizationId is authenticated, checked, and permanently marked used",authorization-state read -> verify -> matching state write -> effect,A second submission fails the same storage guard that was changed by the first execution.,No dedicated replay finding expected; generic ecrecover-related output may occur in the shared helper but does not classify replay.,NO replay finding,synthetic,Synthetic regression case,5cbbdef0fc272c55e933,S2_010
SR_S2_011,contracts/SR_S2_011_BondRedeemSafeAuthorizationId11.sol,SR_BondRedeemSafeAuthorizationId11,SR,SignatureReplayDetector,,SignatureReplayDetector,safe,safe_one_time_authorization_state,Safe control: signed authorization ID is persisted as consumed,Bond Redemption,internal signature-verification wrapper,authorization ID is authenticated and transitions from state 0 to consumed state 1,numeric authorization-state guard -> inherited signature verification -> persistent state transition -> effect,"The authorization ID is authenticated, checked in persistent state, and transitioned to a nonzero consumed state after successful verification.",No dedicated replay finding expected; generic ecrecover-related output may occur in the shared helper but does not classify replay.,NO replay finding,synthetic,Synthetic regression case,d96ab55cedd607074ef8,S2_011
SR_S2_012,contracts/SR_S2_012_RescueSafeAuthorizationId12.sol,SR_RescueSafeAuthorizationId12,SR,SignatureReplayDetector,,SignatureReplayDetector,safe,safe_one_time_authorization_state,Safe control: signed authorization ID is persisted as consumed,Token Rescue,two-level internal verification wrapper,"same authorizationId is authenticated, checked, and permanently marked used",authorization-state read -> verify -> matching state write -> effect,A second submission fails the same storage guard that was changed by the first execution.,No dedicated replay finding expected; generic ecrecover-related output may occur in the shared helper but does not classify replay.,NO replay finding,synthetic,Synthetic regression case,e57f0e29828122e9b14a,S2_012
SR_S3_001,contracts/SR_S3_001_VoucherMintSafeDomainContract01.sol,SR_VoucherMintSafeDomainContract01,SR,SignatureReplayDetector,,SignatureReplayDetector,safe,safe_domain_bound_one_time_authorization,Safe control: verifying contract address is signed,Voucher Mint,two-level internal verification wrapper,verifying contract address is signed and one-time state is consumed,domain-bound digest plus persistent replay state,The signature is scoped to the intended domain and the authorization cannot execute twice in that domain.,No dedicated replay finding expected; generic ecrecover-related output may occur in the shared helper but does not classify replay.,NO replay finding,standards-inspired,EIP-712/ERC-2612 domain-separation principles inspired.,a03fc49b00aec234616f,S3_001
SR_S3_002,contracts/SR_S3_002_DelegatedVoteSafeDomainChain02.sol,SR_DelegatedVoteSafeDomainChain02,SR,SignatureReplayDetector,,SignatureReplayDetector,safe,safe_domain_bound_one_time_authorization,Safe control: chain ID is signed,Delegated Vote,external verifier interface,chain ID is signed and one-time state is consumed,domain-bound digest plus persistent replay state,The signature is scoped to the intended domain and the authorization cannot execute twice in that domain.,No dedicated replay finding expected; an unrelated external-call/reentrancy-style warning may appear when state writes follow verification.,NO replay finding,standards-inspired,EIP-712/ERC-2612 domain-separation principles inspired.,8f374534039899b84ed1,S3_002
SR_S3_003,contracts/SR_S3_003_BurnSafeDomainContractChain03.sol,SR_BurnSafeDomainContractChain03,SR,SignatureReplayDetector,,SignatureReplayDetector,safe,safe_domain_bound_one_time_authorization,Safe control: contract and chain are both bound,Signed Burn,ERC-1271 isValidSignature,contract and chain are both bound and one-time state is consumed,domain-bound digest plus persistent replay state,The signature is scoped to the intended domain and the authorization cannot execute twice in that domain.,No dedicated replay finding expected; an unrelated external-call/reentrancy-style warning may appear when state writes follow verification.,NO replay finding,standards-inspired,EIP-712/ERC-2612 domain-separation principles inspired.,a5aac3e55024ee13933c,S3_003
SR_S3_004,contracts/SR_S3_004_ReferralPayoutSafeDomainPurpose04.sol,SR_ReferralPayoutSafeDomainPurpose04,SR,SignatureReplayDetector,,SignatureReplayDetector,safe,safe_domain_bound_one_time_authorization,Safe control: operation purpose tag is signed,Referral Payout,SignatureChecker-style EOA/ERC-1271 abstraction,operation purpose tag is signed and one-time state is consumed,domain-bound digest plus persistent replay state,The signature is scoped to the intended domain and the authorization cannot execute twice in that domain.,No dedicated replay finding expected; findings may point only to helper-library ecrecover/external-call code rather than replay semantics.,NO replay finding,standards-inspired,EIP-712/ERC-2612 domain-separation principles inspired.,f2eb8bf44092217dadb8,S3_004
SR_S3_005,contracts/SR_S3_005_OracleUpdateSafeDomainVersion05.sol,SR_OracleUpdateSafeDomainVersion05,SR,SignatureReplayDetector,,SignatureReplayDetector,safe,safe_domain_bound_one_time_authorization,Safe control: protocol version is signed,Signed Oracle Update,inherited verification helper,protocol version is signed and one-time state is consumed,domain-bound digest plus persistent replay state,The signature is scoped to the intended domain and the authorization cannot execute twice in that domain.,No dedicated replay finding expected; generic ecrecover-related output may occur in the shared helper but does not classify replay.,NO replay finding,standards-inspired,EIP-712/ERC-2612 domain-separation principles inspired.,64927c5753b9ed5f5888,S3_005
SR_S3_006,contracts/SR_S3_006_CouponSafeDomainSalt06.sol,SR_CouponSafeDomainSalt06,SR,SignatureReplayDetector,,SignatureReplayDetector,safe,safe_domain_bound_one_time_authorization,Safe control: deployment/domain salt is signed,Coupon Redemption,builtin ecrecover,deployment/domain salt is signed and one-time state is consumed,domain-bound digest plus persistent replay state,The signature is scoped to the intended domain and the authorization cannot execute twice in that domain.,No dedicated replay finding expected; stock Aderyn may emit its generic low-severity ecrecover/signature-malleability warning.,NO replay finding,standards-inspired,EIP-712/ERC-2612 domain-separation principles inspired.,aaee0a4dcf2043ace546,S3_006
SR_S3_007,contracts/SR_S3_007_LiquidationSafeDomainContract07.sol,SR_LiquidationSafeDomainContract07,SR,SignatureReplayDetector,,SignatureReplayDetector,safe,safe_domain_bound_one_time_authorization,Safe control: verifying contract address is signed,Liquidation Authorization,self-contained ECDSA.recover-style library,verifying contract address is signed and one-time state is consumed,domain-bound digest plus persistent replay state,The signature is scoped to the intended domain and the authorization cannot execute twice in that domain.,No dedicated replay finding expected; generic ecrecover-related output may occur in the shared helper but does not classify replay.,NO replay finding,standards-inspired,EIP-712/ERC-2612 domain-separation principles inspired.,dfa015de963fe69ee93f,S3_007
SR_S3_008,contracts/SR_S3_008_GovernanceSafeDomainChain08.sol,SR_GovernanceSafeDomainChain08,SR,SignatureReplayDetector,,SignatureReplayDetector,safe,safe_domain_bound_one_time_authorization,Safe control: chain ID is signed,Governance Execution,self-contained ECDSA.tryRecover-style library,chain ID is signed and one-time state is consumed,domain-bound digest plus persistent replay state,The signature is scoped to the intended domain and the authorization cannot execute twice in that domain.,No dedicated replay finding expected; generic ecrecover-related output may occur in the shared helper but does not classify replay.,NO replay finding,standards-inspired,EIP-712/ERC-2612 domain-separation principles inspired.,4fbb22cb9086814bc6fc,S3_008
SR_S3_009,contracts/SR_S3_009_DelegatedTransferSafeDomainContractChain09.sol,SR_DelegatedTransferSafeDomainContractChain09,SR,SignatureReplayDetector,,SignatureReplayDetector,safe,safe_domain_bound_one_time_authorization,Safe control: contract and chain are both bound,Delegated Transfer,internal signature-verification wrapper,contract and chain are both bound and one-time state is consumed,domain-bound digest plus persistent replay state,The signature is scoped to the intended domain and the authorization cannot execute twice in that domain.,No dedicated replay finding expected; generic ecrecover-related output may occur in the shared helper but does not classify replay.,NO replay finding,standards-inspired,EIP-712/ERC-2612 domain-separation principles inspired.,f96a49b3b7c589081a07,S3_009
SR_S3_010,contracts/SR_S3_010_RfqSafeDomainPurpose10.sol,SR_RfqSafeDomainPurpose10,SR,SignatureReplayDetector,,SignatureReplayDetector,safe,safe_domain_bound_one_time_authorization,Safe control: operation purpose tag is signed,RFQ Trade,two-level internal verification wrapper,operation purpose tag is signed and one-time state is consumed,domain-bound digest plus persistent replay state,The signature is scoped to the intended domain and the authorization cannot execute twice in that domain.,No dedicated replay finding expected; generic ecrecover-related output may occur in the shared helper but does not classify replay.,NO replay finding,standards-inspired,EIP-712/ERC-2612 domain-separation principles inspired.,c867cf2e696625131e77,S3_010
SR_S3_011,contracts/SR_S3_011_AffiliateSafeDomainVersion11.sol,SR_AffiliateSafeDomainVersion11,SR,SignatureReplayDetector,,SignatureReplayDetector,safe,safe_domain_bound_one_time_authorization,Safe control: protocol version is signed,Affiliate Credit,external verifier interface,protocol version is signed and one-time state is consumed,domain-bound digest plus persistent replay state,The signature is scoped to the intended domain and the authorization cannot execute twice in that domain.,No dedicated replay finding expected; an unrelated external-call/reentrancy-style warning may appear when state writes follow verification.,NO replay finding,standards-inspired,EIP-712/ERC-2612 domain-separation principles inspired.,d389b6f04da577c7dc69,S3_011
SR_S3_012,contracts/SR_S3_012_UpgradeSafeDomainSalt12.sol,SR_UpgradeSafeDomainSalt12,SR,SignatureReplayDetector,,SignatureReplayDetector,safe,safe_domain_bound_one_time_authorization,Safe control: deployment/domain salt is signed,Upgrade Authorization,ERC-1271 isValidSignature,deployment/domain salt is signed and one-time state is consumed,domain-bound digest plus persistent replay state,The signature is scoped to the intended domain and the authorization cannot execute twice in that domain.,No dedicated replay finding expected; an unrelated external-call/reentrancy-style warning may appear when state writes follow verification.,NO replay finding,standards-inspired,EIP-712/ERC-2612 domain-separation principles inspired.,3b946aeea1f73c344e92,S3_012
SR_S4_001,contracts/SR_S4_001_EscrowReleaseSafeMultiSharedRegistry01.sol,SR_EscrowReleaseSafeMultiSharedRegistry01,SR,SignatureReplayDetector,,SignatureReplayDetector,safe,safe_cross_path_domain_binding,Safe multi-path/domain control (shared_registry),Escrow Release,self-contained ECDSA.tryRecover-style library,both entry points consume the same authorization registry,two functions share one replay key/state,The authorization cannot be reused in the alternate path/domain because the signed data and replay state share the same security domain.,No dedicated replay finding expected; generic ecrecover-related output may occur in the shared helper but does not classify replay.,NO replay finding,synthetic,Synthetic safe control.,fe2773971a27188d4105,S4_001
SR_S4_002,contracts/SR_S4_002_AdminGrantSafeMultiPurposeTags02.sol,SR_AdminGrantSafeMultiPurposeTags02,SR,SignatureReplayDetector,,SignatureReplayDetector,safe,safe_cross_path_domain_binding,Safe multi-path/domain control (purpose_tags),Admin Grant,internal signature-verification wrapper,each execution path has an authenticated purpose tag and matching one-time key,two functions cryptographically separated by purpose,The authorization cannot be reused in the alternate path/domain because the signed data and replay state share the same security domain.,No dedicated replay finding expected; generic ecrecover-related output may occur in the shared helper but does not classify replay.,NO replay finding,synthetic,Synthetic safe control.,e6f5e4502a9a1b867da6,S4_002
SR_S4_003,contracts/SR_S4_003_ReferralPayoutSafeMultiSignedModule03.sol,SR_ReferralPayoutSafeMultiSignedModule03,SR,SignatureReplayDetector,,SignatureReplayDetector,safe,safe_cross_path_domain_binding,Safe multi-path/domain control (signed_module),Referral Payout,two-level internal verification wrapper,moduleId is included in the signed digest and replay state is scoped to the same domain,explicit application-domain binding,The authorization cannot be reused in the alternate path/domain because the signed data and replay state share the same security domain.,No dedicated replay finding expected; generic ecrecover-related output may occur in the shared helper but does not classify replay.,NO replay finding,synthetic,Synthetic safe control.,da4cacb9b3dd45a7e6ed,S4_003
SR_S4_004,contracts/SR_S4_004_SessionSpendSafeMultiSignedMarket04.sol,SR_SessionSpendSafeMultiSignedMarket04,SR,SignatureReplayDetector,,SignatureReplayDetector,safe,safe_cross_path_domain_binding,Safe multi-path/domain control (signed_market),Session Spend,external verifier interface,marketId is included in the signed digest and replay state is scoped to the same domain,explicit application-domain binding,The authorization cannot be reused in the alternate path/domain because the signed data and replay state share the same security domain.,No dedicated replay finding expected; an unrelated external-call/reentrancy-style warning may appear when state writes follow verification.,NO replay finding,synthetic,Synthetic safe control.,28f875d8f085577c0e7b,S4_004
SR_S4_005,contracts/SR_S4_005_AirdropSafeMultiSignedSeason05.sol,SR_AirdropSafeMultiSignedSeason05,SR,SignatureReplayDetector,,SignatureReplayDetector,safe,safe_cross_path_domain_binding,Safe multi-path/domain control (signed_season),Airdrop Claim,ERC-1271 isValidSignature,seasonId is included in the signed digest and replay state is scoped to the same domain,explicit application-domain binding,The authorization cannot be reused in the alternate path/domain because the signed data and replay state share the same security domain.,No dedicated replay finding expected; an unrelated external-call/reentrancy-style warning may appear when state writes follow verification.,NO replay finding,synthetic,Synthetic safe control.,52073726785104ec848b,S4_005
SR_S4_006,contracts/SR_S4_006_CouponSafeMultiSignedBridgeSource06.sol,SR_CouponSafeMultiSignedBridgeSource06,SR,SignatureReplayDetector,,SignatureReplayDetector,safe,safe_cross_path_domain_binding,Safe multi-path/domain control (signed_bridge_source),Coupon Redemption,SignatureChecker-style EOA/ERC-1271 abstraction,sourceChainId is included in the signed digest and replay state is scoped to the same domain,explicit application-domain binding,The authorization cannot be reused in the alternate path/domain because the signed data and replay state share the same security domain.,No dedicated replay finding expected; findings may point only to helper-library ecrecover/external-call code rather than replay semantics.,NO replay finding,standards-inspired,ERC-1271/EIP-712/Sequence replay mitigations inspired.,4cc6ea3f56f8faa95685,S4_006
SR_S4_007,contracts/SR_S4_007_StakingExitSafeMultiSignedWallet07.sol,SR_StakingExitSafeMultiSignedWallet07,SR,SignatureReplayDetector,,SignatureReplayDetector,safe,safe_cross_path_domain_binding,Safe multi-path/domain control (signed_wallet),Staking Exit,ERC-1271 isValidSignature,smart-account address is authenticated and its nonce is consumed,ERC-1271 account-bound replay protection,The authorization cannot be reused in the alternate path/domain because the signed data and replay state share the same security domain.,No dedicated replay finding expected; an unrelated external-call/reentrancy-style warning may appear when state writes follow verification.,NO replay finding,standards-inspired,ERC-1271/EIP-712/Sequence replay mitigations inspired.,11864b026b43e6b3f5c6,S4_007
SR_S4_008,contracts/SR_S4_008_LoanDrawSafeMultiFullBatch08.sol,SR_LoanDrawSafeMultiFullBatch08,SR,SignatureReplayDetector,,SignatureReplayDetector,safe,safe_cross_path_domain_binding,Safe multi-path/domain control (full_batch),Loan Draw,builtin ecrecover,signature commits to the full batch hash plus a one-time ID,full-payload binding prevents subset replay,The authorization cannot be reused in the alternate path/domain because the signed data and replay state share the same security domain.,No dedicated replay finding expected; stock Aderyn may emit its generic low-severity ecrecover/signature-malleability warning.,NO replay finding,synthetic,ERC-1271/EIP-712/Sequence replay mitigations inspired.,d04011db2c2be5b91709,S4_008
SR_S4_009,contracts/SR_S4_009_GovernanceSafeMultiSignedVersion09.sol,SR_GovernanceSafeMultiSignedVersion09,SR,SignatureReplayDetector,,SignatureReplayDetector,safe,safe_cross_path_domain_binding,Safe multi-path/domain control (signed_version),Governance Execution,self-contained ECDSA.recover-style library,protocol version is authenticated and authorization ID consumed,version-separated authorization domain,The authorization cannot be reused in the alternate path/domain because the signed data and replay state share the same security domain.,No dedicated replay finding expected; generic ecrecover-related output may occur in the shared helper but does not classify replay.,NO replay finding,synthetic,Synthetic safe control.,0519baccf08b5aa38522,S4_009
SR_S4_010,contracts/SR_S4_010_MetaTxSafeMultiSignedContract10.sol,SR_MetaTxSafeMultiSignedContract10,SR,SignatureReplayDetector,,SignatureReplayDetector,safe,safe_cross_path_domain_binding,Safe multi-path/domain control (signed_contract),Meta Transaction,self-contained ECDSA.tryRecover-style library,address(this) is authenticated and one-time state consumed,contract-instance binding,The authorization cannot be reused in the alternate path/domain because the signed data and replay state share the same security domain.,No dedicated replay finding expected; generic ecrecover-related output may occur in the shared helper but does not classify replay.,NO replay finding,standards-inspired,ERC-1271/EIP-712/Sequence replay mitigations inspired.,dd31b7e49958bae593c2,S4_010
SR_S4_011,contracts/SR_S4_011_KeeperSafeMultiSignedChain11.sol,SR_KeeperSafeMultiSignedChain11,SR,SignatureReplayDetector,,SignatureReplayDetector,safe,safe_cross_path_domain_binding,Safe multi-path/domain control (signed_chain),Keeper Authorization,internal signature-verification wrapper,block.chainid is authenticated and one-time state consumed,chain binding,The authorization cannot be reused in the alternate path/domain because the signed data and replay state share the same security domain.,No dedicated replay finding expected; generic ecrecover-related output may occur in the shared helper but does not classify replay.,NO replay finding,standards-inspired,ERC-1271/EIP-712/Sequence replay mitigations inspired.,595503fed9216e865b8d,S4_011
SR_S4_012,contracts/SR_S4_012_RfqSafeMultiSharedNonceSpace12.sol,SR_RfqSafeMultiSharedNonceSpace12,SR,SignatureReplayDetector,,SignatureReplayDetector,safe,safe_cross_path_domain_binding,Safe multi-path/domain control (shared_nonce_space),RFQ Trade,two-level internal verification wrapper,both paths consume a shared signer nonce,multi-path shared nonce domain,The authorization cannot be reused in the alternate path/domain because the signed data and replay state share the same security domain.,No dedicated replay finding expected; generic ecrecover-related output may occur in the shared helper but does not classify replay.,NO replay finding,synthetic,Synthetic safe control.,a0bf9c61749018e10b93,S4_012
SR_S5_001,contracts/SR_S5_001_ReferralPayoutSafeRollbackCallNoRevert01.sol,SR_ReferralPayoutSafeRollbackCallNoRevert01,SR,SignatureReplayDetector,,SignatureReplayDetector,safe,safe_failed_execution_does_not_restore_authorization,Safe rollback control (call_no_revert),Referral Payout,SignatureChecker-style EOA/ERC-1271 abstraction,authorization is consumed before the external action and failure is handled without reverting the consuming transaction,consume -> external execution -> record/return on failure without revert,"Even when the external action fails, the transaction does not revert the replay-state write, so the same signature cannot be resubmitted.",No dedicated replay finding expected; findings may point only to helper-library ecrecover/external-call code rather than replay semantics.,NO replay finding,synthetic,Synthetic regression case,376ae70b9e4a172ee7e9,S5_001
SR_S5_002,contracts/SR_S5_002_AirdropSafeRollbackCallRecordFailure02.sol,SR_AirdropSafeRollbackCallRecordFailure02,SR,SignatureReplayDetector,,SignatureReplayDetector,safe,safe_failed_execution_does_not_restore_authorization,Safe rollback control (call_record_failure),Airdrop Claim,inherited verification helper,authorization is consumed before the external action and failure is handled without reverting the consuming transaction,consume -> external execution -> record/return on failure without revert,"Even when the external action fails, the transaction does not revert the replay-state write, so the same signature cannot be resubmitted.",No dedicated replay finding expected; generic ecrecover-related output may occur in the shared helper but does not classify replay.,NO replay finding,synthetic,Synthetic regression case,56d126d6852588167bbe,S5_002
SR_S5_003,contracts/SR_S5_003_StakingExitSafeRollbackTryCatchNoRethrow03.sol,SR_StakingExitSafeRollbackTryCatchNoRethrow03,SR,SignatureReplayDetector,,SignatureReplayDetector,safe,safe_failed_execution_does_not_restore_authorization,Safe rollback control (try_catch_no_rethrow),Staking Exit,builtin ecrecover,authorization is consumed before the external action and failure is handled without reverting the consuming transaction,consume -> external execution -> record/return on failure without revert,"Even when the external action fails, the transaction does not revert the replay-state write, so the same signature cannot be resubmitted.",No dedicated replay finding expected; stock Aderyn may emit its generic low-severity ecrecover/signature-malleability warning.,NO replay finding,synthetic,Synthetic regression case,3abf294eb0334122d058,S5_003
SR_S5_004,contracts/SR_S5_004_GovernanceSafeRollbackTwoCallsNoRevert04.sol,SR_GovernanceSafeRollbackTwoCallsNoRevert04,SR,SignatureReplayDetector,,SignatureReplayDetector,safe,safe_failed_execution_does_not_restore_authorization,Safe rollback control (two_calls_no_revert),Governance Execution,self-contained ECDSA.recover-style library,authorization is consumed before the external action and failure is handled without reverting the consuming transaction,consume -> external execution -> record/return on failure without revert,"Even when the external action fails, the transaction does not revert the replay-state write, so the same signature cannot be resubmitted.",No dedicated replay finding expected; generic ecrecover-related output may occur in the shared helper but does not classify replay.,NO replay finding,synthetic,Synthetic regression case,6434e7ef073fed40c74e,S5_004
SR_S5_005,contracts/SR_S5_005_KeeperSafeRollbackPostconditionNoRevert05.sol,SR_KeeperSafeRollbackPostconditionNoRevert05,SR,SignatureReplayDetector,,SignatureReplayDetector,safe,safe_failed_execution_does_not_restore_authorization,Safe rollback control (postcondition_no_revert),Keeper Authorization,self-contained ECDSA.tryRecover-style library,authorization is consumed before the external action and failure is handled without reverting the consuming transaction,consume -> external execution -> record/return on failure without revert,"Even when the external action fails, the transaction does not revert the replay-state write, so the same signature cannot be resubmitted.",No dedicated replay finding expected; generic ecrecover-related output may occur in the shared helper but does not classify replay.,NO replay finding,synthetic,Synthetic regression case,319da8497c52752933fb,S5_005
SR_S5_006,contracts/SR_S5_006_BondRedeemSafeRollbackCallbackNoRevert06.sol,SR_BondRedeemSafeRollbackCallbackNoRevert06,SR,SignatureReplayDetector,,SignatureReplayDetector,safe,safe_failed_execution_does_not_restore_authorization,Safe rollback control (callback_no_revert),Bond Redemption,internal signature-verification wrapper,authorization is consumed before the external action and failure is handled without reverting the consuming transaction,consume -> external execution -> record/return on failure without revert,"Even when the external action fails, the transaction does not revert the replay-state write, so the same signature cannot be resubmitted.",No dedicated replay finding expected; generic ecrecover-related output may occur in the shared helper but does not classify replay.,NO replay finding,synthetic,Synthetic regression case,a194b735e5c2f09179d2,S5_006
SR_S5_007,contracts/SR_S5_007_UpgradeSafeRollbackSessionAbortNoRevert07.sol,SR_UpgradeSafeRollbackSessionAbortNoRevert07,SR,SignatureReplayDetector,,SignatureReplayDetector,safe,safe_failed_execution_does_not_restore_authorization,Safe rollback control (session_abort_no_revert),Upgrade Authorization,two-level internal verification wrapper,authorization is consumed before the external action and failure is handled without reverting the consuming transaction,consume -> external execution -> record/return on failure without revert,"Even when the external action fails, the transaction does not revert the replay-state write, so the same signature cannot be resubmitted.",No dedicated replay finding expected; generic ecrecover-related output may occur in the shared helper but does not classify replay.,NO replay finding,synthetic,Synthetic regression case,afc0ce64b36b7d8e5bd0,S5_007
SR_S5_008,contracts/SR_S5_008_RoyaltySafeRollbackDelegatecallNoRevert08.sol,SR_RoyaltySafeRollbackDelegatecallNoRevert08,SR,SignatureReplayDetector,,SignatureReplayDetector,safe,safe_failed_execution_does_not_restore_authorization,Safe rollback control (delegatecall_no_revert),Royalty Claim,external verifier interface,authorization is consumed before the external action and failure is handled without reverting the consuming transaction,consume -> external execution -> record/return on failure without revert,"Even when the external action fails, the transaction does not revert the replay-state write, so the same signature cannot be resubmitted.",No dedicated replay finding expected; an unrelated external-call/reentrancy-style warning may appear when state writes follow verification.,NO replay finding,synthetic,Synthetic regression case,5dae0120b16495e6c494,S5_008
SR_A_001,contracts/SR_A_001_BurnAdversarialSafePermitStandard01.sol,SR_BurnAdversarialSafePermitStandard01,SR,SignatureReplayDetector,,SignatureReplayDetector,safe,adversarial_safe_control,Adversarial safe control (permit_standard),Signed Burn,internal signature-verification wrapper,ERC-2612-style signed nonce + deadline + contract/chain domain,deliberately challenging negative control,"ERC-2612-style nonce and deadline are signed, checked, and nonce is incremented.",No dedicated replay finding expected; generic ecrecover-related output may occur in the shared helper but does not classify replay.,NO replay finding,standards-inspired,Standards-inspired safe control.,a2e47d4cfcff1a205204,A_001
SR_A_002,contracts/SR_A_002_SessionSpendAdversarialSafeErc3009State02.sol,SR_SessionSpendAdversarialSafeErc3009State02,SR,SignatureReplayDetector,,SignatureReplayDetector,safe,adversarial_safe_control,Adversarial safe control (erc3009_state),Session Spend,two-level internal verification wrapper,ERC-3009-style random authorization nonce state plus validity window,deliberately challenging negative control,Random authorization nonce is checked in authorizationState and marked used.,No dedicated replay finding expected; generic ecrecover-related output may occur in the shared helper but does not classify replay.,NO replay finding,standards-inspired,Standards-inspired safe control.,8bf9aafcb751e388cf7e,A_002
SR_A_003,contracts/SR_A_003_ListingAdversarialSafeBitmapNonce03.sol,SR_ListingAdversarialSafeBitmapNonce03,SR,SignatureReplayDetector,,SignatureReplayDetector,safe,adversarial_safe_control,Adversarial safe control (bitmap_nonce),Marketplace Listing Acceptance,external verifier interface,"exact unordered nonce bit is authenticated, checked, and set",deliberately challenging negative control,Unordered nonce bitmap checks and sets the exact bit.,No dedicated replay finding expected; an unrelated external-call/reentrancy-style warning may appear when state writes follow verification.,NO replay finding,standards-inspired,Standards-inspired safe control.,1e2884b6379a0a058130,A_003
SR_A_004,contracts/SR_A_004_GovernanceAdversarialSafeDigestRegistryNoNonce04.sol,SR_GovernanceAdversarialSafeDigestRegistryNoNonce04,SR,SignatureReplayDetector,,SignatureReplayDetector,safe,adversarial_safe_control,Adversarial safe control (digest_registry_no_nonce),Governance Execution,ERC-1271 isValidSignature,full signed digest is used as canonical one-time state; no nonce variable required,deliberately challenging negative control,"No variable named nonce exists, but the signed digest itself is persisted as used.",No dedicated replay finding expected; an unrelated external-call/reentrancy-style warning may appear when state writes follow verification.,NO replay finding,synthetic,Synthetic adversarial negative control.,ff88c03d45a9292d5617,A_004
SR_A_005,contracts/SR_A_005_CollateralAdversarialSafeUnusedNonceButSafe05.sol,SR_CollateralAdversarialSafeUnusedNonceButSafe05,SR,SignatureReplayDetector,,SignatureReplayDetector,safe,adversarial_safe_control,Adversarial safe control (unused_nonce_but_safe),Collateral Withdrawal,SignatureChecker-style EOA/ERC-1271 abstraction,authorizationId is consumed even though an unrelated variable named nonce exists,deliberately challenging negative control,A misleading nonce variable is irrelevant; a correctly consumed authorization ID provides replay safety.,No dedicated replay finding expected; findings may point only to helper-library ecrecover/external-call code rather than replay semantics.,NO replay finding,synthetic,Synthetic adversarial negative control.,d572df1add49775d913a,A_005
SR_A_006,contracts/SR_A_006_FeeWithdrawAdversarialSafeInterproceduralConsume06.sol,SR_FeeWithdrawAdversarialSafeInterproceduralConsume06,SR,SignatureReplayDetector,,SignatureReplayDetector,safe,adversarial_safe_control,Adversarial safe control (interprocedural_consume),Fee Withdrawal,inherited verification helper,guard and consumption are performed through internal helper functions on the same key,deliberately challenging negative control,"Replay state is consumed in an internal helper, challenging intraprocedural scanners.",No dedicated replay finding expected; generic ecrecover-related output may occur in the shared helper but does not classify replay.,NO replay finding,synthetic,Synthetic adversarial negative control.,1b9b65e1873d19d90bc2,A_006
SR_A_007,contracts/SR_A_007_AccountRecoveryAdversarialSafeInheritedConsume07.sol,SR_AccountRecoveryAdversarialSafeInheritedConsume07,SR,SignatureReplayDetector,,SignatureReplayDetector,safe,adversarial_safe_control,Adversarial safe control (inherited_consume),Account Recovery,builtin ecrecover,replay state is safely enforced by an inherited base contract,deliberately challenging negative control,Replay guard and consumption are implemented in inherited helper logic.,No dedicated replay finding expected; stock Aderyn may emit its generic low-severity ecrecover/signature-malleability warning.,NO replay finding,synthetic,Synthetic adversarial negative control.,27bafe2296f2586b8d94,A_007
SR_A_008,contracts/SR_A_008_GaslessTransferAdversarialSafeExternalVerifierSafe08.sol,SR_GaslessTransferAdversarialSafeExternalVerifierSafe08,SR,SignatureReplayDetector,,SignatureReplayDetector,safe,adversarial_safe_control,Adversarial safe control (external_verifier_safe),Gasless Transfer,external verifier interface,external verification is paired with local canonical one-time state,deliberately challenging negative control,External signature verification is followed by correct digest consumption.,No dedicated replay finding expected; an unrelated external-call/reentrancy-style warning may appear when state writes follow verification.,NO replay finding,synthetic,Synthetic adversarial negative control.,38e0a5843e638ce0cb9d,A_008
SR_A_009,contracts/SR_A_009_DelegatedVoteAdversarialSafeErc1271Safe09.sol,SR_DelegatedVoteAdversarialSafeErc1271Safe09,SR,SignatureReplayDetector,,SignatureReplayDetector,safe,adversarial_safe_control,Adversarial safe control (erc1271_safe),Delegated Vote,ERC-1271 isValidSignature,ERC-1271 wallet identity and authorization ID are signed and consumed,deliberately challenging negative control,ERC-1271 verification is combined with one-time authorization state.,No dedicated replay finding expected; an unrelated external-call/reentrancy-style warning may appear when state writes follow verification.,NO replay finding,standards-inspired,Standards-inspired safe control.,0059bf5b85651b45d4fc,A_009
SR_A_010,contracts/SR_A_010_FeeRebateAdversarialSafeSignatureCheckerSafe10.sol,SR_FeeRebateAdversarialSafeSignatureCheckerSafe10,SR,SignatureReplayDetector,,SignatureReplayDetector,safe,adversarial_safe_control,Adversarial safe control (signature_checker_safe),Fee Rebate,SignatureChecker-style EOA/ERC-1271 abstraction,SignatureChecker abstraction still uses correct persistent nonce semantics,deliberately challenging negative control,SignatureChecker-style abstraction uses a correct signer nonce.,No dedicated replay finding expected; findings may point only to helper-library ecrecover/external-call code rather than replay semantics.,NO replay finding,synthetic,Synthetic adversarial negative control.,c2b3c41971d7540b14de,A_010
SR_A_011,contracts/SR_A_011_AirdropAdversarialSafeBoundedPartialFill11.sol,SR_AirdropAdversarialSafeBoundedPartialFill11,SR,SignatureReplayDetector,,SignatureReplayDetector,safe,adversarial_safe_control,Adversarial safe control (bounded_partial_fill),Airdrop Claim,self-contained ECDSA.recover-style library,intentional multi-fill is bounded by a signed maximum and cumulative persistent fill state,deliberately challenging negative control,"The same order signature may be used more than once by design, but cumulative fills are bounded by the signed maximum.",No dedicated replay finding expected; generic ecrecover-related output may occur in the shared helper but does not classify replay.,NO replay finding,synthetic,Synthetic adversarial negative control.,4c7de4cc901d04d96fc3,A_011
SR_A_012,contracts/SR_A_012_LiquidationAdversarialSafeViewOnly12.sol,SR_LiquidationAdversarialSafeViewOnly12,SR,SignatureReplayDetector,,SignatureReplayDetector,safe,adversarial_safe_control,Adversarial safe control (view_only),Liquidation Authorization,self-contained ECDSA.recover-style library,verification is read-only and authorizes no state-changing/value-moving action,deliberately challenging negative control,"Signature verification has no state-changing or value-moving effect, so replay is not a security-sensitive execution.",No dedicated replay finding expected; generic ecrecover-related output may occur in the shared helper but does not classify replay.,NO replay finding,synthetic,Synthetic adversarial negative control.,a62fd5fab2fea9722bd5,A_012
SR_A_013,contracts/SR_A_013_MetaTxAdversarialSafeMonotonicVersion13.sol,SR_MetaTxAdversarialSafeMonotonicVersion13,SR,SignatureReplayDetector,,SignatureReplayDetector,safe,adversarial_safe_control,Adversarial safe control (monotonic_version),Meta Transaction,self-contained ECDSA.recover-style library,strictly increasing signed version makes an old authorization stale after first execution,deliberately challenging negative control,A signed configuration update has no nonce but requires a strictly increasing signed version.,No dedicated replay finding expected; generic ecrecover-related output may occur in the shared helper but does not classify replay.,NO replay finding,synthetic,Synthetic adversarial negative control.,4ea0126127a2c4c9f4f3,A_013
SR_A_014,contracts/SR_A_014_VaultHarvestAdversarialSafeUniqueTokenId14.sol,SR_VaultHarvestAdversarialSafeUniqueTokenId14,SR,SignatureReplayDetector,,SignatureReplayDetector,safe,adversarial_safe_control,Adversarial safe control (unique_token_id),Vault Harvest,self-contained ECDSA.recover-style library,signed unique tokenId is itself persistent one-time state via mint ownership,deliberately challenging negative control,Mint state for the signed token ID itself makes the authorization one-time.,No dedicated replay finding expected; generic ecrecover-related output may occur in the shared helper but does not classify replay.,NO replay finding,synthetic,Synthetic adversarial negative control.,d8f45d6e86f5904e9bf7,A_014
SR_A_015,contracts/SR_A_015_UpgradeAdversarialSafePendingAmountZeroed15.sol,SR_UpgradeAdversarialSafePendingAmountZeroed15,SR,SignatureReplayDetector,,SignatureReplayDetector,safe,adversarial_safe_control,Adversarial safe control (pending_amount_zeroed),Upgrade Authorization,self-contained ECDSA.recover-style library,underlying signed escrow state is consumed by zeroing the exact pending amount,deliberately challenging negative control,Signed escrow release consumes the underlying pending state rather than a dedicated nonce.,No dedicated replay finding expected; generic ecrecover-related output may occur in the shared helper but does not classify replay.,NO replay finding,synthetic,Synthetic adversarial negative control.,9f1c6a501f50c43c57f3,A_015
SR_A_016,contracts/SR_A_016_BatchPaymentAdversarialSafeDeletePendingRecord16.sol,SR_BatchPaymentAdversarialSafeDeletePendingRecord16,SR,SignatureReplayDetector,,SignatureReplayDetector,safe,adversarial_safe_control,Adversarial safe control (delete_pending_record),Batch Payment,self-contained ECDSA.recover-style library,the authenticated pending authorization record is deleted on execution,deliberately challenging negative control,Authorization is represented by a pending record that is deleted on successful execution.,No dedicated replay finding expected; generic ecrecover-related output may occur in the shared helper but does not classify replay.,NO replay finding,synthetic,Synthetic adversarial negative control.,a69643dc9b30f806f002,A_016
SM_V1_001,contracts/SM_V1_001_GaslessTransferHighSAccept01.sol,SM_GaslessTransferHighSAccept01,SM,SignatureMalleabilityDetector,,SignatureMalleabilityDetector,vulnerable,1_high_s_noncanonical_acceptance,accepts high-s / non-canonical ECDSA signature,Gasless Transfer,direct raw ecrecover without low-s check,no lower-half-order s enforcement,single entry point with sensitive state change,"Signature verification does not enforce s <= secp256k1n/2, so the alternate (r, n-s, flipped-v) form is accepted.","Stock ecrecover detector may warn generically, including on safe raw-ecrecover controls, so it cannot distinguish this condition.",FIND signature malleability vulnerability,synthetic,EIP-2 high-s rule,adec4e1c0d3e01949df4,SM_V1_001
SM_V1_002,contracts/SM_V1_002_WithdrawalHighSAccept02.sol,SM_WithdrawalHighSAccept02,SM,SignatureMalleabilityDetector,,SignatureMalleabilityDetector,vulnerable,1_high_s_noncanonical_acceptance,accepts high-s / non-canonical ECDSA signature,Signed Withdrawal,shared raw recovery wrapper without low-s check,no lower-half-order s enforcement,single entry point with sensitive state change,"Signature verification does not enforce s <= secp256k1n/2, so the alternate (r, n-s, flipped-v) form is accepted.","Stock ecrecover detector may warn generically, including on safe raw-ecrecover controls, so it cannot distinguish this condition.",FIND signature malleability vulnerability,synthetic,EIP-2 high-s rule,3554421fca7095395e79,SM_V1_002
SM_V1_003,contracts/SM_V1_003_VoucherMintHighSAccept03.sol,SM_VoucherMintHighSAccept03,SM,SignatureMalleabilityDetector,,SignatureMalleabilityDetector,vulnerable,1_high_s_noncanonical_acceptance,high-s accepted by internal recovery wrapper,Voucher Mint,internal recovery wrapper without low-s check,no canonical-s enforcement,interprocedural signature recovery,The EVM recovery precompile accepts high-s signatures; the wrapper performs no lower-half-order check.,Generic ecrecover warning may occur but does not distinguish safe canonicalized raw recovery from unsafe recovery.,FIND signature malleability vulnerability,synthetic,EIP-2 high-s rule,a4e4120287e6e11a4ab6,SM_V1_003
SM_V1_004,contracts/SM_V1_004_BridgeReleaseHighSAccept04.sol,SM_BridgeReleaseHighSAccept04,SM,SignatureMalleabilityDetector,,SignatureMalleabilityDetector,vulnerable,1_high_s_noncanonical_acceptance,accepts high-s / non-canonical ECDSA signature,Bridge Release,bytes signature split then raw ecrecover without low-s check,no lower-half-order s enforcement,single entry point with sensitive state change,"Signature verification does not enforce s <= secp256k1n/2, so the alternate (r, n-s, flipped-v) form is accepted.","Stock ecrecover detector may warn generically, including on safe raw-ecrecover controls, so it cannot distinguish this condition.",FIND signature malleability vulnerability,synthetic,EIP-2 high-s rule,a06c16fc39cef381f305,SM_V1_004
SM_V1_005,contracts/SM_V1_005_OrderFillHighSAccept05.sol,SM_OrderFillHighSAccept05,SM,SignatureMalleabilityDetector,,SignatureMalleabilityDetector,vulnerable,1_high_s_noncanonical_acceptance,high-s accepted by external verifier,Signed Order Fill,external verifier using raw ecrecover without low-s check,no canonical-s enforcement,external verifier call,The verifier accepts both low-s and high-s ECDSA forms for the same digest.,"Stock Aderyn may flag only the support verifier ecrecover location, not the authorization semantics in the caller.",FIND signature malleability vulnerability,synthetic,EIP-2 high-s rule,53c67334ff40f207e358,SM_V1_005
SM_V1_006,contracts/SM_V1_006_PermitLikeHighSAccept06.sol,SM_PermitLikeHighSAccept06,SM,SignatureMalleabilityDetector,,SignatureMalleabilityDetector,vulnerable,1_high_s_noncanonical_acceptance,high-s accepted through inherited recovery helper,Permit-like Approval,inherited raw recovery helper without low-s check,no canonical-s enforcement,inherited helper,Inherited recovery delegates directly to ecrecover and never checks s against the half order.,Generic ecrecover finding may be emitted at the helper but cannot classify the consuming operation.,FIND signature malleability vulnerability,synthetic,EIP-2 high-s rule,2f72c6b138e280440f91,SM_V1_006
SM_V1_007,contracts/SM_V1_007_GovernanceVoteHighSAccept07.sol,SM_GovernanceVoteHighSAccept07,SM,SignatureMalleabilityDetector,,SignatureMalleabilityDetector,vulnerable,1_high_s_noncanonical_acceptance,accepts high-s / non-canonical ECDSA signature,Governance Vote,raw ecrecover with full-order s range check,no lower-half-order s enforcement,single entry point with sensitive state change,"Signature verification does not enforce s <= secp256k1n/2, so the alternate (r, n-s, flipped-v) form is accepted.","Stock ecrecover detector may warn generically, including on safe raw-ecrecover controls, so it cannot distinguish this condition.",FIND signature malleability vulnerability,synthetic,EIP-2 high-s rule,603f21e6ab3766c13a59,SM_V1_007
SM_V1_008,contracts/SM_V1_008_OracleUpdateHighSAccept08.sol,SM_OracleUpdateHighSAccept08,SM,SignatureMalleabilityDetector,,SignatureMalleabilityDetector,vulnerable,1_high_s_noncanonical_acceptance,accepts high-s / non-canonical ECDSA signature,Oracle Update,raw ecrecover zero-address checked but high-s accepted,no lower-half-order s enforcement,single entry point with sensitive state change,"Signature verification does not enforce s <= secp256k1n/2, so the alternate (r, n-s, flipped-v) form is accepted.","Stock ecrecover detector may warn generically, including on safe raw-ecrecover controls, so it cannot distinguish this condition.",FIND signature malleability vulnerability,synthetic,EIP-2 high-s rule,3cce15e3decac5a13028,SM_V1_008
SM_V1_009,contracts/SM_V1_009_AdminGrantHighSAccept09.sol,SM_AdminGrantHighSAccept09,SM,SignatureMalleabilityDetector,,SignatureMalleabilityDetector,vulnerable,1_high_s_noncanonical_acceptance,accepts high-s / non-canonical ECDSA signature,Admin Grant,direct raw ecrecover without low-s check,no lower-half-order s enforcement,single entry point with sensitive state change,"Signature verification does not enforce s <= secp256k1n/2, so the alternate (r, n-s, flipped-v) form is accepted.","Stock ecrecover detector may warn generically, including on safe raw-ecrecover controls, so it cannot distinguish this condition.",FIND signature malleability vulnerability,synthetic,EIP-2 high-s rule,13a8306f925803936665,SM_V1_009
SM_V1_010,contracts/SM_V1_010_AirdropHighSAccept10.sol,SM_AirdropHighSAccept10,SM,SignatureMalleabilityDetector,,SignatureMalleabilityDetector,vulnerable,1_high_s_noncanonical_acceptance,accepts high-s / non-canonical ECDSA signature,Airdrop Claim,shared raw recovery wrapper without low-s check,no lower-half-order s enforcement,single entry point with sensitive state change,"Signature verification does not enforce s <= secp256k1n/2, so the alternate (r, n-s, flipped-v) form is accepted.","Stock ecrecover detector may warn generically, including on safe raw-ecrecover controls, so it cannot distinguish this condition.",FIND signature malleability vulnerability,synthetic,EIP-2 high-s rule,21256fb7418109be671c,SM_V1_010
SM_V1_011,contracts/SM_V1_011_VaultHarvestHighSAccept11.sol,SM_VaultHarvestHighSAccept11,SM,SignatureMalleabilityDetector,,SignatureMalleabilityDetector,vulnerable,1_high_s_noncanonical_acceptance,high-s accepted by internal recovery wrapper,Vault Harvest,internal recovery wrapper without low-s check,no canonical-s enforcement,interprocedural signature recovery,The EVM recovery precompile accepts high-s signatures; the wrapper performs no lower-half-order check.,Generic ecrecover warning may occur but does not distinguish safe canonicalized raw recovery from unsafe recovery.,FIND signature malleability vulnerability,synthetic,EIP-2 high-s rule,e28e2fcd73a587acb634,SM_V1_011
SM_V1_012,contracts/SM_V1_012_BondRedeemHighSAccept12.sol,SM_BondRedeemHighSAccept12,SM,SignatureMalleabilityDetector,,SignatureMalleabilityDetector,vulnerable,1_high_s_noncanonical_acceptance,accepts high-s / non-canonical ECDSA signature,Bond Redeem,bytes signature split then raw ecrecover without low-s check,no lower-half-order s enforcement,single entry point with sensitive state change,"Signature verification does not enforce s <= secp256k1n/2, so the alternate (r, n-s, flipped-v) form is accepted.","Stock ecrecover detector may warn generically, including on safe raw-ecrecover controls, so it cannot distinguish this condition.",FIND signature malleability vulnerability,synthetic,EIP-2 high-s rule,61a0b73412115f25f5aa,SM_V1_012
SM_V1_013,contracts/SM_V1_013_FeeRebateHighSAccept13.sol,SM_FeeRebateHighSAccept13,SM,SignatureMalleabilityDetector,,SignatureMalleabilityDetector,vulnerable,1_high_s_noncanonical_acceptance,high-s accepted by external verifier,Fee Rebate,external verifier using raw ecrecover without low-s check,no canonical-s enforcement,external verifier call,The verifier accepts both low-s and high-s ECDSA forms for the same digest.,"Stock Aderyn may flag only the support verifier ecrecover location, not the authorization semantics in the caller.",FIND signature malleability vulnerability,synthetic,EIP-2 high-s rule,f0cd947ced07b382eacf,SM_V1_013
SM_V1_014,contracts/SM_V1_014_SessionSpendHighSAccept14.sol,SM_SessionSpendHighSAccept14,SM,SignatureMalleabilityDetector,,SignatureMalleabilityDetector,vulnerable,1_high_s_noncanonical_acceptance,high-s accepted through inherited recovery helper,Session Spend,inherited raw recovery helper without low-s check,no canonical-s enforcement,inherited helper,Inherited recovery delegates directly to ecrecover and never checks s against the half order.,Generic ecrecover finding may be emitted at the helper but cannot classify the consuming operation.,FIND signature malleability vulnerability,synthetic,EIP-2 high-s rule,cf22721c9fa6750f5439,SM_V1_014
SM_V1_015,contracts/SM_V1_015_StakingExitHighSAccept15.sol,SM_StakingExitHighSAccept15,SM,SignatureMalleabilityDetector,,SignatureMalleabilityDetector,vulnerable,1_high_s_noncanonical_acceptance,accepts high-s / non-canonical ECDSA signature,Staking Exit,raw ecrecover with full-order s range check,no lower-half-order s enforcement,single entry point with sensitive state change,"Signature verification does not enforce s <= secp256k1n/2, so the alternate (r, n-s, flipped-v) form is accepted.","Stock ecrecover detector may warn generically, including on safe raw-ecrecover controls, so it cannot distinguish this condition.",FIND signature malleability vulnerability,synthetic,EIP-2 high-s rule,8b5e23beea0edbc35026,SM_V1_015
SM_V1_016,contracts/SM_V1_016_LiquidationHighSAccept16.sol,SM_LiquidationHighSAccept16,SM,SignatureMalleabilityDetector,,SignatureMalleabilityDetector,vulnerable,1_high_s_noncanonical_acceptance,accepts high-s / non-canonical ECDSA signature,Liquidation,raw ecrecover zero-address checked but high-s accepted,no lower-half-order s enforcement,single entry point with sensitive state change,"Signature verification does not enforce s <= secp256k1n/2, so the alternate (r, n-s, flipped-v) form is accepted.","Stock ecrecover detector may warn generically, including on safe raw-ecrecover controls, so it cannot distinguish this condition.",FIND signature malleability vulnerability,synthetic,EIP-2 high-s rule,d61beb875d42c2e614eb,SM_V1_016
SM_V1_017,contracts/SM_V1_017_LoanDrawHighSAccept17.sol,SM_LoanDrawHighSAccept17,SM,SignatureMalleabilityDetector,,SignatureMalleabilityDetector,vulnerable,1_high_s_noncanonical_acceptance,accepts high-s / non-canonical ECDSA signature,Loan Draw,direct raw ecrecover without low-s check,no lower-half-order s enforcement,single entry point with sensitive state change; auxiliary semantic variant 1,"Signature verification does not enforce s <= secp256k1n/2, so the alternate (r, n-s, flipped-v) form is accepted. Auxiliary state behavior varies independently to exercise nontrivial surrounding control/data flow.","Stock ecrecover detector may warn generically, including on safe raw-ecrecover controls, so it cannot distinguish this condition.",FIND signature malleability vulnerability,synthetic,EIP-2 high-s rule,89c52c382111184cabc6,SM_V1_017
SM_V1_018,contracts/SM_V1_018_SwapQuoteHighSAccept18.sol,SM_SwapQuoteHighSAccept18,SM,SignatureMalleabilityDetector,,SignatureMalleabilityDetector,vulnerable,1_high_s_noncanonical_acceptance,accepts high-s / non-canonical ECDSA signature,Signed Swap Quote,shared raw recovery wrapper without low-s check,no lower-half-order s enforcement,single entry point with sensitive state change; auxiliary semantic variant 2,"Signature verification does not enforce s <= secp256k1n/2, so the alternate (r, n-s, flipped-v) form is accepted. Auxiliary state behavior varies independently to exercise nontrivial surrounding control/data flow.","Stock ecrecover detector may warn generically, including on safe raw-ecrecover controls, so it cannot distinguish this condition.",FIND signature malleability vulnerability,synthetic,EIP-2 high-s rule,b4d079b4be986ec30f2e,SM_V1_018
SM_V1_019,contracts/SM_V1_019_TreasuryPaymentHighSAccept19.sol,SM_TreasuryPaymentHighSAccept19,SM,SignatureMalleabilityDetector,,SignatureMalleabilityDetector,vulnerable,1_high_s_noncanonical_acceptance,high-s accepted by internal recovery wrapper,Treasury Payment,internal recovery wrapper without low-s check,no canonical-s enforcement,interprocedural signature recovery; auxiliary semantic variant 3,The EVM recovery precompile accepts high-s signatures; the wrapper performs no lower-half-order check. Auxiliary state behavior varies independently to exercise nontrivial surrounding control/data flow.,Generic ecrecover warning may occur but does not distinguish safe canonicalized raw recovery from unsafe recovery.,FIND signature malleability vulnerability,synthetic,EIP-2 high-s rule,5c645bad8258f9b61a6e,SM_V1_019
SM_V1_020,contracts/SM_V1_020_MetaTxHighSAccept20.sol,SM_MetaTxHighSAccept20,SM,SignatureMalleabilityDetector,,SignatureMalleabilityDetector,vulnerable,1_high_s_noncanonical_acceptance,accepts high-s / non-canonical ECDSA signature,Meta-Transaction,bytes signature split then raw ecrecover without low-s check,no lower-half-order s enforcement,single entry point with sensitive state change; auxiliary semantic variant 4,"Signature verification does not enforce s <= secp256k1n/2, so the alternate (r, n-s, flipped-v) form is accepted. Auxiliary state behavior varies independently to exercise nontrivial surrounding control/data flow.","Stock ecrecover detector may warn generically, including on safe raw-ecrecover controls, so it cannot distinguish this condition.",FIND signature malleability vulnerability,synthetic,EIP-2 high-s rule,127793f9352c55fc3ad6,SM_V1_020
SM_V1_021,contracts/SM_V1_021_DelegatedTransferHighSAccept21.sol,SM_DelegatedTransferHighSAccept21,SM,SignatureMalleabilityDetector,,SignatureMalleabilityDetector,vulnerable,1_high_s_noncanonical_acceptance,high-s accepted by external verifier,Delegated Transfer,external verifier using raw ecrecover without low-s check,no canonical-s enforcement,external verifier call; auxiliary semantic variant 5,The verifier accepts both low-s and high-s ECDSA forms for the same digest. Auxiliary state behavior varies independently to exercise nontrivial surrounding control/data flow.,"Stock Aderyn may flag only the support verifier ecrecover location, not the authorization semantics in the caller.",FIND signature malleability vulnerability,synthetic,EIP-2 high-s rule,662639a4cf509b237811,SM_V1_021
SM_V1_022,contracts/SM_V1_022_KeeperTaskHighSAccept22.sol,SM_KeeperTaskHighSAccept22,SM,SignatureMalleabilityDetector,,SignatureMalleabilityDetector,vulnerable,1_high_s_noncanonical_acceptance,high-s accepted through inherited recovery helper,Keeper Task,inherited raw recovery helper without low-s check,no canonical-s enforcement,inherited helper; auxiliary semantic variant 6,Inherited recovery delegates directly to ecrecover and never checks s against the half order. Auxiliary state behavior varies independently to exercise nontrivial surrounding control/data flow.,Generic ecrecover finding may be emitted at the helper but cannot classify the consuming operation.,FIND signature malleability vulnerability,synthetic,EIP-2 high-s rule,700643c61c668b725445,SM_V1_022
SM_V1_023,contracts/SM_V1_023_CollateralWithdrawHighSAccept23.sol,SM_CollateralWithdrawHighSAccept23,SM,SignatureMalleabilityDetector,,SignatureMalleabilityDetector,vulnerable,1_high_s_noncanonical_acceptance,accepts high-s / non-canonical ECDSA signature,Collateral Withdrawal,raw ecrecover with full-order s range check,no lower-half-order s enforcement,single entry point with sensitive state change; auxiliary semantic variant 7,"Signature verification does not enforce s <= secp256k1n/2, so the alternate (r, n-s, flipped-v) form is accepted. Auxiliary state behavior varies independently to exercise nontrivial surrounding control/data flow.","Stock ecrecover detector may warn generically, including on safe raw-ecrecover controls, so it cannot distinguish this condition.",FIND signature malleability vulnerability,synthetic,EIP-2 high-s rule,b1e670fdcc272cd05cf9,SM_V1_023
SM_V1_024,contracts/SM_V1_024_RFQFillHighSAccept24.sol,SM_RFQFillHighSAccept24,SM,SignatureMalleabilityDetector,,SignatureMalleabilityDetector,vulnerable,1_high_s_noncanonical_acceptance,accepts high-s / non-canonical ECDSA signature,RFQ Fill,raw ecrecover zero-address checked but high-s accepted,no lower-half-order s enforcement,single entry point with sensitive state change; auxiliary semantic variant 8,"Signature verification does not enforce s <= secp256k1n/2, so the alternate (r, n-s, flipped-v) form is accepted. Auxiliary state behavior varies independently to exercise nontrivial surrounding control/data flow.","Stock ecrecover detector may warn generically, including on safe raw-ecrecover controls, so it cannot distinguish this condition.",FIND signature malleability vulnerability,synthetic,EIP-2 high-s rule,9e79e49c0baf52386527,SM_V1_024
SM_V1_025,contracts/SM_V1_025_AccountRecoveryHighSAccept25.sol,SM_AccountRecoveryHighSAccept25,SM,SignatureMalleabilityDetector,,SignatureMalleabilityDetector,vulnerable,1_high_s_noncanonical_acceptance,accepts high-s / non-canonical ECDSA signature,Account Recovery,direct raw ecrecover without low-s check,no lower-half-order s enforcement,single entry point with sensitive state change; auxiliary semantic variant 9,"Signature verification does not enforce s <= secp256k1n/2, so the alternate (r, n-s, flipped-v) form is accepted. Auxiliary state behavior varies independently to exercise nontrivial surrounding control/data flow.","Stock ecrecover detector may warn generically, including on safe raw-ecrecover controls, so it cannot distinguish this condition.",FIND signature malleability vulnerability,synthetic,EIP-2 high-s rule,62de7f12dd30bdd0495c,SM_V1_025
SM_V1_026,contracts/SM_V1_026_RoyaltyClaimHighSAccept26.sol,SM_RoyaltyClaimHighSAccept26,SM,SignatureMalleabilityDetector,,SignatureMalleabilityDetector,vulnerable,1_high_s_noncanonical_acceptance,accepts high-s / non-canonical ECDSA signature,Royalty Claim,shared raw recovery wrapper without low-s check,no lower-half-order s enforcement,single entry point with sensitive state change; auxiliary semantic variant 10,"Signature verification does not enforce s <= secp256k1n/2, so the alternate (r, n-s, flipped-v) form is accepted. Auxiliary state behavior varies independently to exercise nontrivial surrounding control/data flow.","Stock ecrecover detector may warn generically, including on safe raw-ecrecover controls, so it cannot distinguish this condition.",FIND signature malleability vulnerability,synthetic,EIP-2 high-s rule,b04e62f33582fc95c85d,SM_V1_026
SM_V1_027,contracts/SM_V1_027_BatchPaymentHighSAccept27.sol,SM_BatchPaymentHighSAccept27,SM,SignatureMalleabilityDetector,,SignatureMalleabilityDetector,vulnerable,1_high_s_noncanonical_acceptance,high-s accepted by internal recovery wrapper,Batch Payment,internal recovery wrapper without low-s check,no canonical-s enforcement,interprocedural signature recovery; auxiliary semantic variant 11,The EVM recovery precompile accepts high-s signatures; the wrapper performs no lower-half-order check. Auxiliary state behavior varies independently to exercise nontrivial surrounding control/data flow.,Generic ecrecover warning may occur but does not distinguish safe canonicalized raw recovery from unsafe recovery.,FIND signature malleability vulnerability,synthetic,EIP-2 high-s rule,1641baade1d24a09b053,SM_V1_027
SM_V1_028,contracts/SM_V1_028_RefundHighSAccept28.sol,SM_RefundHighSAccept28,SM,SignatureMalleabilityDetector,,SignatureMalleabilityDetector,vulnerable,1_high_s_noncanonical_acceptance,accepts high-s / non-canonical ECDSA signature,Signed Refund,bytes signature split then raw ecrecover without low-s check,no lower-half-order s enforcement,single entry point with sensitive state change; auxiliary semantic variant 12,"Signature verification does not enforce s <= secp256k1n/2, so the alternate (r, n-s, flipped-v) form is accepted. Auxiliary state behavior varies independently to exercise nontrivial surrounding control/data flow.","Stock ecrecover detector may warn generically, including on safe raw-ecrecover controls, so it cannot distinguish this condition.",FIND signature malleability vulnerability,synthetic,EIP-2 high-s rule,9d3103d1c8972436fe1f,SM_V1_028
SM_V1_029,contracts/SM_V1_029_TicketRedeemHighSAccept29.sol,SM_TicketRedeemHighSAccept29,SM,SignatureMalleabilityDetector,,SignatureMalleabilityDetector,vulnerable,1_high_s_noncanonical_acceptance,high-s accepted by external verifier,Ticket Redemption,external verifier using raw ecrecover without low-s check,no canonical-s enforcement,external verifier call; auxiliary semantic variant 13,The verifier accepts both low-s and high-s ECDSA forms for the same digest. Auxiliary state behavior varies independently to exercise nontrivial surrounding control/data flow.,"Stock Aderyn may flag only the support verifier ecrecover location, not the authorization semantics in the caller.",FIND signature malleability vulnerability,synthetic,EIP-2 high-s rule,c86ccabcbdd063ebe9c2,SM_V1_029
SM_V1_030,contracts/SM_V1_030_SubscriptionHighSAccept30.sol,SM_SubscriptionHighSAccept30,SM,SignatureMalleabilityDetector,,SignatureMalleabilityDetector,vulnerable,1_high_s_noncanonical_acceptance,high-s accepted through inherited recovery helper,Subscription Charge,inherited raw recovery helper without low-s check,no canonical-s enforcement,inherited helper; auxiliary semantic variant 14,Inherited recovery delegates directly to ecrecover and never checks s against the half order. Auxiliary state behavior varies independently to exercise nontrivial surrounding control/data flow.,Generic ecrecover finding may be emitted at the helper but cannot classify the consuming operation.,FIND signature malleability vulnerability,synthetic,EIP-2 high-s rule,4f9cab8c20a17fc0a30b,SM_V1_030
SM_V2_001,contracts/SM_V2_001_GaslessTransferPermissiveV01.sol,SM_GaslessTransferPermissiveV01,SM,SignatureMalleabilityDetector,,SignatureMalleabilityDetector,vulnerable,2_permissive_incorrect_v_handling,v values 0/1 and 27/28 are both accepted through add-27 normalization,Gasless Transfer,raw ecrecover with permissive v handling,low-s enforced but recovery parity serialized non-canonically,v transformed before recovery,"Multiple serialized v values can resolve to the same effective recovery parity, creating non-unique signatures despite low-s enforcement.",Stock Aderyn can only flag raw ecrecover generically and does not reason about v normalization.,FIND signature malleability vulnerability,historically-inspired,TCH May 2024 permissive v-normalization exploit pattern,c97b465008666cd49d58,SM_V2_001
SM_V2_002,contracts/SM_V2_002_WithdrawalPermissiveV02.sol,SM_WithdrawalPermissiveV02,SM,SignatureMalleabilityDetector,,SignatureMalleabilityDetector,vulnerable,2_permissive_incorrect_v_handling,dual parity convention accepts both 0/1 and 27/28,Signed Withdrawal,raw ecrecover with permissive v handling,low-s enforced but recovery parity serialized non-canonically,v transformed before recovery,"Multiple serialized v values can resolve to the same effective recovery parity, creating non-unique signatures despite low-s enforcement.",Stock Aderyn can only flag raw ecrecover generically and does not reason about v normalization.,FIND signature malleability vulnerability,synthetic,synthetic parity-normalization variant,40728c414bd45b51e4e4,SM_V2_002
SM_V2_003,contracts/SM_V2_003_VoucherMintPermissiveV03.sol,SM_VoucherMintPermissiveV03,SM,SignatureMalleabilityDetector,,SignatureMalleabilityDetector,vulnerable,2_permissive_incorrect_v_handling,modulo normalization maps many v values to the same recovery parity,Voucher Mint,raw ecrecover with permissive v handling,low-s enforced but recovery parity serialized non-canonically,v transformed before recovery,"Multiple serialized v values can resolve to the same effective recovery parity, creating non-unique signatures despite low-s enforcement.",Stock Aderyn can only flag raw ecrecover generically and does not reason about v normalization.,FIND signature malleability vulnerability,synthetic,synthetic permissive-v variant,3e5624f932d6700bbce7,SM_V2_003
SM_V2_004,contracts/SM_V2_004_BridgeReleasePermissiveV04.sol,SM_BridgeReleasePermissiveV04,SM,SignatureMalleabilityDetector,,SignatureMalleabilityDetector,vulnerable,2_permissive_incorrect_v_handling,bit-mask normalization accepts arbitrary v values sharing one parity bit,Bridge Release,raw ecrecover with permissive v handling,low-s enforced but recovery parity serialized non-canonically,v transformed before recovery,"Multiple serialized v values can resolve to the same effective recovery parity, creating non-unique signatures despite low-s enforcement.",Stock Aderyn can only flag raw ecrecover generically and does not reason about v normalization.,FIND signature malleability vulnerability,synthetic,synthetic permissive-v variant,6bd7f1273d0425b47075,SM_V2_004
SM_V2_005,contracts/SM_V2_005_OrderFillPermissiveV05.sol,SM_OrderFillPermissiveV05,SM,SignatureMalleabilityDetector,,SignatureMalleabilityDetector,vulnerable,2_permissive_incorrect_v_handling,transaction-style EIP-155 v values are inappropriately reduced for message signatures,Signed Order Fill,raw ecrecover with permissive v handling,low-s enforced but recovery parity serialized non-canonically,v transformed before recovery,"Multiple serialized v values can resolve to the same effective recovery parity, creating non-unique signatures despite low-s enforcement.",Stock Aderyn can only flag raw ecrecover generically and does not reason about v normalization.,FIND signature malleability vulnerability,synthetic,synthetic EIP-155/message-signature confusion,698fd9f478bb546c177a,SM_V2_005
SM_V2_006,contracts/SM_V2_006_PermitLikePermissiveV06.sol,SM_PermitLikePermissiveV06,SM,SignatureMalleabilityDetector,,SignatureMalleabilityDetector,vulnerable,2_permissive_incorrect_v_handling,every nonzero v value is coerced to parity 28,Permit-like Approval,raw ecrecover with permissive v handling,low-s enforced but recovery parity serialized non-canonically,v transformed before recovery,"Multiple serialized v values can resolve to the same effective recovery parity, creating non-unique signatures despite low-s enforcement.",Stock Aderyn can only flag raw ecrecover generically and does not reason about v normalization.,FIND signature malleability vulnerability,synthetic,synthetic permissive-v variant,cfa3bf2c423a540b5678,SM_V2_006
SM_V2_007,contracts/SM_V2_007_GovernanceVotePermissiveV07.sol,SM_GovernanceVotePermissiveV07,SM,SignatureMalleabilityDetector,,SignatureMalleabilityDetector,vulnerable,2_permissive_incorrect_v_handling,only least-significant bit of v is authenticated,Governance Vote,raw ecrecover with permissive v handling,low-s enforced but recovery parity serialized non-canonically,v transformed before recovery,"Multiple serialized v values can resolve to the same effective recovery parity, creating non-unique signatures despite low-s enforcement.",Stock Aderyn can only flag raw ecrecover generically and does not reason about v normalization.,FIND signature malleability vulnerability,synthetic,synthetic parity truncation variant,e87f12763b372c850a09,SM_V2_007
SM_V2_008,contracts/SM_V2_008_OracleUpdatePermissiveV08.sol,SM_OracleUpdatePermissiveV08,SM,SignatureMalleabilityDetector,,SignatureMalleabilityDetector,vulnerable,2_permissive_incorrect_v_handling,fallback recovery accepts two serialized v conventions,Oracle Update,raw ecrecover with permissive v handling,low-s enforced but recovery parity serialized non-canonically,v transformed before recovery,"Multiple serialized v values can resolve to the same effective recovery parity, creating non-unique signatures despite low-s enforcement.",Stock Aderyn can only flag raw ecrecover generically and does not reason about v normalization.,FIND signature malleability vulnerability,synthetic,synthetic fallback-recovery variant,7f8575e0edf409bfbab2,SM_V2_008
SM_V2_009,contracts/SM_V2_009_AdminGrantPermissiveV09.sol,SM_AdminGrantPermissiveV09,SM,SignatureMalleabilityDetector,,SignatureMalleabilityDetector,vulnerable,2_permissive_incorrect_v_handling,v values 0/1 and 27/28 are both accepted through add-27 normalization,Admin Grant,raw ecrecover with permissive v handling,low-s enforced but recovery parity serialized non-canonically,v transformed before recovery,"Multiple serialized v values can resolve to the same effective recovery parity, creating non-unique signatures despite low-s enforcement.",Stock Aderyn can only flag raw ecrecover generically and does not reason about v normalization.,FIND signature malleability vulnerability,historically-inspired,TCH May 2024 permissive v-normalization exploit pattern,7cb477becb3c859119cf,SM_V2_009
SM_V2_010,contracts/SM_V2_010_AirdropPermissiveV10.sol,SM_AirdropPermissiveV10,SM,SignatureMalleabilityDetector,,SignatureMalleabilityDetector,vulnerable,2_permissive_incorrect_v_handling,dual parity convention accepts both 0/1 and 27/28,Airdrop Claim,raw ecrecover with permissive v handling,low-s enforced but recovery parity serialized non-canonically,v transformed before recovery,"Multiple serialized v values can resolve to the same effective recovery parity, creating non-unique signatures despite low-s enforcement.",Stock Aderyn can only flag raw ecrecover generically and does not reason about v normalization.,FIND signature malleability vulnerability,synthetic,synthetic parity-normalization variant,18284905178304f8c6b3,SM_V2_010
SM_V2_011,contracts/SM_V2_011_VaultHarvestPermissiveV11.sol,SM_VaultHarvestPermissiveV11,SM,SignatureMalleabilityDetector,,SignatureMalleabilityDetector,vulnerable,2_permissive_incorrect_v_handling,modulo normalization maps many v values to the same recovery parity,Vault Harvest,raw ecrecover with permissive v handling,low-s enforced but recovery parity serialized non-canonically,v transformed before recovery,"Multiple serialized v values can resolve to the same effective recovery parity, creating non-unique signatures despite low-s enforcement.",Stock Aderyn can only flag raw ecrecover generically and does not reason about v normalization.,FIND signature malleability vulnerability,synthetic,synthetic permissive-v variant,4f9fe6dfb046abce5ed8,SM_V2_011
SM_V2_012,contracts/SM_V2_012_BondRedeemPermissiveV12.sol,SM_BondRedeemPermissiveV12,SM,SignatureMalleabilityDetector,,SignatureMalleabilityDetector,vulnerable,2_permissive_incorrect_v_handling,bit-mask normalization accepts arbitrary v values sharing one parity bit,Bond Redeem,raw ecrecover with permissive v handling,low-s enforced but recovery parity serialized non-canonically,v transformed before recovery,"Multiple serialized v values can resolve to the same effective recovery parity, creating non-unique signatures despite low-s enforcement.",Stock Aderyn can only flag raw ecrecover generically and does not reason about v normalization.,FIND signature malleability vulnerability,synthetic,synthetic permissive-v variant,3f8a7dad858a75f2b740,SM_V2_012
SM_V2_013,contracts/SM_V2_013_FeeRebatePermissiveV13.sol,SM_FeeRebatePermissiveV13,SM,SignatureMalleabilityDetector,,SignatureMalleabilityDetector,vulnerable,2_permissive_incorrect_v_handling,transaction-style EIP-155 v values are inappropriately reduced for message signatures,Fee Rebate,raw ecrecover with permissive v handling,low-s enforced but recovery parity serialized non-canonically,v transformed before recovery,"Multiple serialized v values can resolve to the same effective recovery parity, creating non-unique signatures despite low-s enforcement.",Stock Aderyn can only flag raw ecrecover generically and does not reason about v normalization.,FIND signature malleability vulnerability,synthetic,synthetic EIP-155/message-signature confusion,f1c2f429f11c98856ce9,SM_V2_013
SM_V2_014,contracts/SM_V2_014_SessionSpendPermissiveV14.sol,SM_SessionSpendPermissiveV14,SM,SignatureMalleabilityDetector,,SignatureMalleabilityDetector,vulnerable,2_permissive_incorrect_v_handling,every nonzero v value is coerced to parity 28,Session Spend,raw ecrecover with permissive v handling,low-s enforced but recovery parity serialized non-canonically,v transformed before recovery,"Multiple serialized v values can resolve to the same effective recovery parity, creating non-unique signatures despite low-s enforcement.",Stock Aderyn can only flag raw ecrecover generically and does not reason about v normalization.,FIND signature malleability vulnerability,synthetic,synthetic permissive-v variant,94cf58b47928e35276e2,SM_V2_014
SM_V2_015,contracts/SM_V2_015_StakingExitPermissiveV15.sol,SM_StakingExitPermissiveV15,SM,SignatureMalleabilityDetector,,SignatureMalleabilityDetector,vulnerable,2_permissive_incorrect_v_handling,only least-significant bit of v is authenticated,Staking Exit,raw ecrecover with permissive v handling,low-s enforced but recovery parity serialized non-canonically,v transformed before recovery,"Multiple serialized v values can resolve to the same effective recovery parity, creating non-unique signatures despite low-s enforcement.",Stock Aderyn can only flag raw ecrecover generically and does not reason about v normalization.,FIND signature malleability vulnerability,synthetic,synthetic parity truncation variant,f3e088290cac2f0e5d44,SM_V2_015
SM_V2_016,contracts/SM_V2_016_LiquidationPermissiveV16.sol,SM_LiquidationPermissiveV16,SM,SignatureMalleabilityDetector,,SignatureMalleabilityDetector,vulnerable,2_permissive_incorrect_v_handling,fallback recovery accepts two serialized v conventions,Liquidation,raw ecrecover with permissive v handling,low-s enforced but recovery parity serialized non-canonically,v transformed before recovery,"Multiple serialized v values can resolve to the same effective recovery parity, creating non-unique signatures despite low-s enforcement.",Stock Aderyn can only flag raw ecrecover generically and does not reason about v normalization.,FIND signature malleability vulnerability,synthetic,synthetic fallback-recovery variant,5c1cb6db6e0d3feaa979,SM_V2_016
SM_V2_017,contracts/SM_V2_017_LoanDrawPermissiveV17.sol,SM_LoanDrawPermissiveV17,SM,SignatureMalleabilityDetector,,SignatureMalleabilityDetector,vulnerable,2_permissive_incorrect_v_handling,v values 0/1 and 27/28 are both accepted through add-27 normalization,Loan Draw,raw ecrecover with permissive v handling,low-s enforced but recovery parity serialized non-canonically,v transformed before recovery; auxiliary semantic variant 1,"Multiple serialized v values can resolve to the same effective recovery parity, creating non-unique signatures despite low-s enforcement. Auxiliary state behavior varies independently to exercise nontrivial surrounding control/data flow.",Stock Aderyn can only flag raw ecrecover generically and does not reason about v normalization.,FIND signature malleability vulnerability,synthetic,TCH exploit v-normalization pattern,1b184c24201f98ac4eee,SM_V2_017
SM_V2_018,contracts/SM_V2_018_SwapQuotePermissiveV18.sol,SM_SwapQuotePermissiveV18,SM,SignatureMalleabilityDetector,,SignatureMalleabilityDetector,vulnerable,2_permissive_incorrect_v_handling,dual parity convention accepts both 0/1 and 27/28,Signed Swap Quote,raw ecrecover with permissive v handling,low-s enforced but recovery parity serialized non-canonically,v transformed before recovery; auxiliary semantic variant 2,"Multiple serialized v values can resolve to the same effective recovery parity, creating non-unique signatures despite low-s enforcement. Auxiliary state behavior varies independently to exercise nontrivial surrounding control/data flow.",Stock Aderyn can only flag raw ecrecover generically and does not reason about v normalization.,FIND signature malleability vulnerability,synthetic,synthetic parity-normalization variant,b21e98f0d85ca4978e20,SM_V2_018
SM_V2_019,contracts/SM_V2_019_TreasuryPaymentPermissiveV19.sol,SM_TreasuryPaymentPermissiveV19,SM,SignatureMalleabilityDetector,,SignatureMalleabilityDetector,vulnerable,2_permissive_incorrect_v_handling,modulo normalization maps many v values to the same recovery parity,Treasury Payment,raw ecrecover with permissive v handling,low-s enforced but recovery parity serialized non-canonically,v transformed before recovery; auxiliary semantic variant 3,"Multiple serialized v values can resolve to the same effective recovery parity, creating non-unique signatures despite low-s enforcement. Auxiliary state behavior varies independently to exercise nontrivial surrounding control/data flow.",Stock Aderyn can only flag raw ecrecover generically and does not reason about v normalization.,FIND signature malleability vulnerability,synthetic,synthetic permissive-v variant,705f28528d0b953ad0f5,SM_V2_019
SM_V2_020,contracts/SM_V2_020_MetaTxPermissiveV20.sol,SM_MetaTxPermissiveV20,SM,SignatureMalleabilityDetector,,SignatureMalleabilityDetector,vulnerable,2_permissive_incorrect_v_handling,bit-mask normalization accepts arbitrary v values sharing one parity bit,Meta-Transaction,raw ecrecover with permissive v handling,low-s enforced but recovery parity serialized non-canonically,v transformed before recovery; auxiliary semantic variant 4,"Multiple serialized v values can resolve to the same effective recovery parity, creating non-unique signatures despite low-s enforcement. Auxiliary state behavior varies independently to exercise nontrivial surrounding control/data flow.",Stock Aderyn can only flag raw ecrecover generically and does not reason about v normalization.,FIND signature malleability vulnerability,synthetic,synthetic permissive-v variant,f14eac661582f67442d2,SM_V2_020
SM_V2_021,contracts/SM_V2_021_DelegatedTransferPermissiveV21.sol,SM_DelegatedTransferPermissiveV21,SM,SignatureMalleabilityDetector,,SignatureMalleabilityDetector,vulnerable,2_permissive_incorrect_v_handling,transaction-style EIP-155 v values are inappropriately reduced for message signatures,Delegated Transfer,raw ecrecover with permissive v handling,low-s enforced but recovery parity serialized non-canonically,v transformed before recovery; auxiliary semantic variant 5,"Multiple serialized v values can resolve to the same effective recovery parity, creating non-unique signatures despite low-s enforcement. Auxiliary state behavior varies independently to exercise nontrivial surrounding control/data flow.",Stock Aderyn can only flag raw ecrecover generically and does not reason about v normalization.,FIND signature malleability vulnerability,synthetic,synthetic EIP-155/message-signature confusion,e3796faec2120ec9ebd1,SM_V2_021
SM_V2_022,contracts/SM_V2_022_KeeperTaskPermissiveV22.sol,SM_KeeperTaskPermissiveV22,SM,SignatureMalleabilityDetector,,SignatureMalleabilityDetector,vulnerable,2_permissive_incorrect_v_handling,every nonzero v value is coerced to parity 28,Keeper Task,raw ecrecover with permissive v handling,low-s enforced but recovery parity serialized non-canonically,v transformed before recovery; auxiliary semantic variant 6,"Multiple serialized v values can resolve to the same effective recovery parity, creating non-unique signatures despite low-s enforcement. Auxiliary state behavior varies independently to exercise nontrivial surrounding control/data flow.",Stock Aderyn can only flag raw ecrecover generically and does not reason about v normalization.,FIND signature malleability vulnerability,synthetic,synthetic permissive-v variant,4beeccfa753b7941f755,SM_V2_022
SM_V2_023,contracts/SM_V2_023_CollateralWithdrawPermissiveV23.sol,SM_CollateralWithdrawPermissiveV23,SM,SignatureMalleabilityDetector,,SignatureMalleabilityDetector,vulnerable,2_permissive_incorrect_v_handling,only least-significant bit of v is authenticated,Collateral Withdrawal,raw ecrecover with permissive v handling,low-s enforced but recovery parity serialized non-canonically,v transformed before recovery; auxiliary semantic variant 7,"Multiple serialized v values can resolve to the same effective recovery parity, creating non-unique signatures despite low-s enforcement. Auxiliary state behavior varies independently to exercise nontrivial surrounding control/data flow.",Stock Aderyn can only flag raw ecrecover generically and does not reason about v normalization.,FIND signature malleability vulnerability,synthetic,synthetic parity truncation variant,126bdb6dced9cdcc0674,SM_V2_023
SM_V2_024,contracts/SM_V2_024_RFQFillPermissiveV24.sol,SM_RFQFillPermissiveV24,SM,SignatureMalleabilityDetector,,SignatureMalleabilityDetector,vulnerable,2_permissive_incorrect_v_handling,fallback recovery accepts two serialized v conventions,RFQ Fill,raw ecrecover with permissive v handling,low-s enforced but recovery parity serialized non-canonically,v transformed before recovery; auxiliary semantic variant 8,"Multiple serialized v values can resolve to the same effective recovery parity, creating non-unique signatures despite low-s enforcement. Auxiliary state behavior varies independently to exercise nontrivial surrounding control/data flow.",Stock Aderyn can only flag raw ecrecover generically and does not reason about v normalization.,FIND signature malleability vulnerability,synthetic,synthetic fallback-recovery variant,4e2d002d8ca18ecd258f,SM_V2_024
SM_V2_025,contracts/SM_V2_025_AccountRecoveryPermissiveV25.sol,SM_AccountRecoveryPermissiveV25,SM,SignatureMalleabilityDetector,,SignatureMalleabilityDetector,vulnerable,2_permissive_incorrect_v_handling,v values 0/1 and 27/28 are both accepted through add-27 normalization,Account Recovery,raw ecrecover with permissive v handling,low-s enforced but recovery parity serialized non-canonically,v transformed before recovery; auxiliary semantic variant 9,"Multiple serialized v values can resolve to the same effective recovery parity, creating non-unique signatures despite low-s enforcement. Auxiliary state behavior varies independently to exercise nontrivial surrounding control/data flow.",Stock Aderyn can only flag raw ecrecover generically and does not reason about v normalization.,FIND signature malleability vulnerability,synthetic,TCH exploit v-normalization pattern,db27ae55953acd6ebfed,SM_V2_025
SM_V2_026,contracts/SM_V2_026_RoyaltyClaimPermissiveV26.sol,SM_RoyaltyClaimPermissiveV26,SM,SignatureMalleabilityDetector,,SignatureMalleabilityDetector,vulnerable,2_permissive_incorrect_v_handling,dual parity convention accepts both 0/1 and 27/28,Royalty Claim,raw ecrecover with permissive v handling,low-s enforced but recovery parity serialized non-canonically,v transformed before recovery; auxiliary semantic variant 10,"Multiple serialized v values can resolve to the same effective recovery parity, creating non-unique signatures despite low-s enforcement. Auxiliary state behavior varies independently to exercise nontrivial surrounding control/data flow.",Stock Aderyn can only flag raw ecrecover generically and does not reason about v normalization.,FIND signature malleability vulnerability,synthetic,synthetic parity-normalization variant,4592d903be2869264483,SM_V2_026
SM_V2_027,contracts/SM_V2_027_BatchPaymentPermissiveV27.sol,SM_BatchPaymentPermissiveV27,SM,SignatureMalleabilityDetector,,SignatureMalleabilityDetector,vulnerable,2_permissive_incorrect_v_handling,modulo normalization maps many v values to the same recovery parity,Batch Payment,raw ecrecover with permissive v handling,low-s enforced but recovery parity serialized non-canonically,v transformed before recovery; auxiliary semantic variant 11,"Multiple serialized v values can resolve to the same effective recovery parity, creating non-unique signatures despite low-s enforcement. Auxiliary state behavior varies independently to exercise nontrivial surrounding control/data flow.",Stock Aderyn can only flag raw ecrecover generically and does not reason about v normalization.,FIND signature malleability vulnerability,synthetic,synthetic permissive-v variant,cd435e46112b0ae01a11,SM_V2_027
SM_V2_028,contracts/SM_V2_028_RefundPermissiveV28.sol,SM_RefundPermissiveV28,SM,SignatureMalleabilityDetector,,SignatureMalleabilityDetector,vulnerable,2_permissive_incorrect_v_handling,bit-mask normalization accepts arbitrary v values sharing one parity bit,Signed Refund,raw ecrecover with permissive v handling,low-s enforced but recovery parity serialized non-canonically,v transformed before recovery; auxiliary semantic variant 12,"Multiple serialized v values can resolve to the same effective recovery parity, creating non-unique signatures despite low-s enforcement. Auxiliary state behavior varies independently to exercise nontrivial surrounding control/data flow.",Stock Aderyn can only flag raw ecrecover generically and does not reason about v normalization.,FIND signature malleability vulnerability,synthetic,synthetic permissive-v variant,0f657cc6b9da95a37404,SM_V2_028
SM_V2_029,contracts/SM_V2_029_TicketRedeemPermissiveV29.sol,SM_TicketRedeemPermissiveV29,SM,SignatureMalleabilityDetector,,SignatureMalleabilityDetector,vulnerable,2_permissive_incorrect_v_handling,transaction-style EIP-155 v values are inappropriately reduced for message signatures,Ticket Redemption,raw ecrecover with permissive v handling,low-s enforced but recovery parity serialized non-canonically,v transformed before recovery; auxiliary semantic variant 13,"Multiple serialized v values can resolve to the same effective recovery parity, creating non-unique signatures despite low-s enforcement. Auxiliary state behavior varies independently to exercise nontrivial surrounding control/data flow.",Stock Aderyn can only flag raw ecrecover generically and does not reason about v normalization.,FIND signature malleability vulnerability,synthetic,synthetic EIP-155/message-signature confusion,0c050ed41894db6cf1ad,SM_V2_029
SM_V2_030,contracts/SM_V2_030_SubscriptionPermissiveV30.sol,SM_SubscriptionPermissiveV30,SM,SignatureMalleabilityDetector,,SignatureMalleabilityDetector,vulnerable,2_permissive_incorrect_v_handling,every nonzero v value is coerced to parity 28,Subscription Charge,raw ecrecover with permissive v handling,low-s enforced but recovery parity serialized non-canonically,v transformed before recovery; auxiliary semantic variant 14,"Multiple serialized v values can resolve to the same effective recovery parity, creating non-unique signatures despite low-s enforcement. Auxiliary state behavior varies independently to exercise nontrivial surrounding control/data flow.",Stock Aderyn can only flag raw ecrecover generically and does not reason about v normalization.,FIND signature malleability vulnerability,synthetic,synthetic permissive-v variant,5ed8fb06423a4289dd10,SM_V2_030
SM_V3_001,contracts/SM_V3_001_GaslessTransferMultiEncoding01.sol,SM_GaslessTransferMultiEncoding01,SM,SignatureMalleabilityDetector,SignatureReplayDetector,SignatureMalleabilityDetector,vulnerable,3_multiple_noncanonical_representations,accepts both ERC-2098 compact and 65-byte forms while uniqueness is encoding-specific,Gasless Transfer,canonical flexible 64/65-byte recovery,serialized signature identity used as security state,representation-specific replay/uniqueness guard,"Equivalent cryptographic signatures can be serialized in more than one accepted form, but the contract distinguishes those encodings in security-sensitive state.",Stock Aderyn does not model equivalence between accepted signature encodings and may not see any direct ecrecover in the target.,FIND signature malleability vulnerability,cve-inspired,CVE-2022-35961 / OpenZeppelin compact-vs-traditional signature representation,b8372ce429d0d22a4ef3,SM_V3_001
SM_V3_002,contracts/SM_V3_002_WithdrawalMultiEncoding02.sol,SM_WithdrawalMultiEncoding02,SM,SignatureMalleabilityDetector,SignatureReplayDetector,SignatureMalleabilityDetector,vulnerable,3_multiple_noncanonical_representations,optional leading format byte creates two encodings of the same canonical signature,Signed Withdrawal,raw parser accepts 65-byte or tagged 66-byte form,serialized signature identity used as security state,representation-specific replay/uniqueness guard,"Equivalent cryptographic signatures can be serialized in more than one accepted form, but the contract distinguishes those encodings in security-sensitive state.",Stock Aderyn does not model equivalence between accepted signature encodings and may not see any direct ecrecover in the target.,FIND signature malleability vulnerability,synthetic,ERC-2098 representation and serialization ambiguity,638bf413236859627bc9,SM_V3_002
SM_V3_003,contracts/SM_V3_003_VoucherMintMultiEncoding03.sol,SM_VoucherMintMultiEncoding03,SM,SignatureMalleabilityDetector,SignatureReplayDetector,SignatureMalleabilityDetector,vulnerable,3_multiple_noncanonical_representations,optional trailing byte is ignored by recovery but changes the serialized signature identity,Voucher Mint,parser ignores optional trailing tag,serialized signature identity used as security state,representation-specific replay/uniqueness guard,"Equivalent cryptographic signatures can be serialized in more than one accepted form, but the contract distinguishes those encodings in security-sensitive state.",Stock Aderyn does not model equivalence between accepted signature encodings and may not see any direct ecrecover in the target.,FIND signature malleability vulnerability,synthetic,ERC-2098 representation and serialization ambiguity,2f4787bb5acb8614b40b,SM_V3_003
SM_V3_004,contracts/SM_V3_004_BridgeReleaseMultiEncoding04.sol,SM_BridgeReleaseMultiEncoding04,SM,SignatureMalleabilityDetector,SignatureReplayDetector,SignatureMalleabilityDetector,vulnerable,3_multiple_noncanonical_representations,accepts packed 65-byte and ABI-word-padded 96-byte encodings,Bridge Release,dual 65/96-byte parser,serialized signature identity used as security state,representation-specific replay/uniqueness guard,"Equivalent cryptographic signatures can be serialized in more than one accepted form, but the contract distinguishes those encodings in security-sensitive state.",Stock Aderyn does not model equivalence between accepted signature encodings and may not see any direct ecrecover in the target.,FIND signature malleability vulnerability,synthetic,ERC-2098 representation and serialization ambiguity,4205941b62197884ab74,SM_V3_004
SM_V3_005,contracts/SM_V3_005_OrderFillMultiEncoding05.sol,SM_OrderFillMultiEncoding05,SM,SignatureMalleabilityDetector,SignatureReplayDetector,SignatureMalleabilityDetector,vulnerable,3_multiple_noncanonical_representations,separate 64-byte and 65-byte entry points accept equivalent signatures with independent serialized identity,Signed Order Fill,separate compact/full canonical recovery entry points,raw encoding hash used as per-entry uniqueness key,two public execution paths,The same canonical ECDSA authorization has both ERC-2098 and traditional encodings; each hashes differently and can pass the encoding-specific guard.,Stock Aderyn may not flag the target because recovery is delegated to a helper and cannot reason about equivalent serializations.,FIND signature malleability vulnerability,cve-inspired,CVE-2022-35961 / OpenZeppelin 4.1.0-4.7.2 representation ambiguity,90cc4795c8486b54a4a1,SM_V3_005
SM_V3_006,contracts/SM_V3_006_PermitLikeMultiEncoding06.sol,SM_PermitLikeMultiEncoding06,SM,SignatureMalleabilityDetector,SignatureReplayDetector,SignatureMalleabilityDetector,vulnerable,3_multiple_noncanonical_representations,"trailing bytes are ignored by recovery, allowing arbitrarily many serialized forms",Permit-like Approval,parser consumes only first 65 bytes,serialized signature identity used as security state,representation-specific replay/uniqueness guard,"Equivalent cryptographic signatures can be serialized in more than one accepted form, but the contract distinguishes those encodings in security-sensitive state.",Stock Aderyn does not model equivalence between accepted signature encodings and may not see any direct ecrecover in the target.,FIND signature malleability vulnerability,synthetic,ERC-2098 representation and serialization ambiguity,46b82f140412b12fae92,SM_V3_006
SM_V3_007,contracts/SM_V3_007_GovernanceVoteMultiEncoding07.sol,SM_GovernanceVoteMultiEncoding07,SM,SignatureMalleabilityDetector,SignatureReplayDetector,SignatureMalleabilityDetector,vulnerable,3_multiple_noncanonical_representations,ABI-wrapped signature bytes create non-unique outer serialization identities,Governance Vote,ABI-decoded nested bytes signature,serialized signature identity used as security state,representation-specific replay/uniqueness guard,"Equivalent cryptographic signatures can be serialized in more than one accepted form, but the contract distinguishes those encodings in security-sensitive state.",Stock Aderyn does not model equivalence between accepted signature encodings and may not see any direct ecrecover in the target.,FIND signature malleability vulnerability,synthetic,ERC-2098 representation and serialization ambiguity,19cc176b89fddc83657a,SM_V3_007
SM_V3_008,contracts/SM_V3_008_OracleUpdateMultiEncoding08.sol,SM_OracleUpdateMultiEncoding08,SM,SignatureMalleabilityDetector,SignatureReplayDetector,SignatureMalleabilityDetector,vulnerable,3_multiple_noncanonical_representations,length-tagged raw encoding key treats compact and traditional forms as distinct authorizations,Oracle Update,canonical flexible recovery plus length-tagged serialization identity,serialized signature identity used as security state,representation-specific replay/uniqueness guard,"Equivalent cryptographic signatures can be serialized in more than one accepted form, but the contract distinguishes those encodings in security-sensitive state.",Stock Aderyn does not model equivalence between accepted signature encodings and may not see any direct ecrecover in the target.,FIND signature malleability vulnerability,cve-inspired,CVE-2022-35961 / OpenZeppelin compact-vs-traditional signature representation,95e094c21443cb51b415,SM_V3_008
SM_V3_009,contracts/SM_V3_009_AdminGrantMultiEncoding09.sol,SM_AdminGrantMultiEncoding09,SM,SignatureMalleabilityDetector,SignatureReplayDetector,SignatureMalleabilityDetector,vulnerable,3_multiple_noncanonical_representations,accepts both ERC-2098 compact and 65-byte forms while uniqueness is encoding-specific,Admin Grant,canonical flexible 64/65-byte recovery,serialized signature identity used as security state,representation-specific replay/uniqueness guard,"Equivalent cryptographic signatures can be serialized in more than one accepted form, but the contract distinguishes those encodings in security-sensitive state.",Stock Aderyn does not model equivalence between accepted signature encodings and may not see any direct ecrecover in the target.,FIND signature malleability vulnerability,cve-inspired,CVE-2022-35961 / OpenZeppelin compact-vs-traditional signature representation,080a77075b8d98f19f8d,SM_V3_009
SM_V3_010,contracts/SM_V3_010_AirdropMultiEncoding10.sol,SM_AirdropMultiEncoding10,SM,SignatureMalleabilityDetector,SignatureReplayDetector,SignatureMalleabilityDetector,vulnerable,3_multiple_noncanonical_representations,optional leading format byte creates two encodings of the same canonical signature,Airdrop Claim,raw parser accepts 65-byte or tagged 66-byte form,serialized signature identity used as security state,representation-specific replay/uniqueness guard,"Equivalent cryptographic signatures can be serialized in more than one accepted form, but the contract distinguishes those encodings in security-sensitive state.",Stock Aderyn does not model equivalence between accepted signature encodings and may not see any direct ecrecover in the target.,FIND signature malleability vulnerability,synthetic,ERC-2098 representation and serialization ambiguity,b9af38ad46b153670d5a,SM_V3_010
SM_V3_011,contracts/SM_V3_011_VaultHarvestMultiEncoding11.sol,SM_VaultHarvestMultiEncoding11,SM,SignatureMalleabilityDetector,SignatureReplayDetector,SignatureMalleabilityDetector,vulnerable,3_multiple_noncanonical_representations,optional trailing byte is ignored by recovery but changes the serialized signature identity,Vault Harvest,parser ignores optional trailing tag,serialized signature identity used as security state,representation-specific replay/uniqueness guard,"Equivalent cryptographic signatures can be serialized in more than one accepted form, but the contract distinguishes those encodings in security-sensitive state.",Stock Aderyn does not model equivalence between accepted signature encodings and may not see any direct ecrecover in the target.,FIND signature malleability vulnerability,synthetic,ERC-2098 representation and serialization ambiguity,6ef2543a56c1eeae9729,SM_V3_011
SM_V3_012,contracts/SM_V3_012_BondRedeemMultiEncoding12.sol,SM_BondRedeemMultiEncoding12,SM,SignatureMalleabilityDetector,SignatureReplayDetector,SignatureMalleabilityDetector,vulnerable,3_multiple_noncanonical_representations,accepts packed 65-byte and ABI-word-padded 96-byte encodings,Bond Redeem,dual 65/96-byte parser,serialized signature identity used as security state,representation-specific replay/uniqueness guard,"Equivalent cryptographic signatures can be serialized in more than one accepted form, but the contract distinguishes those encodings in security-sensitive state.",Stock Aderyn does not model equivalence between accepted signature encodings and may not see any direct ecrecover in the target.,FIND signature malleability vulnerability,synthetic,ERC-2098 representation and serialization ambiguity,dedec031d2d2a089cd4d,SM_V3_012
SM_V3_013,contracts/SM_V3_013_FeeRebateMultiEncoding13.sol,SM_FeeRebateMultiEncoding13,SM,SignatureMalleabilityDetector,SignatureReplayDetector,SignatureMalleabilityDetector,vulnerable,3_multiple_noncanonical_representations,separate 64-byte and 65-byte entry points accept equivalent signatures with independent serialized identity,Fee Rebate,separate compact/full canonical recovery entry points,raw encoding hash used as per-entry uniqueness key,two public execution paths; additional actor/action context tracking,The same canonical ECDSA authorization has both ERC-2098 and traditional encodings; each hashes differently and can pass the encoding-specific guard. Auxiliary state behavior varies independently to exercise nontrivial surrounding control/data flow.,Stock Aderyn may not flag the target because recovery is delegated to a helper and cannot reason about equivalent serializations.,FIND signature malleability vulnerability,cve-inspired,CVE-2022-35961 / OpenZeppelin 4.1.0-4.7.2 representation ambiguity,985d6bd0a13c6f7cacc2,SM_V3_013
SM_V3_014,contracts/SM_V3_014_SessionSpendMultiEncoding14.sol,SM_SessionSpendMultiEncoding14,SM,SignatureMalleabilityDetector,SignatureReplayDetector,SignatureMalleabilityDetector,vulnerable,3_multiple_noncanonical_representations,"trailing bytes are ignored by recovery, allowing arbitrarily many serialized forms",Session Spend,parser consumes only first 65 bytes,serialized signature identity used as security state,representation-specific replay/uniqueness guard,"Equivalent cryptographic signatures can be serialized in more than one accepted form, but the contract distinguishes those encodings in security-sensitive state.",Stock Aderyn does not model equivalence between accepted signature encodings and may not see any direct ecrecover in the target.,FIND signature malleability vulnerability,synthetic,ERC-2098 representation and serialization ambiguity,976deca105928f0224a4,SM_V3_014
SM_V3_015,contracts/SM_V3_015_StakingExitMultiEncoding15.sol,SM_StakingExitMultiEncoding15,SM,SignatureMalleabilityDetector,SignatureReplayDetector,SignatureMalleabilityDetector,vulnerable,3_multiple_noncanonical_representations,ABI-wrapped signature bytes create non-unique outer serialization identities,Staking Exit,ABI-decoded nested bytes signature,serialized signature identity used as security state,representation-specific replay/uniqueness guard,"Equivalent cryptographic signatures can be serialized in more than one accepted form, but the contract distinguishes those encodings in security-sensitive state.",Stock Aderyn does not model equivalence between accepted signature encodings and may not see any direct ecrecover in the target.,FIND signature malleability vulnerability,synthetic,ERC-2098 representation and serialization ambiguity,8d3c3c749eb6cad56e26,SM_V3_015
SM_V3_016,contracts/SM_V3_016_LiquidationMultiEncoding16.sol,SM_LiquidationMultiEncoding16,SM,SignatureMalleabilityDetector,SignatureReplayDetector,SignatureMalleabilityDetector,vulnerable,3_multiple_noncanonical_representations,length-tagged raw encoding key treats compact and traditional forms as distinct authorizations,Liquidation,canonical flexible recovery plus length-tagged serialization identity,serialized signature identity used as security state,representation-specific replay/uniqueness guard,"Equivalent cryptographic signatures can be serialized in more than one accepted form, but the contract distinguishes those encodings in security-sensitive state.",Stock Aderyn does not model equivalence between accepted signature encodings and may not see any direct ecrecover in the target.,FIND signature malleability vulnerability,cve-inspired,CVE-2022-35961 / OpenZeppelin compact-vs-traditional signature representation,18758d4fc72272b61868,SM_V3_016
SM_V3_017,contracts/SM_V3_017_LoanDrawMultiEncoding17.sol,SM_LoanDrawMultiEncoding17,SM,SignatureMalleabilityDetector,SignatureReplayDetector,SignatureMalleabilityDetector,vulnerable,3_multiple_noncanonical_representations,accepts both ERC-2098 compact and 65-byte forms while uniqueness is encoding-specific,Loan Draw,canonical flexible 64/65-byte recovery,serialized signature identity used as security state,representation-specific replay/uniqueness guard; auxiliary semantic variant 1,"Equivalent cryptographic signatures can be serialized in more than one accepted form, but the contract distinguishes those encodings in security-sensitive state. Auxiliary state behavior varies independently to exercise nontrivial surrounding control/data flow.",Stock Aderyn does not model equivalence between accepted signature encodings and may not see any direct ecrecover in the target.,FIND signature malleability vulnerability,cve-inspired,CVE-2022-35961 / OpenZeppelin compact-vs-traditional signature representation,16d53318554805d42c9e,SM_V3_017
SM_V3_018,contracts/SM_V3_018_SwapQuoteMultiEncoding18.sol,SM_SwapQuoteMultiEncoding18,SM,SignatureMalleabilityDetector,SignatureReplayDetector,SignatureMalleabilityDetector,vulnerable,3_multiple_noncanonical_representations,optional leading format byte creates two encodings of the same canonical signature,Signed Swap Quote,raw parser accepts 65-byte or tagged 66-byte form,serialized signature identity used as security state,representation-specific replay/uniqueness guard; auxiliary semantic variant 2,"Equivalent cryptographic signatures can be serialized in more than one accepted form, but the contract distinguishes those encodings in security-sensitive state. Auxiliary state behavior varies independently to exercise nontrivial surrounding control/data flow.",Stock Aderyn does not model equivalence between accepted signature encodings and may not see any direct ecrecover in the target.,FIND signature malleability vulnerability,synthetic,ERC-2098 representation and serialization ambiguity,5e883b378204dcd200be,SM_V3_018
SM_V3_019,contracts/SM_V3_019_TreasuryPaymentMultiEncoding19.sol,SM_TreasuryPaymentMultiEncoding19,SM,SignatureMalleabilityDetector,SignatureReplayDetector,SignatureMalleabilityDetector,vulnerable,3_multiple_noncanonical_representations,optional trailing byte is ignored by recovery but changes the serialized signature identity,Treasury Payment,parser ignores optional trailing tag,serialized signature identity used as security state,representation-specific replay/uniqueness guard; auxiliary semantic variant 3,"Equivalent cryptographic signatures can be serialized in more than one accepted form, but the contract distinguishes those encodings in security-sensitive state. Auxiliary state behavior varies independently to exercise nontrivial surrounding control/data flow.",Stock Aderyn does not model equivalence between accepted signature encodings and may not see any direct ecrecover in the target.,FIND signature malleability vulnerability,synthetic,ERC-2098 representation and serialization ambiguity,ed258d8a65091feee04d,SM_V3_019
SM_V3_020,contracts/SM_V3_020_MetaTxMultiEncoding20.sol,SM_MetaTxMultiEncoding20,SM,SignatureMalleabilityDetector,SignatureReplayDetector,SignatureMalleabilityDetector,vulnerable,3_multiple_noncanonical_representations,accepts packed 65-byte and ABI-word-padded 96-byte encodings,Meta-Transaction,dual 65/96-byte parser,serialized signature identity used as security state,representation-specific replay/uniqueness guard; auxiliary semantic variant 4,"Equivalent cryptographic signatures can be serialized in more than one accepted form, but the contract distinguishes those encodings in security-sensitive state. Auxiliary state behavior varies independently to exercise nontrivial surrounding control/data flow.",Stock Aderyn does not model equivalence between accepted signature encodings and may not see any direct ecrecover in the target.,FIND signature malleability vulnerability,synthetic,ERC-2098 representation and serialization ambiguity,6bfd9c32a3ec6a443358,SM_V3_020
SM_V3_021,contracts/SM_V3_021_DelegatedTransferMultiEncoding21.sol,SM_DelegatedTransferMultiEncoding21,SM,SignatureMalleabilityDetector,SignatureReplayDetector,SignatureMalleabilityDetector,vulnerable,3_multiple_noncanonical_representations,separate 64-byte and 65-byte entry points accept equivalent signatures with independent serialized identity,Delegated Transfer,separate compact/full canonical recovery entry points,raw encoding hash used as per-entry uniqueness key,two public execution paths; auxiliary semantic variant 5,The same canonical ECDSA authorization has both ERC-2098 and traditional encodings; each hashes differently and can pass the encoding-specific guard. Auxiliary state behavior varies independently to exercise nontrivial surrounding control/data flow.,Stock Aderyn may not flag the target because recovery is delegated to a helper and cannot reason about equivalent serializations.,FIND signature malleability vulnerability,cve-inspired,CVE-2022-35961 / OpenZeppelin 4.1.0-4.7.2 representation ambiguity,75d9791c4b370a432afa,SM_V3_021
SM_V3_022,contracts/SM_V3_022_KeeperTaskMultiEncoding22.sol,SM_KeeperTaskMultiEncoding22,SM,SignatureMalleabilityDetector,SignatureReplayDetector,SignatureMalleabilityDetector,vulnerable,3_multiple_noncanonical_representations,"trailing bytes are ignored by recovery, allowing arbitrarily many serialized forms",Keeper Task,parser consumes only first 65 bytes,serialized signature identity used as security state,representation-specific replay/uniqueness guard; auxiliary semantic variant 6,"Equivalent cryptographic signatures can be serialized in more than one accepted form, but the contract distinguishes those encodings in security-sensitive state. Auxiliary state behavior varies independently to exercise nontrivial surrounding control/data flow.",Stock Aderyn does not model equivalence between accepted signature encodings and may not see any direct ecrecover in the target.,FIND signature malleability vulnerability,synthetic,ERC-2098 representation and serialization ambiguity,ba7ff0bd64293533a42e,SM_V3_022
SM_V3_023,contracts/SM_V3_023_CollateralWithdrawMultiEncoding23.sol,SM_CollateralWithdrawMultiEncoding23,SM,SignatureMalleabilityDetector,SignatureReplayDetector,SignatureMalleabilityDetector,vulnerable,3_multiple_noncanonical_representations,ABI-wrapped signature bytes create non-unique outer serialization identities,Collateral Withdrawal,ABI-decoded nested bytes signature,serialized signature identity used as security state,representation-specific replay/uniqueness guard; auxiliary semantic variant 7,"Equivalent cryptographic signatures can be serialized in more than one accepted form, but the contract distinguishes those encodings in security-sensitive state. Auxiliary state behavior varies independently to exercise nontrivial surrounding control/data flow.",Stock Aderyn does not model equivalence between accepted signature encodings and may not see any direct ecrecover in the target.,FIND signature malleability vulnerability,synthetic,ERC-2098 representation and serialization ambiguity,ec2e1a1714d1733f1606,SM_V3_023
SM_V3_024,contracts/SM_V3_024_RFQFillMultiEncoding24.sol,SM_RFQFillMultiEncoding24,SM,SignatureMalleabilityDetector,SignatureReplayDetector,SignatureMalleabilityDetector,vulnerable,3_multiple_noncanonical_representations,length-tagged raw encoding key treats compact and traditional forms as distinct authorizations,RFQ Fill,canonical flexible recovery plus length-tagged serialization identity,serialized signature identity used as security state,representation-specific replay/uniqueness guard; auxiliary semantic variant 8,"Equivalent cryptographic signatures can be serialized in more than one accepted form, but the contract distinguishes those encodings in security-sensitive state. Auxiliary state behavior varies independently to exercise nontrivial surrounding control/data flow.",Stock Aderyn does not model equivalence between accepted signature encodings and may not see any direct ecrecover in the target.,FIND signature malleability vulnerability,cve-inspired,CVE-2022-35961 / OpenZeppelin compact-vs-traditional signature representation,6f519e2712640e368c1f,SM_V3_024
SM_V3_025,contracts/SM_V3_025_AccountRecoveryMultiEncoding25.sol,SM_AccountRecoveryMultiEncoding25,SM,SignatureMalleabilityDetector,SignatureReplayDetector,SignatureMalleabilityDetector,vulnerable,3_multiple_noncanonical_representations,accepts both ERC-2098 compact and 65-byte forms while uniqueness is encoding-specific,Account Recovery,canonical flexible 64/65-byte recovery,serialized signature identity used as security state,representation-specific replay/uniqueness guard; auxiliary semantic variant 9,"Equivalent cryptographic signatures can be serialized in more than one accepted form, but the contract distinguishes those encodings in security-sensitive state. Auxiliary state behavior varies independently to exercise nontrivial surrounding control/data flow.",Stock Aderyn does not model equivalence between accepted signature encodings and may not see any direct ecrecover in the target.,FIND signature malleability vulnerability,cve-inspired,CVE-2022-35961 / OpenZeppelin compact-vs-traditional signature representation,aa39a746954afa3ddb4c,SM_V3_025
SM_V3_026,contracts/SM_V3_026_RoyaltyClaimMultiEncoding26.sol,SM_RoyaltyClaimMultiEncoding26,SM,SignatureMalleabilityDetector,SignatureReplayDetector,SignatureMalleabilityDetector,vulnerable,3_multiple_noncanonical_representations,optional leading format byte creates two encodings of the same canonical signature,Royalty Claim,raw parser accepts 65-byte or tagged 66-byte form,serialized signature identity used as security state,representation-specific replay/uniqueness guard; auxiliary semantic variant 10,"Equivalent cryptographic signatures can be serialized in more than one accepted form, but the contract distinguishes those encodings in security-sensitive state. Auxiliary state behavior varies independently to exercise nontrivial surrounding control/data flow.",Stock Aderyn does not model equivalence between accepted signature encodings and may not see any direct ecrecover in the target.,FIND signature malleability vulnerability,synthetic,ERC-2098 representation and serialization ambiguity,a08d6d497e8cfd434b81,SM_V3_026
SM_V3_027,contracts/SM_V3_027_BatchPaymentMultiEncoding27.sol,SM_BatchPaymentMultiEncoding27,SM,SignatureMalleabilityDetector,SignatureReplayDetector,SignatureMalleabilityDetector,vulnerable,3_multiple_noncanonical_representations,optional trailing byte is ignored by recovery but changes the serialized signature identity,Batch Payment,parser ignores optional trailing tag,serialized signature identity used as security state,representation-specific replay/uniqueness guard; auxiliary semantic variant 11,"Equivalent cryptographic signatures can be serialized in more than one accepted form, but the contract distinguishes those encodings in security-sensitive state. Auxiliary state behavior varies independently to exercise nontrivial surrounding control/data flow.",Stock Aderyn does not model equivalence between accepted signature encodings and may not see any direct ecrecover in the target.,FIND signature malleability vulnerability,synthetic,ERC-2098 representation and serialization ambiguity,03b555e57cb0aedbd0d2,SM_V3_027
SM_V3_028,contracts/SM_V3_028_RefundMultiEncoding28.sol,SM_RefundMultiEncoding28,SM,SignatureMalleabilityDetector,SignatureReplayDetector,SignatureMalleabilityDetector,vulnerable,3_multiple_noncanonical_representations,accepts packed 65-byte and ABI-word-padded 96-byte encodings,Signed Refund,dual 65/96-byte parser,serialized signature identity used as security state,representation-specific replay/uniqueness guard; auxiliary semantic variant 12,"Equivalent cryptographic signatures can be serialized in more than one accepted form, but the contract distinguishes those encodings in security-sensitive state. Auxiliary state behavior varies independently to exercise nontrivial surrounding control/data flow.",Stock Aderyn does not model equivalence between accepted signature encodings and may not see any direct ecrecover in the target.,FIND signature malleability vulnerability,synthetic,ERC-2098 representation and serialization ambiguity,1eeacdf3211415aeb1d2,SM_V3_028
SM_V3_029,contracts/SM_V3_029_TicketRedeemMultiEncoding29.sol,SM_TicketRedeemMultiEncoding29,SM,SignatureMalleabilityDetector,SignatureReplayDetector,SignatureMalleabilityDetector,vulnerable,3_multiple_noncanonical_representations,separate 64-byte and 65-byte entry points accept equivalent signatures with independent serialized identity,Ticket Redemption,separate compact/full canonical recovery entry points,raw encoding hash used as per-entry uniqueness key,two public execution paths; auxiliary semantic variant 13,The same canonical ECDSA authorization has both ERC-2098 and traditional encodings; each hashes differently and can pass the encoding-specific guard. Auxiliary state behavior varies independently to exercise nontrivial surrounding control/data flow.,Stock Aderyn may not flag the target because recovery is delegated to a helper and cannot reason about equivalent serializations.,FIND signature malleability vulnerability,cve-inspired,CVE-2022-35961 / OpenZeppelin 4.1.0-4.7.2 representation ambiguity,62e6e81471f268c3467b,SM_V3_029
SM_V3_030,contracts/SM_V3_030_SubscriptionMultiEncoding30.sol,SM_SubscriptionMultiEncoding30,SM,SignatureMalleabilityDetector,SignatureReplayDetector,SignatureMalleabilityDetector,vulnerable,3_multiple_noncanonical_representations,"trailing bytes are ignored by recovery, allowing arbitrarily many serialized forms",Subscription Charge,parser consumes only first 65 bytes,serialized signature identity used as security state,representation-specific replay/uniqueness guard; auxiliary semantic variant 14,"Equivalent cryptographic signatures can be serialized in more than one accepted form, but the contract distinguishes those encodings in security-sensitive state. Auxiliary state behavior varies independently to exercise nontrivial surrounding control/data flow.",Stock Aderyn does not model equivalence between accepted signature encodings and may not see any direct ecrecover in the target.,FIND signature malleability vulnerability,synthetic,ERC-2098 representation and serialization ambiguity,18922b8df5623e3e7562,SM_V3_030
SM_V4_001,contracts/SM_V4_001_GaslessTransferRawSignatureKey01.sol,SM_GaslessTransferRawSignatureKey01,SM,SignatureMalleabilityDetector,SignatureReplayDetector,SignatureMalleabilityDetector,vulnerable,4_raw_signature_uniqueness_key,keccak256(signature) replay key plus permissive v normalization,Gasless Transfer,raw/flexible ECDSA recovery with signature-derived replay key,signature-derived hash is security-critical uniqueness state,check signature-derived key then recover then consume key,ECDSA signatures are not guaranteed to have one unique byte representation; using signature bytes or their hash as the replay key allows an equivalent signature representation to bypass consumption.,Stock Aderyn may emit generic ecrecover warnings but does not connect malleability to a signature-derived replay mapping.,FIND signature malleability vulnerability,historically-inspired,TCH May 2024 exploit pattern,027d6de61054aad46514,SM_V4_001
SM_V4_002,contracts/SM_V4_002_WithdrawalRawSignatureKey02.sol,SM_WithdrawalRawSignatureKey02,SM,SignatureMalleabilityDetector,SignatureReplayDetector,SignatureMalleabilityDetector,vulnerable,4_raw_signature_uniqueness_key,ABI-encoded raw signature hash used as uniqueness key while high-s is accepted,Signed Withdrawal,raw/flexible ECDSA recovery with signature-derived replay key,signature-derived hash is security-critical uniqueness state,check signature-derived key then recover then consume key,ECDSA signatures are not guaranteed to have one unique byte representation; using signature bytes or their hash as the replay key allows an equivalent signature representation to bypass consumption.,Stock Aderyn may emit generic ecrecover warnings but does not connect malleability to a signature-derived replay mapping.,FIND signature malleability vulnerability,synthetic,EIP-2 high-s malleability,aee68a9348043e777760,SM_V4_002
SM_V4_003,contracts/SM_V4_003_VoucherMintRawSignatureKey03.sol,SM_VoucherMintRawSignatureKey03,SM,SignatureMalleabilityDetector,SignatureReplayDetector,SignatureMalleabilityDetector,vulnerable,4_raw_signature_uniqueness_key,packed raw signature hash used as uniqueness key while alternate ECDSA form is accepted,Voucher Mint,raw/flexible ECDSA recovery with signature-derived replay key,signature-derived hash is security-critical uniqueness state,check signature-derived key then recover then consume key,ECDSA signatures are not guaranteed to have one unique byte representation; using signature bytes or their hash as the replay key allows an equivalent signature representation to bypass consumption.,Stock Aderyn may emit generic ecrecover warnings but does not connect malleability to a signature-derived replay mapping.,FIND signature malleability vulnerability,synthetic,EIP-2 high-s malleability,2797eca6502ed48d9c66,SM_V4_003
SM_V4_004,contracts/SM_V4_004_BridgeReleaseRawSignatureKey04.sol,SM_BridgeReleaseRawSignatureKey04,SM,SignatureMalleabilityDetector,SignatureReplayDetector,SignatureMalleabilityDetector,vulnerable,4_raw_signature_uniqueness_key,r/s/v serialization is hashed before v normalization and used as the replay identity,Bridge Release,raw/flexible ECDSA recovery with signature-derived replay key,signature-derived hash is security-critical uniqueness state,check signature-derived key then recover then consume key,ECDSA signatures are not guaranteed to have one unique byte representation; using signature bytes or their hash as the replay key allows an equivalent signature representation to bypass consumption.,Stock Aderyn may emit generic ecrecover warnings but does not connect malleability to a signature-derived replay mapping.,FIND signature malleability vulnerability,historically-inspired,TCH-style pre-normalization identity mismatch,be5008e7da4f95f1ae8c,SM_V4_004
SM_V4_005,contracts/SM_V4_005_OrderFillRawSignatureKey05.sol,SM_OrderFillRawSignatureKey05,SM,SignatureMalleabilityDetector,SignatureReplayDetector,SignatureMalleabilityDetector,vulnerable,4_raw_signature_uniqueness_key,reconstructed signature bytes are used as one-time identity without low-s canonicality,Signed Order Fill,raw/flexible ECDSA recovery with signature-derived replay key,signature-derived hash is security-critical uniqueness state,check signature-derived key then recover then consume key,ECDSA signatures are not guaranteed to have one unique byte representation; using signature bytes or their hash as the replay key allows an equivalent signature representation to bypass consumption.,Stock Aderyn may emit generic ecrecover warnings but does not connect malleability to a signature-derived replay mapping.,FIND signature malleability vulnerability,synthetic,EIP-2 high-s malleability,678072919f43ad18d601,SM_V4_005
SM_V4_006,contracts/SM_V4_006_PermitLikeRawSignatureKey06.sol,SM_PermitLikeRawSignatureKey06,SM,SignatureMalleabilityDetector,SignatureReplayDetector,SignatureMalleabilityDetector,vulnerable,4_raw_signature_uniqueness_key,hashing raw signature with a different hash function does not make the identity canonical,Permit-like Approval,raw/flexible ECDSA recovery with signature-derived replay key,signature-derived hash is security-critical uniqueness state,check signature-derived key then recover then consume key,ECDSA signatures are not guaranteed to have one unique byte representation; using signature bytes or their hash as the replay key allows an equivalent signature representation to bypass consumption.,Stock Aderyn may emit generic ecrecover warnings but does not connect malleability to a signature-derived replay mapping.,FIND signature malleability vulnerability,synthetic,raw-signature uniqueness anti-pattern,059ea1cc798cc8feaa24,SM_V4_006
SM_V4_007,contracts/SM_V4_007_GovernanceVoteRawSignatureKey07.sol,SM_GovernanceVoteRawSignatureKey07,SM,SignatureMalleabilityDetector,SignatureReplayDetector,SignatureMalleabilityDetector,vulnerable,4_raw_signature_uniqueness_key,raw v/r/s hash is keyed before parity truncation,Governance Vote,raw/flexible ECDSA recovery with signature-derived replay key,signature-derived hash is security-critical uniqueness state,check signature-derived key then recover then consume key,ECDSA signatures are not guaranteed to have one unique byte representation; using signature bytes or their hash as the replay key allows an equivalent signature representation to bypass consumption.,Stock Aderyn may emit generic ecrecover warnings but does not connect malleability to a signature-derived replay mapping.,FIND signature malleability vulnerability,synthetic,permissive-v plus raw-signature identity,29ac8b891c147c729198,SM_V4_007
SM_V4_008,contracts/SM_V4_008_OracleUpdateRawSignatureKey08.sol,SM_OracleUpdateRawSignatureKey08,SM,SignatureMalleabilityDetector,SignatureReplayDetector,SignatureMalleabilityDetector,vulnerable,4_raw_signature_uniqueness_key,signature byte hash is the only one-time key while raw recovery accepts malleable signatures,Oracle Update,raw/flexible ECDSA recovery with signature-derived replay key,signature-derived hash is security-critical uniqueness state,check signature-derived key then recover then consume key,ECDSA signatures are not guaranteed to have one unique byte representation; using signature bytes or their hash as the replay key allows an equivalent signature representation to bypass consumption.,Stock Aderyn may emit generic ecrecover warnings but does not connect malleability to a signature-derived replay mapping.,FIND signature malleability vulnerability,cve-inspired,CVE-2022-35961 impact pattern,f46c294fa3a9e1859e24,SM_V4_008
SM_V4_009,contracts/SM_V4_009_AdminGrantRawSignatureKey09.sol,SM_AdminGrantRawSignatureKey09,SM,SignatureMalleabilityDetector,SignatureReplayDetector,SignatureMalleabilityDetector,vulnerable,4_raw_signature_uniqueness_key,keccak256(signature) replay key plus permissive v normalization,Admin Grant,raw/flexible ECDSA recovery with signature-derived replay key,signature-derived hash is security-critical uniqueness state,check signature-derived key then recover then consume key,ECDSA signatures are not guaranteed to have one unique byte representation; using signature bytes or their hash as the replay key allows an equivalent signature representation to bypass consumption.,Stock Aderyn may emit generic ecrecover warnings but does not connect malleability to a signature-derived replay mapping.,FIND signature malleability vulnerability,historically-inspired,TCH May 2024 exploit pattern,0e7b51182df67e630afa,SM_V4_009
SM_V4_010,contracts/SM_V4_010_AirdropRawSignatureKey10.sol,SM_AirdropRawSignatureKey10,SM,SignatureMalleabilityDetector,SignatureReplayDetector,SignatureMalleabilityDetector,vulnerable,4_raw_signature_uniqueness_key,ABI-encoded raw signature hash used as uniqueness key while high-s is accepted,Airdrop Claim,raw/flexible ECDSA recovery with signature-derived replay key,signature-derived hash is security-critical uniqueness state,check signature-derived key then recover then consume key,ECDSA signatures are not guaranteed to have one unique byte representation; using signature bytes or their hash as the replay key allows an equivalent signature representation to bypass consumption.,Stock Aderyn may emit generic ecrecover warnings but does not connect malleability to a signature-derived replay mapping.,FIND signature malleability vulnerability,synthetic,EIP-2 high-s malleability,30a17f40b563a09855c1,SM_V4_010
SM_V4_011,contracts/SM_V4_011_VaultHarvestRawSignatureKey11.sol,SM_VaultHarvestRawSignatureKey11,SM,SignatureMalleabilityDetector,SignatureReplayDetector,SignatureMalleabilityDetector,vulnerable,4_raw_signature_uniqueness_key,packed raw signature hash used as uniqueness key while alternate ECDSA form is accepted,Vault Harvest,raw/flexible ECDSA recovery with signature-derived replay key,signature-derived hash is security-critical uniqueness state,check signature-derived key then recover then consume key,ECDSA signatures are not guaranteed to have one unique byte representation; using signature bytes or their hash as the replay key allows an equivalent signature representation to bypass consumption.,Stock Aderyn may emit generic ecrecover warnings but does not connect malleability to a signature-derived replay mapping.,FIND signature malleability vulnerability,synthetic,EIP-2 high-s malleability,d881f4dce5d118022829,SM_V4_011
SM_V4_012,contracts/SM_V4_012_BondRedeemRawSignatureKey12.sol,SM_BondRedeemRawSignatureKey12,SM,SignatureMalleabilityDetector,SignatureReplayDetector,SignatureMalleabilityDetector,vulnerable,4_raw_signature_uniqueness_key,r/s/v serialization is hashed before v normalization and used as the replay identity,Bond Redeem,raw/flexible ECDSA recovery with signature-derived replay key,signature-derived hash is security-critical uniqueness state,check signature-derived key then recover then consume key,ECDSA signatures are not guaranteed to have one unique byte representation; using signature bytes or their hash as the replay key allows an equivalent signature representation to bypass consumption.,Stock Aderyn may emit generic ecrecover warnings but does not connect malleability to a signature-derived replay mapping.,FIND signature malleability vulnerability,historically-inspired,TCH-style pre-normalization identity mismatch,d9bdd1e4f1b9875c6f91,SM_V4_012
SM_V4_013,contracts/SM_V4_013_FeeRebateRawSignatureKey13.sol,SM_FeeRebateRawSignatureKey13,SM,SignatureMalleabilityDetector,SignatureReplayDetector,SignatureMalleabilityDetector,vulnerable,4_raw_signature_uniqueness_key,reconstructed signature bytes are used as one-time identity without low-s canonicality,Fee Rebate,raw/flexible ECDSA recovery with signature-derived replay key,signature-derived hash is security-critical uniqueness state,check signature-derived key then recover then consume key,ECDSA signatures are not guaranteed to have one unique byte representation; using signature bytes or their hash as the replay key allows an equivalent signature representation to bypass consumption.,Stock Aderyn may emit generic ecrecover warnings but does not connect malleability to a signature-derived replay mapping.,FIND signature malleability vulnerability,synthetic,EIP-2 high-s malleability,f19b6bf26ccd971cf9d7,SM_V4_013
SM_V4_014,contracts/SM_V4_014_SessionSpendRawSignatureKey14.sol,SM_SessionSpendRawSignatureKey14,SM,SignatureMalleabilityDetector,SignatureReplayDetector,SignatureMalleabilityDetector,vulnerable,4_raw_signature_uniqueness_key,hashing raw signature with a different hash function does not make the identity canonical,Session Spend,raw/flexible ECDSA recovery with signature-derived replay key,signature-derived hash is security-critical uniqueness state,check signature-derived key then recover then consume key,ECDSA signatures are not guaranteed to have one unique byte representation; using signature bytes or their hash as the replay key allows an equivalent signature representation to bypass consumption.,Stock Aderyn may emit generic ecrecover warnings but does not connect malleability to a signature-derived replay mapping.,FIND signature malleability vulnerability,synthetic,raw-signature uniqueness anti-pattern,075020461c7285d8e6a3,SM_V4_014
SM_V4_015,contracts/SM_V4_015_StakingExitRawSignatureKey15.sol,SM_StakingExitRawSignatureKey15,SM,SignatureMalleabilityDetector,SignatureReplayDetector,SignatureMalleabilityDetector,vulnerable,4_raw_signature_uniqueness_key,raw v/r/s hash is keyed before parity truncation,Staking Exit,raw/flexible ECDSA recovery with signature-derived replay key,signature-derived hash is security-critical uniqueness state,check signature-derived key then recover then consume key,ECDSA signatures are not guaranteed to have one unique byte representation; using signature bytes or their hash as the replay key allows an equivalent signature representation to bypass consumption.,Stock Aderyn may emit generic ecrecover warnings but does not connect malleability to a signature-derived replay mapping.,FIND signature malleability vulnerability,synthetic,permissive-v plus raw-signature identity,753b303dc05e49bedc9a,SM_V4_015
SM_V4_016,contracts/SM_V4_016_LiquidationRawSignatureKey16.sol,SM_LiquidationRawSignatureKey16,SM,SignatureMalleabilityDetector,SignatureReplayDetector,SignatureMalleabilityDetector,vulnerable,4_raw_signature_uniqueness_key,signature byte hash is the only one-time key while raw recovery accepts malleable signatures,Liquidation,raw/flexible ECDSA recovery with signature-derived replay key,signature-derived hash is security-critical uniqueness state,check signature-derived key then recover then consume key,ECDSA signatures are not guaranteed to have one unique byte representation; using signature bytes or their hash as the replay key allows an equivalent signature representation to bypass consumption.,Stock Aderyn may emit generic ecrecover warnings but does not connect malleability to a signature-derived replay mapping.,FIND signature malleability vulnerability,cve-inspired,CVE-2022-35961 impact pattern,0659b0827a78504ee1c4,SM_V4_016
SM_V4_017,contracts/SM_V4_017_LoanDrawRawSignatureKey17.sol,SM_LoanDrawRawSignatureKey17,SM,SignatureMalleabilityDetector,SignatureReplayDetector,SignatureMalleabilityDetector,vulnerable,4_raw_signature_uniqueness_key,keccak256(signature) replay key plus permissive v normalization,Loan Draw,raw/flexible ECDSA recovery with signature-derived replay key,signature-derived hash is security-critical uniqueness state,check signature-derived key then recover then consume key; auxiliary semantic variant 1,ECDSA signatures are not guaranteed to have one unique byte representation; using signature bytes or their hash as the replay key allows an equivalent signature representation to bypass consumption. Auxiliary state behavior varies independently to exercise nontrivial surrounding control/data flow.,Stock Aderyn may emit generic ecrecover warnings but does not connect malleability to a signature-derived replay mapping.,FIND signature malleability vulnerability,historically-inspired,TCH May 2024 exploit pattern,f8a7575de4c5da3034ad,SM_V4_017
SM_V4_018,contracts/SM_V4_018_SwapQuoteRawSignatureKey18.sol,SM_SwapQuoteRawSignatureKey18,SM,SignatureMalleabilityDetector,SignatureReplayDetector,SignatureMalleabilityDetector,vulnerable,4_raw_signature_uniqueness_key,ABI-encoded raw signature hash used as uniqueness key while high-s is accepted,Signed Swap Quote,raw/flexible ECDSA recovery with signature-derived replay key,signature-derived hash is security-critical uniqueness state,check signature-derived key then recover then consume key; auxiliary semantic variant 2,ECDSA signatures are not guaranteed to have one unique byte representation; using signature bytes or their hash as the replay key allows an equivalent signature representation to bypass consumption. Auxiliary state behavior varies independently to exercise nontrivial surrounding control/data flow.,Stock Aderyn may emit generic ecrecover warnings but does not connect malleability to a signature-derived replay mapping.,FIND signature malleability vulnerability,synthetic,EIP-2 high-s malleability,13a704c3f45945038207,SM_V4_018
SM_V4_019,contracts/SM_V4_019_TreasuryPaymentRawSignatureKey19.sol,SM_TreasuryPaymentRawSignatureKey19,SM,SignatureMalleabilityDetector,SignatureReplayDetector,SignatureMalleabilityDetector,vulnerable,4_raw_signature_uniqueness_key,packed raw signature hash used as uniqueness key while alternate ECDSA form is accepted,Treasury Payment,raw/flexible ECDSA recovery with signature-derived replay key,signature-derived hash is security-critical uniqueness state,check signature-derived key then recover then consume key; auxiliary semantic variant 3,ECDSA signatures are not guaranteed to have one unique byte representation; using signature bytes or their hash as the replay key allows an equivalent signature representation to bypass consumption. Auxiliary state behavior varies independently to exercise nontrivial surrounding control/data flow.,Stock Aderyn may emit generic ecrecover warnings but does not connect malleability to a signature-derived replay mapping.,FIND signature malleability vulnerability,synthetic,EIP-2 high-s malleability,174cfcd508ce2aec230f,SM_V4_019
SM_V4_020,contracts/SM_V4_020_MetaTxRawSignatureKey20.sol,SM_MetaTxRawSignatureKey20,SM,SignatureMalleabilityDetector,SignatureReplayDetector,SignatureMalleabilityDetector,vulnerable,4_raw_signature_uniqueness_key,r/s/v serialization is hashed before v normalization and used as the replay identity,Meta-Transaction,raw/flexible ECDSA recovery with signature-derived replay key,signature-derived hash is security-critical uniqueness state,check signature-derived key then recover then consume key; auxiliary semantic variant 4,ECDSA signatures are not guaranteed to have one unique byte representation; using signature bytes or their hash as the replay key allows an equivalent signature representation to bypass consumption. Auxiliary state behavior varies independently to exercise nontrivial surrounding control/data flow.,Stock Aderyn may emit generic ecrecover warnings but does not connect malleability to a signature-derived replay mapping.,FIND signature malleability vulnerability,historically-inspired,TCH-style pre-normalization identity mismatch,88cf4e1e82754f3692ff,SM_V4_020
SM_V4_021,contracts/SM_V4_021_DelegatedTransferRawSignatureKey21.sol,SM_DelegatedTransferRawSignatureKey21,SM,SignatureMalleabilityDetector,SignatureReplayDetector,SignatureMalleabilityDetector,vulnerable,4_raw_signature_uniqueness_key,reconstructed signature bytes are used as one-time identity without low-s canonicality,Delegated Transfer,raw/flexible ECDSA recovery with signature-derived replay key,signature-derived hash is security-critical uniqueness state,check signature-derived key then recover then consume key; auxiliary semantic variant 5,ECDSA signatures are not guaranteed to have one unique byte representation; using signature bytes or their hash as the replay key allows an equivalent signature representation to bypass consumption. Auxiliary state behavior varies independently to exercise nontrivial surrounding control/data flow.,Stock Aderyn may emit generic ecrecover warnings but does not connect malleability to a signature-derived replay mapping.,FIND signature malleability vulnerability,synthetic,EIP-2 high-s malleability,eaa132cb8ea785c1f4fe,SM_V4_021
SM_V4_022,contracts/SM_V4_022_KeeperTaskRawSignatureKey22.sol,SM_KeeperTaskRawSignatureKey22,SM,SignatureMalleabilityDetector,SignatureReplayDetector,SignatureMalleabilityDetector,vulnerable,4_raw_signature_uniqueness_key,hashing raw signature with a different hash function does not make the identity canonical,Keeper Task,raw/flexible ECDSA recovery with signature-derived replay key,signature-derived hash is security-critical uniqueness state,check signature-derived key then recover then consume key; auxiliary semantic variant 6,ECDSA signatures are not guaranteed to have one unique byte representation; using signature bytes or their hash as the replay key allows an equivalent signature representation to bypass consumption. Auxiliary state behavior varies independently to exercise nontrivial surrounding control/data flow.,Stock Aderyn may emit generic ecrecover warnings but does not connect malleability to a signature-derived replay mapping.,FIND signature malleability vulnerability,synthetic,raw-signature uniqueness anti-pattern,51a66df3bd9fbbd2688b,SM_V4_022
SM_V4_023,contracts/SM_V4_023_CollateralWithdrawRawSignatureKey23.sol,SM_CollateralWithdrawRawSignatureKey23,SM,SignatureMalleabilityDetector,SignatureReplayDetector,SignatureMalleabilityDetector,vulnerable,4_raw_signature_uniqueness_key,raw v/r/s hash is keyed before parity truncation,Collateral Withdrawal,raw/flexible ECDSA recovery with signature-derived replay key,signature-derived hash is security-critical uniqueness state,check signature-derived key then recover then consume key; auxiliary semantic variant 7,ECDSA signatures are not guaranteed to have one unique byte representation; using signature bytes or their hash as the replay key allows an equivalent signature representation to bypass consumption. Auxiliary state behavior varies independently to exercise nontrivial surrounding control/data flow.,Stock Aderyn may emit generic ecrecover warnings but does not connect malleability to a signature-derived replay mapping.,FIND signature malleability vulnerability,synthetic,permissive-v plus raw-signature identity,54e580eafd32d01ee828,SM_V4_023
SM_V4_024,contracts/SM_V4_024_RFQFillRawSignatureKey24.sol,SM_RFQFillRawSignatureKey24,SM,SignatureMalleabilityDetector,SignatureReplayDetector,SignatureMalleabilityDetector,vulnerable,4_raw_signature_uniqueness_key,signature byte hash is the only one-time key while raw recovery accepts malleable signatures,RFQ Fill,raw/flexible ECDSA recovery with signature-derived replay key,signature-derived hash is security-critical uniqueness state,check signature-derived key then recover then consume key; auxiliary semantic variant 8,ECDSA signatures are not guaranteed to have one unique byte representation; using signature bytes or their hash as the replay key allows an equivalent signature representation to bypass consumption. Auxiliary state behavior varies independently to exercise nontrivial surrounding control/data flow.,Stock Aderyn may emit generic ecrecover warnings but does not connect malleability to a signature-derived replay mapping.,FIND signature malleability vulnerability,cve-inspired,CVE-2022-35961 impact pattern,b38dc835ce2faa9e58b4,SM_V4_024
SM_V4_025,contracts/SM_V4_025_AccountRecoveryRawSignatureKey25.sol,SM_AccountRecoveryRawSignatureKey25,SM,SignatureMalleabilityDetector,SignatureReplayDetector,SignatureMalleabilityDetector,vulnerable,4_raw_signature_uniqueness_key,keccak256(signature) replay key plus permissive v normalization,Account Recovery,raw/flexible ECDSA recovery with signature-derived replay key,signature-derived hash is security-critical uniqueness state,check signature-derived key then recover then consume key; auxiliary semantic variant 9,ECDSA signatures are not guaranteed to have one unique byte representation; using signature bytes or their hash as the replay key allows an equivalent signature representation to bypass consumption. Auxiliary state behavior varies independently to exercise nontrivial surrounding control/data flow.,Stock Aderyn may emit generic ecrecover warnings but does not connect malleability to a signature-derived replay mapping.,FIND signature malleability vulnerability,historically-inspired,TCH May 2024 exploit pattern,7c6a50250b404c0e2a68,SM_V4_025
SM_V4_026,contracts/SM_V4_026_RoyaltyClaimRawSignatureKey26.sol,SM_RoyaltyClaimRawSignatureKey26,SM,SignatureMalleabilityDetector,SignatureReplayDetector,SignatureMalleabilityDetector,vulnerable,4_raw_signature_uniqueness_key,ABI-encoded raw signature hash used as uniqueness key while high-s is accepted,Royalty Claim,raw/flexible ECDSA recovery with signature-derived replay key,signature-derived hash is security-critical uniqueness state,check signature-derived key then recover then consume key; auxiliary semantic variant 10,ECDSA signatures are not guaranteed to have one unique byte representation; using signature bytes or their hash as the replay key allows an equivalent signature representation to bypass consumption. Auxiliary state behavior varies independently to exercise nontrivial surrounding control/data flow.,Stock Aderyn may emit generic ecrecover warnings but does not connect malleability to a signature-derived replay mapping.,FIND signature malleability vulnerability,synthetic,EIP-2 high-s malleability,8c402eef5d96be9b301a,SM_V4_026
SM_V4_027,contracts/SM_V4_027_BatchPaymentRawSignatureKey27.sol,SM_BatchPaymentRawSignatureKey27,SM,SignatureMalleabilityDetector,SignatureReplayDetector,SignatureMalleabilityDetector,vulnerable,4_raw_signature_uniqueness_key,packed raw signature hash used as uniqueness key while alternate ECDSA form is accepted,Batch Payment,raw/flexible ECDSA recovery with signature-derived replay key,signature-derived hash is security-critical uniqueness state,check signature-derived key then recover then consume key; auxiliary semantic variant 11,ECDSA signatures are not guaranteed to have one unique byte representation; using signature bytes or their hash as the replay key allows an equivalent signature representation to bypass consumption. Auxiliary state behavior varies independently to exercise nontrivial surrounding control/data flow.,Stock Aderyn may emit generic ecrecover warnings but does not connect malleability to a signature-derived replay mapping.,FIND signature malleability vulnerability,synthetic,EIP-2 high-s malleability,12b2c1ea10fee5525398,SM_V4_027
SM_V4_028,contracts/SM_V4_028_RefundRawSignatureKey28.sol,SM_RefundRawSignatureKey28,SM,SignatureMalleabilityDetector,SignatureReplayDetector,SignatureMalleabilityDetector,vulnerable,4_raw_signature_uniqueness_key,r/s/v serialization is hashed before v normalization and used as the replay identity,Signed Refund,raw/flexible ECDSA recovery with signature-derived replay key,signature-derived hash is security-critical uniqueness state,check signature-derived key then recover then consume key; auxiliary semantic variant 12,ECDSA signatures are not guaranteed to have one unique byte representation; using signature bytes or their hash as the replay key allows an equivalent signature representation to bypass consumption. Auxiliary state behavior varies independently to exercise nontrivial surrounding control/data flow.,Stock Aderyn may emit generic ecrecover warnings but does not connect malleability to a signature-derived replay mapping.,FIND signature malleability vulnerability,historically-inspired,TCH-style pre-normalization identity mismatch,aefa2f2337d9f96c053d,SM_V4_028
SM_V4_029,contracts/SM_V4_029_TicketRedeemRawSignatureKey29.sol,SM_TicketRedeemRawSignatureKey29,SM,SignatureMalleabilityDetector,SignatureReplayDetector,SignatureMalleabilityDetector,vulnerable,4_raw_signature_uniqueness_key,reconstructed signature bytes are used as one-time identity without low-s canonicality,Ticket Redemption,raw/flexible ECDSA recovery with signature-derived replay key,signature-derived hash is security-critical uniqueness state,check signature-derived key then recover then consume key; auxiliary semantic variant 13,ECDSA signatures are not guaranteed to have one unique byte representation; using signature bytes or their hash as the replay key allows an equivalent signature representation to bypass consumption. Auxiliary state behavior varies independently to exercise nontrivial surrounding control/data flow.,Stock Aderyn may emit generic ecrecover warnings but does not connect malleability to a signature-derived replay mapping.,FIND signature malleability vulnerability,synthetic,EIP-2 high-s malleability,9be59ffbb39e89812f6f,SM_V4_029
SM_V4_030,contracts/SM_V4_030_SubscriptionRawSignatureKey30.sol,SM_SubscriptionRawSignatureKey30,SM,SignatureMalleabilityDetector,SignatureReplayDetector,SignatureMalleabilityDetector,vulnerable,4_raw_signature_uniqueness_key,hashing raw signature with a different hash function does not make the identity canonical,Subscription Charge,raw/flexible ECDSA recovery with signature-derived replay key,signature-derived hash is security-critical uniqueness state,check signature-derived key then recover then consume key; auxiliary semantic variant 14,ECDSA signatures are not guaranteed to have one unique byte representation; using signature bytes or their hash as the replay key allows an equivalent signature representation to bypass consumption. Auxiliary state behavior varies independently to exercise nontrivial surrounding control/data flow.,Stock Aderyn may emit generic ecrecover warnings but does not connect malleability to a signature-derived replay mapping.,FIND signature malleability vulnerability,synthetic,raw-signature uniqueness anti-pattern,928f504054eff6226d20,SM_V4_030
SM_S1_001,contracts/SM_S1_001_GaslessTransferSafeRawCanonical01.sol,SM_GaslessTransferSafeRawCanonical01,SM,SignatureMalleabilityDetector,,SignatureMalleabilityDetector,safe,safe_canonical_raw_recovery,raw ecrecover guarded by strict low-s and v checks,Gasless Transfer,direct raw ecrecover with explicit canonicality checks,strict low-s and canonical v,canonicality guard before state change,Raw ecrecover is deliberately retained but signature canonicality is enforced before authorization.,"Stock Aderyn should still report generic ecrecover, demonstrating poor specificity for malleability.",DO NOT FIND malleability vulnerability,standards-inspired,EIP-2 and OpenZeppelin ECDSA canonicality rules,c4f647a09382c36dd2fe,SM_S1_001
SM_S1_002,contracts/SM_S1_002_WithdrawalSafeRawCanonical02.sol,SM_WithdrawalSafeRawCanonical02,SM,SignatureMalleabilityDetector,,SignatureMalleabilityDetector,safe,safe_canonical_raw_recovery,raw ecrecover guarded by strict low-s and v checks,Signed Withdrawal,direct raw ecrecover with explicit canonicality checks,strict low-s and canonical v,canonicality guard before state change,Raw ecrecover is deliberately retained but signature canonicality is enforced before authorization.,"Stock Aderyn should still report generic ecrecover, demonstrating poor specificity for malleability.",DO NOT FIND malleability vulnerability,standards-inspired,EIP-2 and OpenZeppelin ECDSA canonicality rules,3676784feb3faa230bb6,SM_S1_002
SM_S1_003,contracts/SM_S1_003_VoucherMintSafeRawCanonical03.sol,SM_VoucherMintSafeRawCanonical03,SM,SignatureMalleabilityDetector,,SignatureMalleabilityDetector,safe,safe_canonical_raw_recovery,raw ecrecover guarded by strict low-s and v checks,Voucher Mint,direct/internal raw ecrecover with canonicality checks,"strict lower-half-order s and v in {27,28}",canonicality guard precedes recovery,Raw ecrecover is safe from ECDSA malleability here because the contract rejects high-s and noncanonical v before recovery.,"Stock Aderyn is expected to flag ecrecover generically, making this an intentional false-positive control for the stock rule.",DO NOT FIND malleability vulnerability,standards-inspired,EIP-2 and OpenZeppelin ECDSA canonicality rules,0bea5ebfd0b5ba05c5ae,SM_S1_003
SM_S1_004,contracts/SM_S1_004_BridgeReleaseSafeRawCanonical04.sol,SM_BridgeReleaseSafeRawCanonical04,SM,SignatureMalleabilityDetector,,SignatureMalleabilityDetector,safe,safe_canonical_raw_recovery,raw ecrecover guarded by strict low-s and v checks,Bridge Release,direct raw ecrecover with explicit canonicality checks,strict low-s and canonical v,canonicality guard before state change,Raw ecrecover is deliberately retained but signature canonicality is enforced before authorization.,"Stock Aderyn should still report generic ecrecover, demonstrating poor specificity for malleability.",DO NOT FIND malleability vulnerability,standards-inspired,EIP-2 and OpenZeppelin ECDSA canonicality rules,a238ee08da40541e441d,SM_S1_004
SM_S1_005,contracts/SM_S1_005_OrderFillSafeRawCanonical05.sol,SM_OrderFillSafeRawCanonical05,SM,SignatureMalleabilityDetector,,SignatureMalleabilityDetector,safe,safe_canonical_raw_recovery,raw ecrecover guarded by strict low-s and v checks,Signed Order Fill,direct raw ecrecover with explicit canonicality checks,strict low-s and canonical v,canonicality guard before state change,Raw ecrecover is deliberately retained but signature canonicality is enforced before authorization.,"Stock Aderyn should still report generic ecrecover, demonstrating poor specificity for malleability.",DO NOT FIND malleability vulnerability,standards-inspired,EIP-2 and OpenZeppelin ECDSA canonicality rules,264be2feed51c0939199,SM_S1_005
SM_S1_006,contracts/SM_S1_006_PermitLikeSafeRawCanonical06.sol,SM_PermitLikeSafeRawCanonical06,SM,SignatureMalleabilityDetector,,SignatureMalleabilityDetector,safe,safe_canonical_raw_recovery,raw ecrecover guarded by strict low-s and v checks,Permit-like Approval,direct raw ecrecover with explicit canonicality checks,strict low-s and canonical v,canonicality guard before state change,Raw ecrecover is deliberately retained but signature canonicality is enforced before authorization.,"Stock Aderyn should still report generic ecrecover, demonstrating poor specificity for malleability.",DO NOT FIND malleability vulnerability,standards-inspired,EIP-2 and OpenZeppelin ECDSA canonicality rules,6e2f6226d10ecd680216,SM_S1_006
SM_S1_007,contracts/SM_S1_007_GovernanceVoteSafeRawCanonical07.sol,SM_GovernanceVoteSafeRawCanonical07,SM,SignatureMalleabilityDetector,,SignatureMalleabilityDetector,safe,safe_canonical_raw_recovery,raw ecrecover guarded by strict low-s and v checks,Governance Vote,direct/internal raw ecrecover with canonicality checks,"strict lower-half-order s and v in {27,28}",canonicality guard precedes recovery,Raw ecrecover is safe from ECDSA malleability here because the contract rejects high-s and noncanonical v before recovery.,"Stock Aderyn is expected to flag ecrecover generically, making this an intentional false-positive control for the stock rule.",DO NOT FIND malleability vulnerability,standards-inspired,EIP-2 and OpenZeppelin ECDSA canonicality rules,c66592dafcc9a23fc7ce,SM_S1_007
SM_S1_008,contracts/SM_S1_008_OracleUpdateSafeRawCanonical08.sol,SM_OracleUpdateSafeRawCanonical08,SM,SignatureMalleabilityDetector,,SignatureMalleabilityDetector,safe,safe_canonical_raw_recovery,raw ecrecover guarded by strict low-s and v checks,Oracle Update,direct raw ecrecover with explicit canonicality checks,strict low-s and canonical v,canonicality guard before state change,Raw ecrecover is deliberately retained but signature canonicality is enforced before authorization.,"Stock Aderyn should still report generic ecrecover, demonstrating poor specificity for malleability.",DO NOT FIND malleability vulnerability,standards-inspired,EIP-2 and OpenZeppelin ECDSA canonicality rules,c92d72a87e11a125e6d7,SM_S1_008
SM_S1_009,contracts/SM_S1_009_AdminGrantSafeRawCanonical09.sol,SM_AdminGrantSafeRawCanonical09,SM,SignatureMalleabilityDetector,,SignatureMalleabilityDetector,safe,safe_canonical_raw_recovery,raw ecrecover guarded by strict low-s and v checks,Admin Grant,direct raw ecrecover with explicit canonicality checks,strict low-s and canonical v,canonicality guard before state change,Raw ecrecover is deliberately retained but signature canonicality is enforced before authorization.,"Stock Aderyn should still report generic ecrecover, demonstrating poor specificity for malleability.",DO NOT FIND malleability vulnerability,standards-inspired,EIP-2 and OpenZeppelin ECDSA canonicality rules,6470dc34302caac1cbfd,SM_S1_009
SM_S1_010,contracts/SM_S1_010_AirdropSafeRawCanonical10.sol,SM_AirdropSafeRawCanonical10,SM,SignatureMalleabilityDetector,,SignatureMalleabilityDetector,safe,safe_canonical_raw_recovery,raw ecrecover guarded by strict low-s and v checks,Airdrop Claim,direct raw ecrecover with explicit canonicality checks,strict low-s and canonical v,canonicality guard before state change,Raw ecrecover is deliberately retained but signature canonicality is enforced before authorization.,"Stock Aderyn should still report generic ecrecover, demonstrating poor specificity for malleability.",DO NOT FIND malleability vulnerability,standards-inspired,EIP-2 and OpenZeppelin ECDSA canonicality rules,5f9b48c1d8791d121f40,SM_S1_010
SM_S1_011,contracts/SM_S1_011_VaultHarvestSafeRawCanonical11.sol,SM_VaultHarvestSafeRawCanonical11,SM,SignatureMalleabilityDetector,,SignatureMalleabilityDetector,safe,safe_canonical_raw_recovery,raw ecrecover guarded by strict low-s and v checks,Vault Harvest,direct/internal raw ecrecover with canonicality checks,"strict lower-half-order s and v in {27,28}",canonicality guard precedes recovery,Raw ecrecover is safe from ECDSA malleability here because the contract rejects high-s and noncanonical v before recovery.,"Stock Aderyn is expected to flag ecrecover generically, making this an intentional false-positive control for the stock rule.",DO NOT FIND malleability vulnerability,standards-inspired,EIP-2 and OpenZeppelin ECDSA canonicality rules,15973786753eaa1a203d,SM_S1_011
SM_S1_012,contracts/SM_S1_012_BondRedeemSafeRawCanonical12.sol,SM_BondRedeemSafeRawCanonical12,SM,SignatureMalleabilityDetector,,SignatureMalleabilityDetector,safe,safe_canonical_raw_recovery,raw ecrecover guarded by strict low-s and v checks,Bond Redeem,direct raw ecrecover with explicit canonicality checks,strict low-s and canonical v,canonicality guard before state change,Raw ecrecover is deliberately retained but signature canonicality is enforced before authorization.,"Stock Aderyn should still report generic ecrecover, demonstrating poor specificity for malleability.",DO NOT FIND malleability vulnerability,standards-inspired,EIP-2 and OpenZeppelin ECDSA canonicality rules,182a9103c6b5487f4300,SM_S1_012
SM_S1_013,contracts/SM_S1_013_FeeRebateSafeRawCanonical13.sol,SM_FeeRebateSafeRawCanonical13,SM,SignatureMalleabilityDetector,,SignatureMalleabilityDetector,safe,safe_canonical_raw_recovery,raw ecrecover guarded by strict low-s and v checks,Fee Rebate,direct raw ecrecover with explicit canonicality checks,strict low-s and canonical v,canonicality guard before state change,Raw ecrecover is deliberately retained but signature canonicality is enforced before authorization.,"Stock Aderyn should still report generic ecrecover, demonstrating poor specificity for malleability.",DO NOT FIND malleability vulnerability,standards-inspired,EIP-2 and OpenZeppelin ECDSA canonicality rules,fb6068ca0db1bf901883,SM_S1_013
SM_S1_014,contracts/SM_S1_014_SessionSpendSafeRawCanonical14.sol,SM_SessionSpendSafeRawCanonical14,SM,SignatureMalleabilityDetector,,SignatureMalleabilityDetector,safe,safe_canonical_raw_recovery,raw ecrecover guarded by strict low-s and v checks,Session Spend,direct raw ecrecover with explicit canonicality checks,strict low-s and canonical v,canonicality guard before state change,Raw ecrecover is deliberately retained but signature canonicality is enforced before authorization.,"Stock Aderyn should still report generic ecrecover, demonstrating poor specificity for malleability.",DO NOT FIND malleability vulnerability,standards-inspired,EIP-2 and OpenZeppelin ECDSA canonicality rules,c23ba14476f43fb55122,SM_S1_014
SM_S1_015,contracts/SM_S1_015_StakingExitSafeRawCanonical15.sol,SM_StakingExitSafeRawCanonical15,SM,SignatureMalleabilityDetector,,SignatureMalleabilityDetector,safe,safe_canonical_raw_recovery,raw ecrecover guarded by strict low-s and v checks,Staking Exit,direct/internal raw ecrecover with canonicality checks,"strict lower-half-order s and v in {27,28}",canonicality guard precedes recovery,Raw ecrecover is safe from ECDSA malleability here because the contract rejects high-s and noncanonical v before recovery.,"Stock Aderyn is expected to flag ecrecover generically, making this an intentional false-positive control for the stock rule.",DO NOT FIND malleability vulnerability,standards-inspired,EIP-2 and OpenZeppelin ECDSA canonicality rules,66b585bcabd6b2cdd60f,SM_S1_015
SM_S1_016,contracts/SM_S1_016_LiquidationSafeRawCanonical16.sol,SM_LiquidationSafeRawCanonical16,SM,SignatureMalleabilityDetector,,SignatureMalleabilityDetector,safe,safe_canonical_raw_recovery,raw ecrecover guarded by strict low-s and v checks,Liquidation,direct raw ecrecover with explicit canonicality checks,strict low-s and canonical v,canonicality guard before state change,Raw ecrecover is deliberately retained but signature canonicality is enforced before authorization.,"Stock Aderyn should still report generic ecrecover, demonstrating poor specificity for malleability.",DO NOT FIND malleability vulnerability,standards-inspired,EIP-2 and OpenZeppelin ECDSA canonicality rules,4ee9ececd1dc4ca680dc,SM_S1_016
SM_S1_017,contracts/SM_S1_017_LoanDrawSafeRawCanonical17.sol,SM_LoanDrawSafeRawCanonical17,SM,SignatureMalleabilityDetector,,SignatureMalleabilityDetector,safe,safe_canonical_raw_recovery,raw ecrecover guarded by strict low-s and v checks with distinct surrounding authorization state/control flow,Loan Draw,direct raw ecrecover with explicit canonicality checks,strict low-s and canonical v,canonicality guard before state change; extended safe semantic variant,Raw ecrecover is deliberately retained but signature canonicality is enforced before authorization.,"Stock Aderyn should still report generic ecrecover, demonstrating poor specificity for malleability.",DO NOT FIND malleability vulnerability,standards-inspired,EIP-2 and OpenZeppelin ECDSA canonicality rules,123fd992f56a621a7abc,SM_S1_017
SM_S1_018,contracts/SM_S1_018_SwapQuoteSafeRawCanonical18.sol,SM_SwapQuoteSafeRawCanonical18,SM,SignatureMalleabilityDetector,,SignatureMalleabilityDetector,safe,safe_canonical_raw_recovery,raw ecrecover guarded by strict low-s and v checks with distinct surrounding authorization state/control flow,Signed Swap Quote,direct raw ecrecover with explicit canonicality checks,strict low-s and canonical v,canonicality guard before state change; extended safe semantic variant,Raw ecrecover is deliberately retained but signature canonicality is enforced before authorization.,"Stock Aderyn should still report generic ecrecover, demonstrating poor specificity for malleability.",DO NOT FIND malleability vulnerability,standards-inspired,EIP-2 and OpenZeppelin ECDSA canonicality rules,1d5633661aaa6db2c560,SM_S1_018
SM_S1_019,contracts/SM_S1_019_TreasuryPaymentSafeRawCanonical19.sol,SM_TreasuryPaymentSafeRawCanonical19,SM,SignatureMalleabilityDetector,,SignatureMalleabilityDetector,safe,safe_canonical_raw_recovery,raw ecrecover guarded by strict low-s and v checks with distinct surrounding authorization state/control flow,Treasury Payment,direct/internal raw ecrecover with canonicality checks,"strict lower-half-order s and v in {27,28}",canonicality guard precedes recovery; extended safe semantic variant,Raw ecrecover is safe from ECDSA malleability here because the contract rejects high-s and noncanonical v before recovery.,"Stock Aderyn is expected to flag ecrecover generically, making this an intentional false-positive control for the stock rule.",DO NOT FIND malleability vulnerability,standards-inspired,EIP-2 and OpenZeppelin ECDSA canonicality rules,5f74bb2dd45b62f87dca,SM_S1_019
SM_S1_020,contracts/SM_S1_020_MetaTxSafeRawCanonical20.sol,SM_MetaTxSafeRawCanonical20,SM,SignatureMalleabilityDetector,,SignatureMalleabilityDetector,safe,safe_canonical_raw_recovery,raw ecrecover guarded by strict low-s and v checks with distinct surrounding authorization state/control flow,Meta-Transaction,direct raw ecrecover with explicit canonicality checks,strict low-s and canonical v,canonicality guard before state change; extended safe semantic variant,Raw ecrecover is deliberately retained but signature canonicality is enforced before authorization.,"Stock Aderyn should still report generic ecrecover, demonstrating poor specificity for malleability.",DO NOT FIND malleability vulnerability,standards-inspired,EIP-2 and OpenZeppelin ECDSA canonicality rules,fc11e9342b1f64bf8d90,SM_S1_020
SM_S2_001,contracts/SM_S2_001_LoanDrawSafeLibraryCanonical01.sol,SM_LoanDrawSafeLibraryCanonical01,SM,SignatureMalleabilityDetector,,SignatureMalleabilityDetector,safe,safe_library_canonical_recovery,canonical library recovery rejects high-s and invalid v,Loan Draw,OpenZeppelin-style canonical recover wrapper,lower-half-s and canonical v enforced inside reusable library,library-based verification,Canonical recovery semantics match established ECDSA library guidance and reject alternate high-s forms.,Stock Aderyn may only see ecrecover in the shared helper and cannot associate that primitive-level warning with this safe caller.,DO NOT FIND malleability vulnerability,standards-inspired,OpenZeppelin ECDSA canonical recovery behavior,261fef44feaab114ef24,SM_S2_001
SM_S2_002,contracts/SM_S2_002_SwapQuoteSafeLibraryCanonical02.sol,SM_SwapQuoteSafeLibraryCanonical02,SM,SignatureMalleabilityDetector,,SignatureMalleabilityDetector,safe,safe_library_canonical_recovery,canonical library recovery rejects high-s and invalid v,Signed Swap Quote,tryRecover-style canonical wrapper,lower-half-s and canonical v enforced inside reusable library,library-based verification,Canonical recovery semantics match established ECDSA library guidance and reject alternate high-s forms.,Stock Aderyn may only see ecrecover in the shared helper and cannot associate that primitive-level warning with this safe caller.,DO NOT FIND malleability vulnerability,standards-inspired,OpenZeppelin ECDSA canonical recovery behavior,a7069c4f83f054baf081,SM_S2_002
SM_S2_003,contracts/SM_S2_003_TreasuryPaymentSafeLibraryCanonical03.sol,SM_TreasuryPaymentSafeLibraryCanonical03,SM,SignatureMalleabilityDetector,,SignatureMalleabilityDetector,safe,safe_library_canonical_recovery,canonical library recovery rejects high-s and invalid v,Treasury Payment,canonical recover wrapper with custom control flow,lower-half-s and canonical v enforced inside reusable library,library-based verification,Canonical recovery semantics match established ECDSA library guidance and reject alternate high-s forms.,Stock Aderyn may only see ecrecover in the shared helper and cannot associate that primitive-level warning with this safe caller.,DO NOT FIND malleability vulnerability,standards-inspired,OpenZeppelin ECDSA canonical recovery behavior,4908d769fd52dbb59876,SM_S2_003
SM_S2_004,contracts/SM_S2_004_MetaTxSafeLibraryCanonical04.sol,SM_MetaTxSafeLibraryCanonical04,SM,SignatureMalleabilityDetector,,SignatureMalleabilityDetector,safe,safe_library_canonical_recovery,canonical library recovery rejects high-s and invalid v,Meta-Transaction,boolean result from canonical recovery wrapper,lower-half-s and canonical v enforced inside reusable library,library-based verification,Canonical recovery semantics match established ECDSA library guidance and reject alternate high-s forms.,Stock Aderyn may only see ecrecover in the shared helper and cannot associate that primitive-level warning with this safe caller.,DO NOT FIND malleability vulnerability,standards-inspired,OpenZeppelin ECDSA canonical recovery behavior,c214271360df564a93ea,SM_S2_004
SM_S2_005,contracts/SM_S2_005_DelegatedTransferSafeLibraryCanonical05.sol,SM_DelegatedTransferSafeLibraryCanonical05,SM,SignatureMalleabilityDetector,,SignatureMalleabilityDetector,safe,safe_library_canonical_recovery,canonical library recovery rejects high-s and invalid v,Delegated Transfer,OpenZeppelin-style canonical recover wrapper,lower-half-s and canonical v enforced inside reusable library,library-based verification,Canonical recovery semantics match established ECDSA library guidance and reject alternate high-s forms.,Stock Aderyn may only see ecrecover in the shared helper and cannot associate that primitive-level warning with this safe caller.,DO NOT FIND malleability vulnerability,standards-inspired,OpenZeppelin ECDSA canonical recovery behavior,16925a33278dd93d0949,SM_S2_005
SM_S2_006,contracts/SM_S2_006_KeeperTaskSafeLibraryCanonical06.sol,SM_KeeperTaskSafeLibraryCanonical06,SM,SignatureMalleabilityDetector,,SignatureMalleabilityDetector,safe,safe_library_canonical_recovery,canonical library recovery rejects high-s and invalid v,Keeper Task,tryRecover-style canonical wrapper,lower-half-s and canonical v enforced inside reusable library,library-based verification,Canonical recovery semantics match established ECDSA library guidance and reject alternate high-s forms.,Stock Aderyn may only see ecrecover in the shared helper and cannot associate that primitive-level warning with this safe caller.,DO NOT FIND malleability vulnerability,standards-inspired,OpenZeppelin ECDSA canonical recovery behavior,67d9ec29e0d0279645e6,SM_S2_006
SM_S2_007,contracts/SM_S2_007_CollateralWithdrawSafeLibraryCanonical07.sol,SM_CollateralWithdrawSafeLibraryCanonical07,SM,SignatureMalleabilityDetector,,SignatureMalleabilityDetector,safe,safe_library_canonical_recovery,canonical library recovery rejects high-s and invalid v,Collateral Withdrawal,canonical recover wrapper with custom control flow,lower-half-s and canonical v enforced inside reusable library,library-based verification,Canonical recovery semantics match established ECDSA library guidance and reject alternate high-s forms.,Stock Aderyn may only see ecrecover in the shared helper and cannot associate that primitive-level warning with this safe caller.,DO NOT FIND malleability vulnerability,standards-inspired,OpenZeppelin ECDSA canonical recovery behavior,6263d2bf7cdd6d6a12fa,SM_S2_007
SM_S2_008,contracts/SM_S2_008_RFQFillSafeLibraryCanonical08.sol,SM_RFQFillSafeLibraryCanonical08,SM,SignatureMalleabilityDetector,,SignatureMalleabilityDetector,safe,safe_library_canonical_recovery,canonical library recovery rejects high-s and invalid v,RFQ Fill,boolean result from canonical recovery wrapper,lower-half-s and canonical v enforced inside reusable library,library-based verification,Canonical recovery semantics match established ECDSA library guidance and reject alternate high-s forms.,Stock Aderyn may only see ecrecover in the shared helper and cannot associate that primitive-level warning with this safe caller.,DO NOT FIND malleability vulnerability,standards-inspired,OpenZeppelin ECDSA canonical recovery behavior,e50215d037e1d28b912f,SM_S2_008
SM_S2_009,contracts/SM_S2_009_AccountRecoverySafeLibraryCanonical09.sol,SM_AccountRecoverySafeLibraryCanonical09,SM,SignatureMalleabilityDetector,,SignatureMalleabilityDetector,safe,safe_library_canonical_recovery,canonical library recovery rejects high-s and invalid v,Account Recovery,OpenZeppelin-style canonical recover wrapper,lower-half-s and canonical v enforced inside reusable library,library-based verification,Canonical recovery semantics match established ECDSA library guidance and reject alternate high-s forms.,Stock Aderyn may only see ecrecover in the shared helper and cannot associate that primitive-level warning with this safe caller.,DO NOT FIND malleability vulnerability,standards-inspired,OpenZeppelin ECDSA canonical recovery behavior,49f6566d7b7627f38bbc,SM_S2_009
SM_S2_010,contracts/SM_S2_010_RoyaltyClaimSafeLibraryCanonical10.sol,SM_RoyaltyClaimSafeLibraryCanonical10,SM,SignatureMalleabilityDetector,,SignatureMalleabilityDetector,safe,safe_library_canonical_recovery,canonical library recovery rejects high-s and invalid v,Royalty Claim,tryRecover-style canonical wrapper,lower-half-s and canonical v enforced inside reusable library,library-based verification,Canonical recovery semantics match established ECDSA library guidance and reject alternate high-s forms.,Stock Aderyn may only see ecrecover in the shared helper and cannot associate that primitive-level warning with this safe caller.,DO NOT FIND malleability vulnerability,standards-inspired,OpenZeppelin ECDSA canonical recovery behavior,8e80f8576bf234ac5d8b,SM_S2_010
SM_S2_011,contracts/SM_S2_011_BatchPaymentSafeLibraryCanonical11.sol,SM_BatchPaymentSafeLibraryCanonical11,SM,SignatureMalleabilityDetector,,SignatureMalleabilityDetector,safe,safe_library_canonical_recovery,canonical library recovery rejects high-s and invalid v,Batch Payment,canonical recover wrapper with custom control flow,lower-half-s and canonical v enforced inside reusable library,library-based verification,Canonical recovery semantics match established ECDSA library guidance and reject alternate high-s forms.,Stock Aderyn may only see ecrecover in the shared helper and cannot associate that primitive-level warning with this safe caller.,DO NOT FIND malleability vulnerability,standards-inspired,OpenZeppelin ECDSA canonical recovery behavior,7019f15741193051e633,SM_S2_011
SM_S2_012,contracts/SM_S2_012_RefundSafeLibraryCanonical12.sol,SM_RefundSafeLibraryCanonical12,SM,SignatureMalleabilityDetector,,SignatureMalleabilityDetector,safe,safe_library_canonical_recovery,canonical library recovery rejects high-s and invalid v,Signed Refund,boolean result from canonical recovery wrapper,lower-half-s and canonical v enforced inside reusable library,library-based verification,Canonical recovery semantics match established ECDSA library guidance and reject alternate high-s forms.,Stock Aderyn may only see ecrecover in the shared helper and cannot associate that primitive-level warning with this safe caller.,DO NOT FIND malleability vulnerability,standards-inspired,OpenZeppelin ECDSA canonical recovery behavior,d8ce5e5ff5dc00fd11d3,SM_S2_012
SM_S2_013,contracts/SM_S2_013_TicketRedeemSafeLibraryCanonical13.sol,SM_TicketRedeemSafeLibraryCanonical13,SM,SignatureMalleabilityDetector,,SignatureMalleabilityDetector,safe,safe_library_canonical_recovery,canonical library recovery rejects high-s and invalid v,Ticket Redemption,OpenZeppelin-style canonical recover wrapper,lower-half-s and canonical v enforced inside reusable library,library-based verification,Canonical recovery semantics match established ECDSA library guidance and reject alternate high-s forms.,Stock Aderyn may only see ecrecover in the shared helper and cannot associate that primitive-level warning with this safe caller.,DO NOT FIND malleability vulnerability,standards-inspired,OpenZeppelin ECDSA canonical recovery behavior,f6bc3bc8a451964efa9e,SM_S2_013
SM_S2_014,contracts/SM_S2_014_SubscriptionSafeLibraryCanonical14.sol,SM_SubscriptionSafeLibraryCanonical14,SM,SignatureMalleabilityDetector,,SignatureMalleabilityDetector,safe,safe_library_canonical_recovery,canonical library recovery rejects high-s and invalid v,Subscription Charge,tryRecover-style canonical wrapper,lower-half-s and canonical v enforced inside reusable library,library-based verification,Canonical recovery semantics match established ECDSA library guidance and reject alternate high-s forms.,Stock Aderyn may only see ecrecover in the shared helper and cannot associate that primitive-level warning with this safe caller.,DO NOT FIND malleability vulnerability,standards-inspired,OpenZeppelin ECDSA canonical recovery behavior,cb1f997f952c6e4d0b50,SM_S2_014
SM_S2_015,contracts/SM_S2_015_AffiliatePayoutSafeLibraryCanonical15.sol,SM_AffiliatePayoutSafeLibraryCanonical15,SM,SignatureMalleabilityDetector,,SignatureMalleabilityDetector,safe,safe_library_canonical_recovery,canonical library recovery rejects high-s and invalid v,Affiliate Payout,canonical recover wrapper with custom control flow,lower-half-s and canonical v enforced inside reusable library,library-based verification,Canonical recovery semantics match established ECDSA library guidance and reject alternate high-s forms.,Stock Aderyn may only see ecrecover in the shared helper and cannot associate that primitive-level warning with this safe caller.,DO NOT FIND malleability vulnerability,standards-inspired,OpenZeppelin ECDSA canonical recovery behavior,44dce0b5c2a6397693b4,SM_S2_015
SM_S2_016,contracts/SM_S2_016_RescueSafeLibraryCanonical16.sol,SM_RescueSafeLibraryCanonical16,SM,SignatureMalleabilityDetector,,SignatureMalleabilityDetector,safe,safe_library_canonical_recovery,canonical library recovery rejects high-s and invalid v,Asset Rescue,boolean result from canonical recovery wrapper,lower-half-s and canonical v enforced inside reusable library,library-based verification,Canonical recovery semantics match established ECDSA library guidance and reject alternate high-s forms.,Stock Aderyn may only see ecrecover in the shared helper and cannot associate that primitive-level warning with this safe caller.,DO NOT FIND malleability vulnerability,standards-inspired,OpenZeppelin ECDSA canonical recovery behavior,aca0c6bea18bff3b4a82,SM_S2_016
SM_S2_017,contracts/SM_S2_017_LoanDrawSafeLibraryCanonical17.sol,SM_LoanDrawSafeLibraryCanonical17,SM,SignatureMalleabilityDetector,,SignatureMalleabilityDetector,safe,safe_library_canonical_recovery,canonical library recovery rejects high-s and invalid v with distinct surrounding authorization state/control flow,Loan Draw,OpenZeppelin-style canonical recover wrapper,lower-half-s and canonical v enforced inside reusable library,library-based verification; extended safe semantic variant,Canonical recovery semantics match established ECDSA library guidance and reject alternate high-s forms.,Stock Aderyn may only see ecrecover in the shared helper and cannot associate that primitive-level warning with this safe caller.,DO NOT FIND malleability vulnerability,standards-inspired,OpenZeppelin ECDSA canonical recovery behavior,354839ea196566a9b5d1,SM_S2_017
SM_S2_018,contracts/SM_S2_018_SwapQuoteSafeLibraryCanonical18.sol,SM_SwapQuoteSafeLibraryCanonical18,SM,SignatureMalleabilityDetector,,SignatureMalleabilityDetector,safe,safe_library_canonical_recovery,canonical library recovery rejects high-s and invalid v with distinct surrounding authorization state/control flow,Signed Swap Quote,tryRecover-style canonical wrapper,lower-half-s and canonical v enforced inside reusable library,library-based verification; extended safe semantic variant,Canonical recovery semantics match established ECDSA library guidance and reject alternate high-s forms.,Stock Aderyn may only see ecrecover in the shared helper and cannot associate that primitive-level warning with this safe caller.,DO NOT FIND malleability vulnerability,standards-inspired,OpenZeppelin ECDSA canonical recovery behavior,4510a47bb079c76ce404,SM_S2_018
SM_S2_019,contracts/SM_S2_019_TreasuryPaymentSafeLibraryCanonical19.sol,SM_TreasuryPaymentSafeLibraryCanonical19,SM,SignatureMalleabilityDetector,,SignatureMalleabilityDetector,safe,safe_library_canonical_recovery,canonical library recovery rejects high-s and invalid v with distinct surrounding authorization state/control flow,Treasury Payment,canonical recover wrapper with custom control flow,lower-half-s and canonical v enforced inside reusable library,library-based verification; extended safe semantic variant,Canonical recovery semantics match established ECDSA library guidance and reject alternate high-s forms.,Stock Aderyn may only see ecrecover in the shared helper and cannot associate that primitive-level warning with this safe caller.,DO NOT FIND malleability vulnerability,standards-inspired,OpenZeppelin ECDSA canonical recovery behavior,076fca27ad7b4c0df429,SM_S2_019
SM_S2_020,contracts/SM_S2_020_MetaTxSafeLibraryCanonical20.sol,SM_MetaTxSafeLibraryCanonical20,SM,SignatureMalleabilityDetector,,SignatureMalleabilityDetector,safe,safe_library_canonical_recovery,canonical library recovery rejects high-s and invalid v with distinct surrounding authorization state/control flow,Meta-Transaction,boolean result from canonical recovery wrapper,lower-half-s and canonical v enforced inside reusable library,library-based verification; extended safe semantic variant,Canonical recovery semantics match established ECDSA library guidance and reject alternate high-s forms.,Stock Aderyn may only see ecrecover in the shared helper and cannot associate that primitive-level warning with this safe caller.,DO NOT FIND malleability vulnerability,standards-inspired,OpenZeppelin ECDSA canonical recovery behavior,ca5aa49ad1a94f967d57,SM_S2_020
SM_S3_001,contracts/SM_S3_001_GaslessTransferSafeFlexibleEncoding01.sol,SM_GaslessTransferSafeFlexibleEncoding01,SM,SignatureMalleabilityDetector,,SignatureMalleabilityDetector,safe,safe_flexible_representation,"64-byte and 65-byte forms accepted, but the authenticated digest is the canonical one-time key",Gasless Transfer,canonical flexible 64/65-byte recovery,message/digest/nonce uniqueness independent of signature bytes,representation normalization with canonical message state,Multiple encodings do not create a bypass because replay and authorization identity are not keyed by the serialized signature.,Stock Aderyn does not reason about why flexible encoding is safe or unsafe.,DO NOT FIND malleability vulnerability,standards-inspired,ERC-2098 and OpenZeppelin post-4.7.3 guidance,92ab8a96379d5d89a78d,SM_S3_001
SM_S3_002,contracts/SM_S3_002_WithdrawalSafeFlexibleEncoding02.sol,SM_WithdrawalSafeFlexibleEncoding02,SM,SignatureMalleabilityDetector,,SignatureMalleabilityDetector,safe,safe_flexible_representation,compact/traditional encoding normalized before verification; signed action ID controls uniqueness,Signed Withdrawal,canonical flexible 64/65-byte recovery,message/digest/nonce uniqueness independent of signature bytes,representation normalization with canonical message state,Multiple encodings do not create a bypass because replay and authorization identity are not keyed by the serialized signature.,Stock Aderyn does not reason about why flexible encoding is safe or unsafe.,DO NOT FIND malleability vulnerability,standards-inspired,ERC-2098 and OpenZeppelin post-4.7.3 guidance,442cbf765f31d4aa2be8,SM_S3_002
SM_S3_003,contracts/SM_S3_003_VoucherMintSafeFlexibleEncoding03.sol,SM_VoucherMintSafeFlexibleEncoding03,SM,SignatureMalleabilityDetector,,SignatureMalleabilityDetector,safe,safe_flexible_representation,multiple canonical encodings are accepted without using encoding identity for security,Voucher Mint,canonical ERC-2098/traditional flexible recovery,signed nonce provides representation-independent replay identity,normalization then nonce advance,Supporting both canonical encodings is safe here because security state is keyed by signed message semantics rather than raw signature bytes.,"Stock Aderyn may not report the target because recovery occurs in a helper, which demonstrates the need for semantic rather than primitive-only analysis.",DO NOT FIND malleability vulnerability,standards-inspired,ERC-2098 plus canonical replay identity,e36e83ccfcb51426f418,SM_S3_003
SM_S3_004,contracts/SM_S3_004_BridgeReleaseSafeFlexibleEncoding04.sol,SM_BridgeReleaseSafeFlexibleEncoding04,SM,SignatureMalleabilityDetector,,SignatureMalleabilityDetector,safe,safe_flexible_representation,accepted encodings share a message-derived canonical authorization key,Bridge Release,canonical flexible 64/65-byte recovery,message/digest/nonce uniqueness independent of signature bytes,representation normalization with canonical message state,Multiple encodings do not create a bypass because replay and authorization identity are not keyed by the serialized signature.,Stock Aderyn does not reason about why flexible encoding is safe or unsafe.,DO NOT FIND malleability vulnerability,standards-inspired,ERC-2098 and OpenZeppelin post-4.7.3 guidance,35b30802d71106d90c17,SM_S3_004
SM_S3_005,contracts/SM_S3_005_OrderFillSafeFlexibleEncoding05.sol,SM_OrderFillSafeFlexibleEncoding05,SM,SignatureMalleabilityDetector,,SignatureMalleabilityDetector,safe,safe_flexible_representation,"64-byte and 65-byte forms accepted, but the authenticated digest is the canonical one-time key",Signed Order Fill,canonical flexible 64/65-byte recovery,message/digest/nonce uniqueness independent of signature bytes,representation normalization with canonical message state,Multiple encodings do not create a bypass because replay and authorization identity are not keyed by the serialized signature.,Stock Aderyn does not reason about why flexible encoding is safe or unsafe.,DO NOT FIND malleability vulnerability,standards-inspired,ERC-2098 and OpenZeppelin post-4.7.3 guidance,74ed36780b159fed254b,SM_S3_005
SM_S3_006,contracts/SM_S3_006_PermitLikeSafeFlexibleEncoding06.sol,SM_PermitLikeSafeFlexibleEncoding06,SM,SignatureMalleabilityDetector,,SignatureMalleabilityDetector,safe,safe_flexible_representation,compact/traditional encoding normalized before verification; signed action ID controls uniqueness,Permit-like Approval,canonical flexible 64/65-byte recovery,message/digest/nonce uniqueness independent of signature bytes,representation normalization with canonical message state,Multiple encodings do not create a bypass because replay and authorization identity are not keyed by the serialized signature.,Stock Aderyn does not reason about why flexible encoding is safe or unsafe.,DO NOT FIND malleability vulnerability,standards-inspired,ERC-2098 and OpenZeppelin post-4.7.3 guidance,ec00350e103556cd6dbe,SM_S3_006
SM_S3_007,contracts/SM_S3_007_GovernanceVoteSafeFlexibleEncoding07.sol,SM_GovernanceVoteSafeFlexibleEncoding07,SM,SignatureMalleabilityDetector,,SignatureMalleabilityDetector,safe,safe_flexible_representation,multiple canonical encodings are accepted without using encoding identity for security,Governance Vote,canonical ERC-2098/traditional flexible recovery,signed nonce provides representation-independent replay identity,normalization then nonce advance,Supporting both canonical encodings is safe here because security state is keyed by signed message semantics rather than raw signature bytes.,"Stock Aderyn may not report the target because recovery occurs in a helper, which demonstrates the need for semantic rather than primitive-only analysis.",DO NOT FIND malleability vulnerability,standards-inspired,ERC-2098 plus canonical replay identity,0a7b71c951e0faae27c8,SM_S3_007
SM_S3_008,contracts/SM_S3_008_OracleUpdateSafeFlexibleEncoding08.sol,SM_OracleUpdateSafeFlexibleEncoding08,SM,SignatureMalleabilityDetector,,SignatureMalleabilityDetector,safe,safe_flexible_representation,accepted encodings share a message-derived canonical authorization key,Oracle Update,canonical flexible 64/65-byte recovery,message/digest/nonce uniqueness independent of signature bytes,representation normalization with canonical message state,Multiple encodings do not create a bypass because replay and authorization identity are not keyed by the serialized signature.,Stock Aderyn does not reason about why flexible encoding is safe or unsafe.,DO NOT FIND malleability vulnerability,standards-inspired,ERC-2098 and OpenZeppelin post-4.7.3 guidance,a36864e8ff5e885445f4,SM_S3_008
SM_S3_009,contracts/SM_S3_009_AdminGrantSafeFlexibleEncoding09.sol,SM_AdminGrantSafeFlexibleEncoding09,SM,SignatureMalleabilityDetector,,SignatureMalleabilityDetector,safe,safe_flexible_representation,"64-byte and 65-byte forms accepted, but the authenticated digest is the canonical one-time key",Admin Grant,canonical flexible 64/65-byte recovery,message/digest/nonce uniqueness independent of signature bytes,representation normalization with canonical message state,Multiple encodings do not create a bypass because replay and authorization identity are not keyed by the serialized signature.,Stock Aderyn does not reason about why flexible encoding is safe or unsafe.,DO NOT FIND malleability vulnerability,standards-inspired,ERC-2098 and OpenZeppelin post-4.7.3 guidance,cbb4c68860abb3877bed,SM_S3_009
SM_S3_010,contracts/SM_S3_010_AirdropSafeFlexibleEncoding10.sol,SM_AirdropSafeFlexibleEncoding10,SM,SignatureMalleabilityDetector,,SignatureMalleabilityDetector,safe,safe_flexible_representation,compact/traditional encoding normalized before verification; signed action ID controls uniqueness,Airdrop Claim,canonical flexible 64/65-byte recovery,message/digest/nonce uniqueness independent of signature bytes,representation normalization with canonical message state,Multiple encodings do not create a bypass because replay and authorization identity are not keyed by the serialized signature.,Stock Aderyn does not reason about why flexible encoding is safe or unsafe.,DO NOT FIND malleability vulnerability,standards-inspired,ERC-2098 and OpenZeppelin post-4.7.3 guidance,ba98d85725a73e752035,SM_S3_010
SM_S3_011,contracts/SM_S3_011_VaultHarvestSafeFlexibleEncoding11.sol,SM_VaultHarvestSafeFlexibleEncoding11,SM,SignatureMalleabilityDetector,,SignatureMalleabilityDetector,safe,safe_flexible_representation,multiple canonical encodings are accepted without using encoding identity for security,Vault Harvest,canonical ERC-2098/traditional flexible recovery,signed nonce provides representation-independent replay identity,normalization then nonce advance,Supporting both canonical encodings is safe here because security state is keyed by signed message semantics rather than raw signature bytes.,"Stock Aderyn may not report the target because recovery occurs in a helper, which demonstrates the need for semantic rather than primitive-only analysis.",DO NOT FIND malleability vulnerability,standards-inspired,ERC-2098 plus canonical replay identity,38db44ef7ac9eeb113e2,SM_S3_011
SM_S3_012,contracts/SM_S3_012_BondRedeemSafeFlexibleEncoding12.sol,SM_BondRedeemSafeFlexibleEncoding12,SM,SignatureMalleabilityDetector,,SignatureMalleabilityDetector,safe,safe_flexible_representation,accepted encodings share a message-derived canonical authorization key,Bond Redeem,canonical flexible 64/65-byte recovery,message/digest/nonce uniqueness independent of signature bytes,representation normalization with canonical message state,Multiple encodings do not create a bypass because replay and authorization identity are not keyed by the serialized signature.,Stock Aderyn does not reason about why flexible encoding is safe or unsafe.,DO NOT FIND malleability vulnerability,standards-inspired,ERC-2098 and OpenZeppelin post-4.7.3 guidance,c23b0a2f87fdaf29c1a0,SM_S3_012
SM_S3_013,contracts/SM_S3_013_FeeRebateSafeFlexibleEncoding13.sol,SM_FeeRebateSafeFlexibleEncoding13,SM,SignatureMalleabilityDetector,,SignatureMalleabilityDetector,safe,safe_flexible_representation,"64-byte and 65-byte forms accepted, but the authenticated digest is the canonical one-time key",Fee Rebate,canonical flexible 64/65-byte recovery,message/digest/nonce uniqueness independent of signature bytes,representation normalization with canonical message state,Multiple encodings do not create a bypass because replay and authorization identity are not keyed by the serialized signature.,Stock Aderyn does not reason about why flexible encoding is safe or unsafe.,DO NOT FIND malleability vulnerability,standards-inspired,ERC-2098 and OpenZeppelin post-4.7.3 guidance,724b7f2f84048c927871,SM_S3_013
SM_S3_014,contracts/SM_S3_014_SessionSpendSafeFlexibleEncoding14.sol,SM_SessionSpendSafeFlexibleEncoding14,SM,SignatureMalleabilityDetector,,SignatureMalleabilityDetector,safe,safe_flexible_representation,compact/traditional encoding normalized before verification; signed action ID controls uniqueness,Session Spend,canonical flexible 64/65-byte recovery,message/digest/nonce uniqueness independent of signature bytes,representation normalization with canonical message state,Multiple encodings do not create a bypass because replay and authorization identity are not keyed by the serialized signature.,Stock Aderyn does not reason about why flexible encoding is safe or unsafe.,DO NOT FIND malleability vulnerability,standards-inspired,ERC-2098 and OpenZeppelin post-4.7.3 guidance,86025b11f3933ae71565,SM_S3_014
SM_S3_015,contracts/SM_S3_015_StakingExitSafeFlexibleEncoding15.sol,SM_StakingExitSafeFlexibleEncoding15,SM,SignatureMalleabilityDetector,,SignatureMalleabilityDetector,safe,safe_flexible_representation,multiple canonical encodings are accepted without using encoding identity for security,Staking Exit,canonical ERC-2098/traditional flexible recovery,signed nonce provides representation-independent replay identity,normalization then nonce advance,Supporting both canonical encodings is safe here because security state is keyed by signed message semantics rather than raw signature bytes.,"Stock Aderyn may not report the target because recovery occurs in a helper, which demonstrates the need for semantic rather than primitive-only analysis.",DO NOT FIND malleability vulnerability,standards-inspired,ERC-2098 plus canonical replay identity,4cfef55366b9ba5c46c8,SM_S3_015
SM_S3_016,contracts/SM_S3_016_LiquidationSafeFlexibleEncoding16.sol,SM_LiquidationSafeFlexibleEncoding16,SM,SignatureMalleabilityDetector,,SignatureMalleabilityDetector,safe,safe_flexible_representation,accepted encodings share a message-derived canonical authorization key,Liquidation,canonical flexible 64/65-byte recovery,message/digest/nonce uniqueness independent of signature bytes,representation normalization with canonical message state,Multiple encodings do not create a bypass because replay and authorization identity are not keyed by the serialized signature.,Stock Aderyn does not reason about why flexible encoding is safe or unsafe.,DO NOT FIND malleability vulnerability,standards-inspired,ERC-2098 and OpenZeppelin post-4.7.3 guidance,ce60928e1936527cae8b,SM_S3_016
SM_S3_017,contracts/SM_S3_017_LoanDrawSafeFlexibleEncoding17.sol,SM_LoanDrawSafeFlexibleEncoding17,SM,SignatureMalleabilityDetector,,SignatureMalleabilityDetector,safe,safe_flexible_representation,"64-byte and 65-byte forms accepted, but the authenticated digest is the canonical one-time key with distinct surrounding authorization state/control flow",Loan Draw,canonical flexible 64/65-byte recovery,message/digest/nonce uniqueness independent of signature bytes,representation normalization with canonical message state; extended safe semantic variant,Multiple encodings do not create a bypass because replay and authorization identity are not keyed by the serialized signature.,Stock Aderyn does not reason about why flexible encoding is safe or unsafe.,DO NOT FIND malleability vulnerability,standards-inspired,ERC-2098 and OpenZeppelin post-4.7.3 guidance,aecca6d1fb66bb5904e8,SM_S3_017
SM_S3_018,contracts/SM_S3_018_SwapQuoteSafeFlexibleEncoding18.sol,SM_SwapQuoteSafeFlexibleEncoding18,SM,SignatureMalleabilityDetector,,SignatureMalleabilityDetector,safe,safe_flexible_representation,compact/traditional encoding normalized before verification; signed action ID controls uniqueness with distinct surrounding authorization state/control flow,Signed Swap Quote,canonical flexible 64/65-byte recovery,message/digest/nonce uniqueness independent of signature bytes,representation normalization with canonical message state; extended safe semantic variant,Multiple encodings do not create a bypass because replay and authorization identity are not keyed by the serialized signature.,Stock Aderyn does not reason about why flexible encoding is safe or unsafe.,DO NOT FIND malleability vulnerability,standards-inspired,ERC-2098 and OpenZeppelin post-4.7.3 guidance,3b0e118e2c7f4a2fdf61,SM_S3_018
SM_S3_019,contracts/SM_S3_019_TreasuryPaymentSafeFlexibleEncoding19.sol,SM_TreasuryPaymentSafeFlexibleEncoding19,SM,SignatureMalleabilityDetector,,SignatureMalleabilityDetector,safe,safe_flexible_representation,multiple canonical encodings are accepted without using encoding identity for security with distinct surrounding authorization state/control flow,Treasury Payment,canonical ERC-2098/traditional flexible recovery,signed nonce provides representation-independent replay identity,normalization then nonce advance; extended safe semantic variant,Supporting both canonical encodings is safe here because security state is keyed by signed message semantics rather than raw signature bytes.,"Stock Aderyn may not report the target because recovery occurs in a helper, which demonstrates the need for semantic rather than primitive-only analysis.",DO NOT FIND malleability vulnerability,standards-inspired,ERC-2098 plus canonical replay identity,f7d301a63e18f48fef51,SM_S3_019
SM_S3_020,contracts/SM_S3_020_MetaTxSafeFlexibleEncoding20.sol,SM_MetaTxSafeFlexibleEncoding20,SM,SignatureMalleabilityDetector,,SignatureMalleabilityDetector,safe,safe_flexible_representation,accepted encodings share a message-derived canonical authorization key with distinct surrounding authorization state/control flow,Meta-Transaction,canonical flexible 64/65-byte recovery,message/digest/nonce uniqueness independent of signature bytes,representation normalization with canonical message state; extended safe semantic variant,Multiple encodings do not create a bypass because replay and authorization identity are not keyed by the serialized signature.,Stock Aderyn does not reason about why flexible encoding is safe or unsafe.,DO NOT FIND malleability vulnerability,standards-inspired,ERC-2098 and OpenZeppelin post-4.7.3 guidance,6f4b53706bac2ff3aa79,SM_S3_020
SM_S4_001,contracts/SM_S4_001_LoanDrawSafeMessageIdentity01.sol,SM_LoanDrawSafeMessageIdentity01,SM,SignatureMalleabilityDetector,,SignatureMalleabilityDetector,safe,safe_message_based_uniqueness,raw signature hash exists only as telemetry; digest controls one-time authorization,Loan Draw,canonical ECDSA recovery,digest/nonce/authorization identity rather than raw signature,canonical signature plus message-derived replay state,The contract never treats raw signature bytes as the security identity; canonical recovery and message-based uniqueness remove the malleability bypass.,Stock Aderyn cannot tell that the chosen uniqueness key is safe and may emit only generic helper-level ecrecover output.,DO NOT FIND malleability vulnerability,standards-inspired,OpenZeppelin guidance: do not use signatures as unique identifiers,cb29445a131a971f415f,SM_S4_001
SM_S4_002,contracts/SM_S4_002_SwapQuoteSafeMessageIdentity02.sol,SM_SwapQuoteSafeMessageIdentity02,SM,SignatureMalleabilityDetector,,SignatureMalleabilityDetector,safe,safe_message_based_uniqueness,"signed authorization ID, not signature serialization, is the uniqueness key",Signed Swap Quote,canonical ECDSA recovery,digest/nonce/authorization identity rather than raw signature,canonical signature plus message-derived replay state,The contract never treats raw signature bytes as the security identity; canonical recovery and message-based uniqueness remove the malleability bypass.,Stock Aderyn cannot tell that the chosen uniqueness key is safe and may emit only generic helper-level ecrecover output.,DO NOT FIND malleability vulnerability,standards-inspired,OpenZeppelin guidance: do not use signatures as unique identifiers,08563e7a1f1a112d0f4f,SM_S4_002
SM_S4_003,contracts/SM_S4_003_TreasuryPaymentSafeMessageIdentity03.sol,SM_TreasuryPaymentSafeMessageIdentity03,SM,SignatureMalleabilityDetector,,SignatureMalleabilityDetector,safe,safe_message_based_uniqueness,signed principal nonce provides canonical replay identity,Treasury Payment,canonical ECDSA recovery,digest/nonce/authorization identity rather than raw signature,canonical signature plus message-derived replay state,The contract never treats raw signature bytes as the security identity; canonical recovery and message-based uniqueness remove the malleability bypass.,Stock Aderyn cannot tell that the chosen uniqueness key is safe and may emit only generic helper-level ecrecover output.,DO NOT FIND malleability vulnerability,standards-inspired,OpenZeppelin guidance: do not use signatures as unique identifiers,87406ba667b50f9a84d1,SM_S4_003
SM_S4_004,contracts/SM_S4_004_MetaTxSafeMessageIdentity04.sol,SM_MetaTxSafeMessageIdentity04,SM,SignatureMalleabilityDetector,,SignatureMalleabilityDetector,safe,safe_message_based_uniqueness,message-derived key remains invariant across any alternative signature serialization,Meta-Transaction,canonical ECDSA recovery,digest/nonce/authorization identity rather than raw signature,canonical signature plus message-derived replay state,The contract never treats raw signature bytes as the security identity; canonical recovery and message-based uniqueness remove the malleability bypass.,Stock Aderyn cannot tell that the chosen uniqueness key is safe and may emit only generic helper-level ecrecover output.,DO NOT FIND malleability vulnerability,standards-inspired,OpenZeppelin guidance: do not use signatures as unique identifiers,4225fd07f211be23be57,SM_S4_004
SM_S4_005,contracts/SM_S4_005_DelegatedTransferSafeMessageIdentity05.sol,SM_DelegatedTransferSafeMessageIdentity05,SM,SignatureMalleabilityDetector,,SignatureMalleabilityDetector,safe,safe_message_based_uniqueness,raw signature hash exists only as telemetry; digest controls one-time authorization,Delegated Transfer,canonical ECDSA recovery,digest/nonce/authorization identity rather than raw signature,canonical signature plus message-derived replay state,The contract never treats raw signature bytes as the security identity; canonical recovery and message-based uniqueness remove the malleability bypass.,Stock Aderyn cannot tell that the chosen uniqueness key is safe and may emit only generic helper-level ecrecover output.,DO NOT FIND malleability vulnerability,standards-inspired,OpenZeppelin guidance: do not use signatures as unique identifiers,109f5d9221a6e756f0b5,SM_S4_005
SM_S4_006,contracts/SM_S4_006_KeeperTaskSafeMessageIdentity06.sol,SM_KeeperTaskSafeMessageIdentity06,SM,SignatureMalleabilityDetector,,SignatureMalleabilityDetector,safe,safe_message_based_uniqueness,"signed authorization ID, not signature serialization, is the uniqueness key",Keeper Task,canonical ECDSA recovery,digest/nonce/authorization identity rather than raw signature,canonical signature plus message-derived replay state,The contract never treats raw signature bytes as the security identity; canonical recovery and message-based uniqueness remove the malleability bypass.,Stock Aderyn cannot tell that the chosen uniqueness key is safe and may emit only generic helper-level ecrecover output.,DO NOT FIND malleability vulnerability,standards-inspired,OpenZeppelin guidance: do not use signatures as unique identifiers,cd1711711749275ed8e5,SM_S4_006
SM_S4_007,contracts/SM_S4_007_CollateralWithdrawSafeMessageIdentity07.sol,SM_CollateralWithdrawSafeMessageIdentity07,SM,SignatureMalleabilityDetector,,SignatureMalleabilityDetector,safe,safe_message_based_uniqueness,signed principal nonce provides canonical replay identity,Collateral Withdrawal,canonical ECDSA recovery,digest/nonce/authorization identity rather than raw signature,canonical signature plus message-derived replay state,The contract never treats raw signature bytes as the security identity; canonical recovery and message-based uniqueness remove the malleability bypass.,Stock Aderyn cannot tell that the chosen uniqueness key is safe and may emit only generic helper-level ecrecover output.,DO NOT FIND malleability vulnerability,standards-inspired,OpenZeppelin guidance: do not use signatures as unique identifiers,c827f174e59284094374,SM_S4_007
SM_S4_008,contracts/SM_S4_008_RFQFillSafeMessageIdentity08.sol,SM_RFQFillSafeMessageIdentity08,SM,SignatureMalleabilityDetector,,SignatureMalleabilityDetector,safe,safe_message_based_uniqueness,message-derived key remains invariant across any alternative signature serialization,RFQ Fill,canonical ECDSA recovery,digest/nonce/authorization identity rather than raw signature,canonical signature plus message-derived replay state,The contract never treats raw signature bytes as the security identity; canonical recovery and message-based uniqueness remove the malleability bypass.,Stock Aderyn cannot tell that the chosen uniqueness key is safe and may emit only generic helper-level ecrecover output.,DO NOT FIND malleability vulnerability,standards-inspired,OpenZeppelin guidance: do not use signatures as unique identifiers,c1b3ce7f22382206ec45,SM_S4_008
SM_S4_009,contracts/SM_S4_009_AccountRecoverySafeMessageIdentity09.sol,SM_AccountRecoverySafeMessageIdentity09,SM,SignatureMalleabilityDetector,,SignatureMalleabilityDetector,safe,safe_message_based_uniqueness,raw signature hash exists only as telemetry; digest controls one-time authorization,Account Recovery,canonical ECDSA recovery,digest/nonce/authorization identity rather than raw signature,canonical signature plus message-derived replay state; distinct auxiliary semantic state,The contract never treats raw signature bytes as the security identity; canonical recovery and message-based uniqueness remove the malleability bypass.,Stock Aderyn cannot tell that the chosen uniqueness key is safe and may emit only generic helper-level ecrecover output.,DO NOT FIND malleability vulnerability,standards-inspired,OpenZeppelin guidance: do not use signatures as unique identifiers,cb94a7c8cd14bfa33e42,SM_S4_009
SM_S4_010,contracts/SM_S4_010_RoyaltyClaimSafeMessageIdentity10.sol,SM_RoyaltyClaimSafeMessageIdentity10,SM,SignatureMalleabilityDetector,,SignatureMalleabilityDetector,safe,safe_message_based_uniqueness,"signed authorization ID, not signature serialization, is the uniqueness key",Royalty Claim,canonical ECDSA recovery,digest/nonce/authorization identity rather than raw signature,canonical signature plus message-derived replay state; distinct auxiliary semantic state,The contract never treats raw signature bytes as the security identity; canonical recovery and message-based uniqueness remove the malleability bypass.,Stock Aderyn cannot tell that the chosen uniqueness key is safe and may emit only generic helper-level ecrecover output.,DO NOT FIND malleability vulnerability,standards-inspired,OpenZeppelin guidance: do not use signatures as unique identifiers,c23b29721ee88e7678cf,SM_S4_010
SM_S4_011,contracts/SM_S4_011_BatchPaymentSafeMessageIdentity11.sol,SM_BatchPaymentSafeMessageIdentity11,SM,SignatureMalleabilityDetector,,SignatureMalleabilityDetector,safe,safe_message_based_uniqueness,signed principal nonce provides canonical replay identity,Batch Payment,canonical ECDSA recovery,digest/nonce/authorization identity rather than raw signature,canonical signature plus message-derived replay state; distinct auxiliary semantic state,The contract never treats raw signature bytes as the security identity; canonical recovery and message-based uniqueness remove the malleability bypass.,Stock Aderyn cannot tell that the chosen uniqueness key is safe and may emit only generic helper-level ecrecover output.,DO NOT FIND malleability vulnerability,standards-inspired,OpenZeppelin guidance: do not use signatures as unique identifiers,a98d48da2bb0ff99e640,SM_S4_011
SM_S4_012,contracts/SM_S4_012_RefundSafeMessageIdentity12.sol,SM_RefundSafeMessageIdentity12,SM,SignatureMalleabilityDetector,,SignatureMalleabilityDetector,safe,safe_message_based_uniqueness,message-derived key remains invariant across any alternative signature serialization,Signed Refund,canonical ECDSA recovery,digest/nonce/authorization identity rather than raw signature,canonical signature plus message-derived replay state; distinct auxiliary semantic state,The contract never treats raw signature bytes as the security identity; canonical recovery and message-based uniqueness remove the malleability bypass.,Stock Aderyn cannot tell that the chosen uniqueness key is safe and may emit only generic helper-level ecrecover output.,DO NOT FIND malleability vulnerability,standards-inspired,OpenZeppelin guidance: do not use signatures as unique identifiers,aed2fb9b9a16ee9917de,SM_S4_012
SM_A_001,contracts/SM_A_001_GaslessTransferAdversarialSafe01.sol,SM_GaslessTransferAdversarialSafe01,SM,SignatureMalleabilityDetector,,SignatureMalleabilityDetector,safe,adversarial_safe_control,"API intentionally accepts only parity 0/1, then canonicalizes to 27/28 after strict range check",Gasless Transfer,canonical recovery in a syntactically tricky pattern,security state remains representation-independent,adversarial safe control,This contract intentionally resembles a malleability anti-pattern but enforces canonical recovery and/or avoids using serialized signature identity for authorization.,Stock Aderyn may flag raw ecrecover controls despite their canonicality or miss helper-based controls entirely.,DO NOT FIND malleability vulnerability,synthetic,"Adversarial control derived from EIP-2, ERC-2098, and OpenZeppelin guidance",f4f3f2421584e74006cc,SM_A_001
SM_A_002,contracts/SM_A_002_WithdrawalAdversarialSafe02.sol,SM_WithdrawalAdversarialSafe02,SM,SignatureMalleabilityDetector,,SignatureMalleabilityDetector,safe,adversarial_safe_control,signature hash is computed but is not the security uniqueness key,Signed Withdrawal,canonical recovery in a syntactically tricky pattern,security state remains representation-independent,adversarial safe control,This contract intentionally resembles a malleability anti-pattern but enforces canonical recovery and/or avoids using serialized signature identity for authorization.,Stock Aderyn may flag raw ecrecover controls despite their canonicality or miss helper-based controls entirely.,DO NOT FIND malleability vulnerability,synthetic,"Adversarial control derived from EIP-2, ERC-2098, and OpenZeppelin guidance",47d037dc44534e76079c,SM_A_002
SM_A_003,contracts/SM_A_003_VoucherMintAdversarialSafe03.sol,SM_VoucherMintAdversarialSafe03,SM,SignatureMalleabilityDetector,,SignatureMalleabilityDetector,safe,adversarial_safe_control,raw ecrecover with equivalent low-s bound expressed through a local variable,Voucher Mint,canonical recovery in a syntactically tricky pattern,security state remains representation-independent,adversarial safe control,This contract intentionally resembles a malleability anti-pattern but enforces canonical recovery and/or avoids using serialized signature identity for authorization.,Stock Aderyn may flag raw ecrecover controls despite their canonicality or miss helper-based controls entirely.,DO NOT FIND malleability vulnerability,synthetic,"Adversarial control derived from EIP-2, ERC-2098, and OpenZeppelin guidance",2e2f12cc379f5b7e4026,SM_A_003
SM_A_004,contracts/SM_A_004_BridgeReleaseAdversarialSafe04.sol,SM_BridgeReleaseAdversarialSafe04,SM,SignatureMalleabilityDetector,,SignatureMalleabilityDetector,safe,adversarial_safe_control,accepts compact and traditional forms but signed nonce prevents representation replay,Bridge Release,canonical recovery in a syntactically tricky pattern,security state remains representation-independent,adversarial safe control,This contract intentionally resembles a malleability anti-pattern but enforces canonical recovery and/or avoids using serialized signature identity for authorization.,Stock Aderyn may flag raw ecrecover controls despite their canonicality or miss helper-based controls entirely.,DO NOT FIND malleability vulnerability,synthetic,"Adversarial control derived from EIP-2, ERC-2098, and OpenZeppelin guidance",43aec339248e59047b2e,SM_A_004
SM_A_005,contracts/SM_A_005_OrderFillAdversarialSafe05.sol,SM_OrderFillAdversarialSafe05,SM,SignatureMalleabilityDetector,,SignatureMalleabilityDetector,safe,adversarial_safe_control,signature-derived hash is stored only for observation after canonical verification,Signed Order Fill,canonical recovery in a syntactically tricky pattern,security state remains representation-independent,adversarial safe control,This contract intentionally resembles a malleability anti-pattern but enforces canonical recovery and/or avoids using serialized signature identity for authorization.,Stock Aderyn may flag raw ecrecover controls despite their canonicality or miss helper-based controls entirely.,DO NOT FIND malleability vulnerability,synthetic,"Adversarial control derived from EIP-2, ERC-2098, and OpenZeppelin guidance",698b6bb6f235decd1f4e,SM_A_005
SM_A_006,contracts/SM_A_006_PermitLikeAdversarialSafe06.sol,SM_PermitLikeAdversarialSafe06,SM,SignatureMalleabilityDetector,,SignatureMalleabilityDetector,safe,adversarial_safe_control,"denylist is keyed by message digest, not by serialized signature",Permit-like Approval,canonical recovery in a syntactically tricky pattern,security state remains representation-independent,adversarial safe control,This contract intentionally resembles a malleability anti-pattern but enforces canonical recovery and/or avoids using serialized signature identity for authorization.,Stock Aderyn may flag raw ecrecover controls despite their canonicality or miss helper-based controls entirely.,DO NOT FIND malleability vulnerability,synthetic,"Adversarial control derived from EIP-2, ERC-2098, and OpenZeppelin guidance",326c6b5a08c9af0bf3c8,SM_A_006
SM_A_007,contracts/SM_A_007_GovernanceVoteAdversarialSafe07.sol,SM_GovernanceVoteAdversarialSafe07,SM,SignatureMalleabilityDetector,,SignatureMalleabilityDetector,safe,adversarial_safe_control,strict canonical checks expressed as numeric ranges rather than equality disjunctions,Governance Vote,canonical recovery in a syntactically tricky pattern,security state remains representation-independent,adversarial safe control,This contract intentionally resembles a malleability anti-pattern but enforces canonical recovery and/or avoids using serialized signature identity for authorization.,Stock Aderyn may flag raw ecrecover controls despite their canonicality or miss helper-based controls entirely.,DO NOT FIND malleability vulnerability,synthetic,"Adversarial control derived from EIP-2, ERC-2098, and OpenZeppelin guidance",da512e89ab69cce63299,SM_A_007
SM_A_008,contracts/SM_A_008_OracleUpdateAdversarialSafe08.sol,SM_OracleUpdateAdversarialSafe08,SM,SignatureMalleabilityDetector,,SignatureMalleabilityDetector,safe,adversarial_safe_control,flexible encoding plus canonical message identity should not be confused with CVE-style signature identity,Oracle Update,canonical recovery in a syntactically tricky pattern,security state remains representation-independent,adversarial safe control,This contract intentionally resembles a malleability anti-pattern but enforces canonical recovery and/or avoids using serialized signature identity for authorization.,Stock Aderyn may flag raw ecrecover controls despite their canonicality or miss helper-based controls entirely.,DO NOT FIND malleability vulnerability,synthetic,"Adversarial control derived from EIP-2, ERC-2098, and OpenZeppelin guidance",452b79823889d7ef1ef1,SM_A_008
SM_A_009,contracts/SM_A_009_AdminGrantAdversarialSafe09.sol,SM_AdminGrantAdversarialSafe09,SM,SignatureMalleabilityDetector,,SignatureMalleabilityDetector,safe,adversarial_safe_control,"API intentionally accepts only parity 0/1, then canonicalizes to 27/28 after strict range check",Admin Grant,canonical recovery in a syntactically tricky pattern,security state remains representation-independent,adversarial safe control; distinct auxiliary semantic state,This contract intentionally resembles a malleability anti-pattern but enforces canonical recovery and/or avoids using serialized signature identity for authorization.,Stock Aderyn may flag raw ecrecover controls despite their canonicality or miss helper-based controls entirely.,DO NOT FIND malleability vulnerability,synthetic,"Adversarial control derived from EIP-2, ERC-2098, and OpenZeppelin guidance",b5330982caa6561864b5,SM_A_009
SM_A_010,contracts/SM_A_010_AirdropAdversarialSafe10.sol,SM_AirdropAdversarialSafe10,SM,SignatureMalleabilityDetector,,SignatureMalleabilityDetector,safe,adversarial_safe_control,signature hash is computed but is not the security uniqueness key,Airdrop Claim,canonical recovery in a syntactically tricky pattern,security state remains representation-independent,adversarial safe control; distinct auxiliary semantic state,This contract intentionally resembles a malleability anti-pattern but enforces canonical recovery and/or avoids using serialized signature identity for authorization.,Stock Aderyn may flag raw ecrecover controls despite their canonicality or miss helper-based controls entirely.,DO NOT FIND malleability vulnerability,synthetic,"Adversarial control derived from EIP-2, ERC-2098, and OpenZeppelin guidance",8852ef43b0ef75463159,SM_A_010
SM_A_011,contracts/SM_A_011_VaultHarvestAdversarialSafe11.sol,SM_VaultHarvestAdversarialSafe11,SM,SignatureMalleabilityDetector,,SignatureMalleabilityDetector,safe,adversarial_safe_control,raw ecrecover with equivalent low-s bound expressed through a local variable,Vault Harvest,canonical recovery in a syntactically tricky pattern,security state remains representation-independent,adversarial safe control; distinct auxiliary semantic state,This contract intentionally resembles a malleability anti-pattern but enforces canonical recovery and/or avoids using serialized signature identity for authorization.,Stock Aderyn may flag raw ecrecover controls despite their canonicality or miss helper-based controls entirely.,DO NOT FIND malleability vulnerability,synthetic,"Adversarial control derived from EIP-2, ERC-2098, and OpenZeppelin guidance",bb864d349c11a5d377c8,SM_A_011
SM_A_012,contracts/SM_A_012_BondRedeemAdversarialSafe12.sol,SM_BondRedeemAdversarialSafe12,SM,SignatureMalleabilityDetector,,SignatureMalleabilityDetector,safe,adversarial_safe_control,accepts compact and traditional forms but signed nonce prevents representation replay,Bond Redeem,canonical recovery in a syntactically tricky pattern,security state remains representation-independent,adversarial safe control; distinct auxiliary semantic state,This contract intentionally resembles a malleability anti-pattern but enforces canonical recovery and/or avoids using serialized signature identity for authorization.,Stock Aderyn may flag raw ecrecover controls despite their canonicality or miss helper-based controls entirely.,DO NOT FIND malleability vulnerability,synthetic,"Adversarial control derived from EIP-2, ERC-2098, and OpenZeppelin guidance",158a6293263b8dae58e8,SM_A_012
