case_id,filename,contract_name,label,replay_class,subproblem,application_context,verification_mechanism,replay_protection,control_flow_shape,rationale,expected_stock_aderyn_0_6_8,expected_future_detector,source_class,research_basis,semantic_fingerprint
V1_001,src/vulnerable/V1_001_GaslessTransferNoOneTimeNone01.sol,GaslessTransferNoOneTimeNone01,vulnerable,1_absence_of_effective_one_time_protection,No effective one-time replay protection (none),Gasless Transfer,builtin ecrecover,no persistent replay protection,single entry point; verification followed by sensitive state change,"No nonce, digest registry, authorization state, or equivalent one-time state exists.",No dedicated replay finding expected; stock Aderyn may emit its generic low-severity ecrecover/signature-malleability warning.,FIND replay vulnerability,synthetic,Synthetic replay fixture,db68bc1f9343db64739e
V1_002,src/vulnerable/V1_002_WithdrawalNoOneTimeNone02.sol,WithdrawalNoOneTimeNone02,vulnerable,1_absence_of_effective_one_time_protection,No effective one-time replay protection (none),Signed Withdrawal,self-contained ECDSA.recover-style library,no persistent replay protection,single entry point; verification followed by sensitive state change,"No nonce, digest registry, authorization state, or equivalent one-time state exists.",No dedicated replay finding expected; generic ecrecover-related output may occur in the shared helper but does not classify replay.,FIND replay vulnerability,synthetic,Synthetic replay fixture,84c20f48d64cec6ac338
V1_003,src/vulnerable/V1_003_VoucherMintNoOneTimeNone03.sol,VoucherMintNoOneTimeNone03,vulnerable,1_absence_of_effective_one_time_protection,No effective one-time replay protection (none),Voucher Mint,self-contained ECDSA.tryRecover-style library,no persistent replay protection,single entry point; verification followed by sensitive state change,"No nonce, digest registry, authorization state, or equivalent one-time state exists.",No dedicated replay finding expected; generic ecrecover-related output may occur in the shared helper but does not classify replay.,FIND replay vulnerability,synthetic,Synthetic replay fixture,9c75323f8bef3a5bccd5
V1_004,src/vulnerable/V1_004_RewardClaimNoOneTimeNone04.sol,RewardClaimNoOneTimeNone04,vulnerable,1_absence_of_effective_one_time_protection,No effective one-time replay protection (none),Reward Claim,internal signature-verification wrapper,no persistent replay protection,single entry point; verification followed by sensitive state change,"No nonce, digest registry, authorization state, or equivalent one-time state exists.",No dedicated replay finding expected; generic ecrecover-related output may occur in the shared helper but does not classify replay.,FIND replay vulnerability,synthetic,Synthetic replay fixture,415324e5c84f9839d851
V1_005,src/vulnerable/V1_005_BridgeReleaseNoOneTimeNone05.sol,BridgeReleaseNoOneTimeNone05,vulnerable,1_absence_of_effective_one_time_protection,No effective one-time replay protection (none),Bridge Release,two-level internal verification wrapper,no persistent replay protection,single entry point; verification followed by sensitive state change,"No nonce, digest registry, authorization state, or equivalent one-time state exists.",No dedicated replay finding expected; generic ecrecover-related output may occur in the shared helper but does not classify replay.,FIND replay vulnerability,synthetic,Synthetic replay fixture,15e42024461272741773
V1_006,src/vulnerable/V1_006_DelegatedVoteNoOneTimeNone06.sol,DelegatedVoteNoOneTimeNone06,vulnerable,1_absence_of_effective_one_time_protection,No effective one-time replay protection (none),Delegated Vote,external verifier interface,no persistent replay protection,single entry point; verification followed by sensitive state change,"No nonce, digest registry, authorization state, or equivalent one-time state exists.",No dedicated replay finding expected; an unrelated external-call/reentrancy-style warning may appear when state writes follow verification.,FIND replay vulnerability,synthetic,Synthetic replay fixture,553298f97c81cbf4da8a
V1_007,src/vulnerable/V1_007_OrderFillNoOneTimeNone07.sol,OrderFillNoOneTimeNone07,vulnerable,1_absence_of_effective_one_time_protection,No effective one-time replay protection (none),Signed Order Fill,ERC-1271 isValidSignature,no persistent replay protection,single entry point; verification followed by sensitive state change,"No nonce, digest registry, authorization state, or equivalent one-time state exists.",No dedicated replay finding expected; an unrelated external-call/reentrancy-style warning may appear when state writes follow verification.,FIND replay vulnerability,synthetic,Synthetic replay fixture,a6f9649fd4b44a0ae06b
V1_008,src/vulnerable/V1_008_EscrowReleaseNoOneTimeNone08.sol,EscrowReleaseNoOneTimeNone08,vulnerable,1_absence_of_effective_one_time_protection,No effective one-time replay protection (none),Escrow Release,SignatureChecker-style EOA/ERC-1271 abstraction,no persistent replay protection,single entry point; verification followed by sensitive state change,"No nonce, digest registry, authorization state, or equivalent one-time state exists.",No dedicated replay finding expected; findings may point only to helper-library ecrecover/external-call code rather than replay semantics.,FIND replay vulnerability,synthetic,Synthetic replay fixture,6bb4e0f43f28676dc639
V1_009,src/vulnerable/V1_009_BurnNoOneTimeSignedNonce09.sol,BurnNoOneTimeSignedNonce09,vulnerable,1_absence_of_effective_one_time_protection,No effective one-time replay protection (signed_nonce),Signed Burn,inherited verification helper,caller-supplied signed nonce with no on-chain nonce state,single entry point; verification followed by sensitive state change,A value named nonce is authenticated but is not compared with or consumed from persistent state.,No dedicated replay finding expected; generic ecrecover-related output may occur in the shared helper but does not classify replay.,FIND replay vulnerability,synthetic,Synthetic replay fixture,b8c4e5bfce7e0d1c7bda
V1_010,src/vulnerable/V1_010_AdminGrantNoOneTimeSignedNonce10.sol,AdminGrantNoOneTimeSignedNonce10,vulnerable,1_absence_of_effective_one_time_protection,No effective one-time replay protection (signed_nonce),Admin Grant,builtin ecrecover,caller-supplied signed nonce with no on-chain nonce state,single entry point; verification followed by sensitive state change,A value named nonce is authenticated but is not compared with or consumed from persistent state.,No dedicated replay finding expected; stock Aderyn may emit its generic low-severity ecrecover/signature-malleability warning.,FIND replay vulnerability,synthetic,Synthetic replay fixture,25e06fd64d60fc55cdb2
V1_011,src/vulnerable/V1_011_FeeRebateNoOneTimeSignedNonce11.sol,FeeRebateNoOneTimeSignedNonce11,vulnerable,1_absence_of_effective_one_time_protection,No effective one-time replay protection (signed_nonce),Fee Rebate,self-contained ECDSA.recover-style library,caller-supplied signed nonce with no on-chain nonce state,single entry point; verification followed by sensitive state change,A value named nonce is authenticated but is not compared with or consumed from persistent state.,No dedicated replay finding expected; generic ecrecover-related output may occur in the shared helper but does not classify replay.,FIND replay vulnerability,synthetic,Synthetic replay fixture,6025eb3ba1c35b93ca3c
V1_012,src/vulnerable/V1_012_ReferralPayoutNoOneTimeSignedNonce12.sol,ReferralPayoutNoOneTimeSignedNonce12,vulnerable,1_absence_of_effective_one_time_protection,No effective one-time replay protection (signed_nonce),Referral Payout,self-contained ECDSA.tryRecover-style library,caller-supplied signed nonce with no on-chain nonce state,single entry point; verification followed by sensitive state change,A value named nonce is authenticated but is not compared with or consumed from persistent state.,No dedicated replay finding expected; generic ecrecover-related output may occur in the shared helper but does not classify replay.,FIND replay vulnerability,synthetic,Synthetic replay fixture,606ab0fd07b3d3ba6f89
V1_013,src/vulnerable/V1_013_SubscriptionNoOneTimeSignedNonce13.sol,SubscriptionNoOneTimeSignedNonce13,vulnerable,1_absence_of_effective_one_time_protection,No effective one-time replay protection (signed_nonce),Subscription Charge,internal signature-verification wrapper,caller-supplied signed nonce with no on-chain nonce state,single entry point; verification followed by sensitive state change,A value named nonce is authenticated but is not compared with or consumed from persistent state.,No dedicated replay finding expected; generic ecrecover-related output may occur in the shared helper but does not classify replay.,FIND replay vulnerability,synthetic,Synthetic replay fixture,c66c45463eb0a9ae59db
V1_014,src/vulnerable/V1_014_SessionSpendNoOneTimeSignedNonce14.sol,SessionSpendNoOneTimeSignedNonce14,vulnerable,1_absence_of_effective_one_time_protection,No effective one-time replay protection (signed_nonce),Session Spend,two-level internal verification wrapper,caller-supplied signed nonce with no on-chain nonce state,single entry point; verification followed by sensitive state change,A value named nonce is authenticated but is not compared with or consumed from persistent state.,No dedicated replay finding expected; generic ecrecover-related output may occur in the shared helper but does not classify replay.,FIND replay vulnerability,synthetic,Synthetic replay fixture,436850ad42d55cf38798
V1_015,src/vulnerable/V1_015_OracleUpdateNoOneTimeSignedNonce15.sol,OracleUpdateNoOneTimeSignedNonce15,vulnerable,1_absence_of_effective_one_time_protection,No effective one-time replay protection (signed_nonce),Signed Oracle Update,external verifier interface,caller-supplied signed nonce with no on-chain nonce state,single entry point; verification followed by sensitive state change,A value named nonce is authenticated but is not compared with or consumed from persistent state.,No dedicated replay finding expected; an unrelated external-call/reentrancy-style warning may appear when state writes follow verification.,FIND replay vulnerability,synthetic,Synthetic replay fixture,7dd23f6b5c623b600257
V1_016,src/vulnerable/V1_016_AirdropNoOneTimeSignedNonce16.sol,AirdropNoOneTimeSignedNonce16,vulnerable,1_absence_of_effective_one_time_protection,No effective one-time replay protection (signed_nonce),Airdrop Claim,ERC-1271 isValidSignature,caller-supplied signed nonce with no on-chain nonce state,single entry point; verification followed by sensitive state change,A value named nonce is authenticated but is not compared with or consumed from persistent state.,No dedicated replay finding expected; an unrelated external-call/reentrancy-style warning may appear when state writes follow verification.,FIND replay vulnerability,synthetic,Synthetic replay fixture,d6ece3494e76934d6bf3
V1_017,src/vulnerable/V1_017_TreasuryNoOneTimeDeadline17.sol,TreasuryNoOneTimeDeadline17,vulnerable,1_absence_of_effective_one_time_protection,No effective one-time replay protection (deadline),Treasury Payment,SignatureChecker-style EOA/ERC-1271 abstraction,deadline only; no one-time state,single entry point; verification followed by sensitive state change,The signed deadline limits time but permits repeated execution throughout the validity window.,No dedicated replay finding expected; findings may point only to helper-library ecrecover/external-call code rather than replay semantics.,FIND replay vulnerability,synthetic,Synthetic replay fixture,464022d6afd6d5aa0c74
V1_018,src/vulnerable/V1_018_CouponNoOneTimeDeadline18.sol,CouponNoOneTimeDeadline18,vulnerable,1_absence_of_effective_one_time_protection,No effective one-time replay protection (deadline),Coupon Redemption,inherited verification helper,deadline only; no one-time state,single entry point; verification followed by sensitive state change,The signed deadline limits time but permits repeated execution throughout the validity window.,No dedicated replay finding expected; generic ecrecover-related output may occur in the shared helper but does not classify replay.,FIND replay vulnerability,synthetic,Synthetic replay fixture,34638ab074225323480e
V1_019,src/vulnerable/V1_019_ListingNoOneTimeDeadline19.sol,ListingNoOneTimeDeadline19,vulnerable,1_absence_of_effective_one_time_protection,No effective one-time replay protection (deadline),Marketplace Listing Acceptance,builtin ecrecover,deadline only; no one-time state,single entry point; verification followed by sensitive state change,The signed deadline limits time but permits repeated execution throughout the validity window.,No dedicated replay finding expected; stock Aderyn may emit its generic low-severity ecrecover/signature-malleability warning.,FIND replay vulnerability,synthetic,Synthetic replay fixture,d05e584810a7a4347421
V1_020,src/vulnerable/V1_020_StakingExitNoOneTimeDeadline20.sol,StakingExitNoOneTimeDeadline20,vulnerable,1_absence_of_effective_one_time_protection,No effective one-time replay protection (deadline),Staking Exit,self-contained ECDSA.recover-style library,deadline only; no one-time state,single entry point; verification followed by sensitive state change,The signed deadline limits time but permits repeated execution throughout the validity window.,No dedicated replay finding expected; generic ecrecover-related output may occur in the shared helper but does not classify replay.,FIND replay vulnerability,synthetic,Synthetic replay fixture,52c2b6761b6ce735606a
V1_021,src/vulnerable/V1_021_LiquidationNoOneTimeDeadline21.sol,LiquidationNoOneTimeDeadline21,vulnerable,1_absence_of_effective_one_time_protection,No effective one-time replay protection (deadline),Liquidation Authorization,self-contained ECDSA.tryRecover-style library,deadline only; no one-time state,single entry point; verification followed by sensitive state change,The signed deadline limits time but permits repeated execution throughout the validity window.,No dedicated replay finding expected; generic ecrecover-related output may occur in the shared helper but does not classify replay.,FIND replay vulnerability,synthetic,Synthetic replay fixture,3961f6d40a6da194505f
V1_022,src/vulnerable/V1_022_LoanDrawNoOneTimeDeadline22.sol,LoanDrawNoOneTimeDeadline22,vulnerable,1_absence_of_effective_one_time_protection,No effective one-time replay protection (deadline),Loan Draw,internal signature-verification wrapper,deadline only; no one-time state,single entry point; verification followed by sensitive state change,The signed deadline limits time but permits repeated execution throughout the validity window.,No dedicated replay finding expected; generic ecrecover-related output may occur in the shared helper but does not classify replay.,FIND replay vulnerability,synthetic,Synthetic replay fixture,7ff72c011697159b0d3e
V1_023,src/vulnerable/V1_023_SwapQuoteNoOneTimeDeadline23.sol,SwapQuoteNoOneTimeDeadline23,vulnerable,1_absence_of_effective_one_time_protection,No effective one-time replay protection (deadline),Signed Swap Quote,two-level internal verification wrapper,deadline only; no one-time state,single entry point; verification followed by sensitive state change,The signed deadline limits time but permits repeated execution throughout the validity window.,No dedicated replay finding expected; generic ecrecover-related output may occur in the shared helper but does not classify replay.,FIND replay vulnerability,synthetic,Synthetic replay fixture,6b7e662f3f40b2aed306
V1_024,src/vulnerable/V1_024_GovernanceNoOneTimeDeadline24.sol,GovernanceNoOneTimeDeadline24,vulnerable,1_absence_of_effective_one_time_protection,No effective one-time replay protection (deadline),Governance Execution,external verifier interface,deadline only; no one-time state,single entry point; verification followed by sensitive state change,The signed deadline limits time but permits repeated execution throughout the validity window.,No dedicated replay finding expected; an unrelated external-call/reentrancy-style warning may appear when state writes follow verification.,FIND replay vulnerability,synthetic,Synthetic replay fixture,94257b95fd4c1b169bb2
V1_025,src/vulnerable/V1_025_PermitLikeNoOneTimeAuthorizationId25.sol,PermitLikeNoOneTimeAuthorizationId25,vulnerable,1_absence_of_effective_one_time_protection,No effective one-time replay protection (authorization_id),Permit-like Approval,ERC-1271 isValidSignature,unique-looking authorization ID is signed but never recorded,single entry point; verification followed by sensitive state change,The authorization identifier is authenticated but no storage tracks whether it has already executed.,No dedicated replay finding expected; an unrelated external-call/reentrancy-style warning may appear when state writes follow verification.,FIND replay vulnerability,standards-inspired,ERC-2612-inspired negative control: signature authorization without the standard nonce-consumption guarantee.,01ad298d9862c520e161
V1_026,src/vulnerable/V1_026_MetaTxNoOneTimeAuthorizationId26.sol,MetaTxNoOneTimeAuthorizationId26,vulnerable,1_absence_of_effective_one_time_protection,No effective one-time replay protection (authorization_id),Meta Transaction,SignatureChecker-style EOA/ERC-1271 abstraction,unique-looking authorization ID is signed but never recorded,single entry point; verification followed by sensitive state change,The authorization identifier is authenticated but no storage tracks whether it has already executed.,No dedicated replay finding expected; findings may point only to helper-library ecrecover/external-call code rather than replay semantics.,FIND replay vulnerability,synthetic,Synthetic replay fixture,1b2c75654d7c99ef524d
V1_027,src/vulnerable/V1_027_DelegatedTransferNoOneTimeAuthorizationId27.sol,DelegatedTransferNoOneTimeAuthorizationId27,vulnerable,1_absence_of_effective_one_time_protection,No effective one-time replay protection (authorization_id),Delegated Transfer,inherited verification helper,unique-looking authorization ID is signed but never recorded,single entry point; verification followed by sensitive state change,The authorization identifier is authenticated but no storage tracks whether it has already executed.,No dedicated replay finding expected; generic ecrecover-related output may occur in the shared helper but does not classify replay.,FIND replay vulnerability,synthetic,Synthetic replay fixture,67263f7f069fec24fe66
V1_028,src/vulnerable/V1_028_KeeperNoOneTimeAuthorizationId28.sol,KeeperNoOneTimeAuthorizationId28,vulnerable,1_absence_of_effective_one_time_protection,No effective one-time replay protection (authorization_id),Keeper Authorization,builtin ecrecover,unique-looking authorization ID is signed but never recorded,single entry point; verification followed by sensitive state change,The authorization identifier is authenticated but no storage tracks whether it has already executed.,No dedicated replay finding expected; stock Aderyn may emit its generic low-severity ecrecover/signature-malleability warning.,FIND replay vulnerability,synthetic,Synthetic replay fixture,3ccf3c24cb2512c26fce
V1_029,src/vulnerable/V1_029_CollateralNoOneTimeAuthorizationId29.sol,CollateralNoOneTimeAuthorizationId29,vulnerable,1_absence_of_effective_one_time_protection,No effective one-time replay protection (authorization_id),Collateral Withdrawal,self-contained ECDSA.recover-style library,unique-looking authorization ID is signed but never recorded,single entry point; verification followed by sensitive state change,The authorization identifier is authenticated but no storage tracks whether it has already executed.,No dedicated replay finding expected; generic ecrecover-related output may occur in the shared helper but does not classify replay.,FIND replay vulnerability,synthetic,Synthetic replay fixture,743bf2494a977fe1ce33
V1_030,src/vulnerable/V1_030_RfqNoOneTimeAuthorizationId30.sol,RfqNoOneTimeAuthorizationId30,vulnerable,1_absence_of_effective_one_time_protection,No effective one-time replay protection (authorization_id),RFQ Trade,self-contained ECDSA.tryRecover-style library,unique-looking authorization ID is signed but never recorded,single entry point; verification followed by sensitive state change,The authorization identifier is authenticated but no storage tracks whether it has already executed.,No dedicated replay finding expected; generic ecrecover-related output may occur in the shared helper but does not classify replay.,FIND replay vulnerability,synthetic,Synthetic replay fixture,4961e31677e97c9e19da
V1_031,src/vulnerable/V1_031_VaultHarvestNoOneTimeAuthorizationId31.sol,VaultHarvestNoOneTimeAuthorizationId31,vulnerable,1_absence_of_effective_one_time_protection,No effective one-time replay protection (authorization_id),Vault Harvest,internal signature-verification wrapper,unique-looking authorization ID is signed but never recorded,single entry point; verification followed by sensitive state change,The authorization identifier is authenticated but no storage tracks whether it has already executed.,No dedicated replay finding expected; generic ecrecover-related output may occur in the shared helper but does not classify replay.,FIND replay vulnerability,synthetic,Synthetic replay fixture,5105809f3e430718051d
V1_032,src/vulnerable/V1_032_BondRedeemNoOneTimeAuthorizationId32.sol,BondRedeemNoOneTimeAuthorizationId32,vulnerable,1_absence_of_effective_one_time_protection,No effective one-time replay protection (authorization_id),Bond Redemption,two-level internal verification wrapper,unique-looking authorization ID is signed but never recorded,single entry point; verification followed by sensitive state change,The authorization identifier is authenticated but no storage tracks whether it has already executed.,No dedicated replay finding expected; generic ecrecover-related output may occur in the shared helper but does not classify replay.,FIND replay vulnerability,synthetic,Synthetic replay fixture,4007d961ae9a7c3e8b05
V2_001,src/vulnerable/V2_001_BurnCheckedNotConsumedMissingWrite01.sol,BurnCheckedNotConsumedMissingWrite01,vulnerable,2_authorization_checked_but_not_consumed,Guard present but ineffective consumption (missing_write),Signed Burn,internal signature-verification wrapper,checked authorization ID is never written,guard -> signature verification -> incorrect/missing storage consumption,The pre-execution replay guard remains satisfiable after a successful sensitive action because checked authorization ID is never written.,No dedicated replay finding expected; generic ecrecover-related output may occur in the shared helper but does not classify replay.,FIND replay vulnerability,synthetic,Synthetic guard/consumption mismatch regression case.,eda8cefa016c5929b7d7
V2_002,src/vulnerable/V2_002_AdminGrantCheckedNotConsumedWrongKey02.sol,AdminGrantCheckedNotConsumedWrongKey02,vulnerable,2_authorization_checked_but_not_consumed,Guard present but ineffective consumption (wrong_key),Admin Grant,two-level internal verification wrapper,checked key differs from written key,guard -> signature verification -> incorrect/missing storage consumption,The pre-execution replay guard remains satisfiable after a successful sensitive action because checked key differs from written key.,No dedicated replay finding expected; generic ecrecover-related output may occur in the shared helper but does not classify replay.,FIND replay vulnerability,synthetic,Synthetic guard/consumption mismatch regression case.,f5dc7d842796983882ba
V2_003,src/vulnerable/V2_003_FeeRebateCheckedNotConsumedSetFalse03.sol,FeeRebateCheckedNotConsumedSetFalse03,vulnerable,2_authorization_checked_but_not_consumed,Guard present but ineffective consumption (set_false),Fee Rebate,external verifier interface,guard is written with the non-consuming value,guard -> signature verification -> incorrect/missing storage consumption,The pre-execution replay guard remains satisfiable after a successful sensitive action because guard is written with the non-consuming value.,No dedicated replay finding expected; an unrelated external-call/reentrancy-style warning may appear when state writes follow verification.,FIND replay vulnerability,synthetic,Synthetic guard/consumption mismatch regression case.,b2afb8d8fda95035331c
V2_004,src/vulnerable/V2_004_ReferralPayoutCheckedNotConsumedSetThenDelete04.sol,ReferralPayoutCheckedNotConsumedSetThenDelete04,vulnerable,2_authorization_checked_but_not_consumed,Guard present but ineffective consumption (set_then_delete),Referral Payout,ERC-1271 isValidSignature,authorization is consumed and immediately resurrected,guard -> signature verification -> incorrect/missing storage consumption,The pre-execution replay guard remains satisfiable after a successful sensitive action because authorization is consumed and immediately resurrected.,No dedicated replay finding expected; an unrelated external-call/reentrancy-style warning may appear when state writes follow verification.,FIND replay vulnerability,synthetic,Synthetic guard/consumption mismatch regression case.,0b16968601e8b59d4e3a
V2_005,src/vulnerable/V2_005_SubscriptionCheckedNotConsumedUnrelatedCounter05.sol,SubscriptionCheckedNotConsumedUnrelatedCounter05,vulnerable,2_authorization_checked_but_not_consumed,Guard present but ineffective consumption (unrelated_counter),Subscription Charge,SignatureChecker-style EOA/ERC-1271 abstraction,unrelated state changes but checked authorization state does not,guard -> signature verification -> incorrect/missing storage consumption,The pre-execution replay guard remains satisfiable after a successful sensitive action because unrelated state changes but checked authorization state does not.,No dedicated replay finding expected; findings may point only to helper-library ecrecover/external-call code rather than replay semantics.,FIND replay vulnerability,synthetic,Synthetic guard/consumption mismatch regression case.,949abb2058abd70b1b6e
V2_006,src/vulnerable/V2_006_SessionSpendCheckedNotConsumedWrongPrincipal06.sol,SessionSpendCheckedNotConsumedWrongPrincipal06,vulnerable,2_authorization_checked_but_not_consumed,Guard present but ineffective consumption (wrong_principal),Session Spend,inherited verification helper,replay state is consumed for caller instead of authenticated principal,guard -> signature verification -> incorrect/missing storage consumption,The pre-execution replay guard remains satisfiable after a successful sensitive action because replay state is consumed for caller instead of authenticated principal.,No dedicated replay finding expected; generic ecrecover-related output may occur in the shared helper but does not classify replay.,FIND replay vulnerability,synthetic,Synthetic guard/consumption mismatch regression case.,aa533f8a49310fc63631
V2_007,src/vulnerable/V2_007_OracleUpdateCheckedNotConsumedWrongMapping07.sol,OracleUpdateCheckedNotConsumedWrongMapping07,vulnerable,2_authorization_checked_but_not_consumed,Guard present but ineffective consumption (wrong_mapping),Signed Oracle Update,builtin ecrecover,different storage mapping is written from the one checked,guard -> signature verification -> incorrect/missing storage consumption,The pre-execution replay guard remains satisfiable after a successful sensitive action because different storage mapping is written from the one checked.,No dedicated replay finding expected; stock Aderyn may emit its generic low-severity ecrecover/signature-malleability warning.,FIND replay vulnerability,synthetic,Synthetic guard/consumption mismatch regression case.,e2c152014b182cc9069e
V2_008,src/vulnerable/V2_008_AirdropCheckedNotConsumedZeroIncrement08.sol,AirdropCheckedNotConsumedZeroIncrement08,vulnerable,2_authorization_checked_but_not_consumed,Guard present but ineffective consumption (zero_increment),Airdrop Claim,self-contained ECDSA.recover-style library,counter-style guard never advances,guard -> signature verification -> incorrect/missing storage consumption,The pre-execution replay guard remains satisfiable after a successful sensitive action because counter-style guard never advances.,No dedicated replay finding expected; generic ecrecover-related output may occur in the shared helper but does not classify replay.,FIND replay vulnerability,synthetic,Synthetic guard/consumption mismatch regression case.,524a9ed737c293ed6076
V2_009,src/vulnerable/V2_009_TreasuryCheckedNotConsumedBitmapMissing09.sol,TreasuryCheckedNotConsumedBitmapMissing09,vulnerable,2_authorization_checked_but_not_consumed,Guard present but ineffective consumption (bitmap_missing),Treasury Payment,self-contained ECDSA.tryRecover-style library,bitmap bit is checked but never set,guard -> signature verification -> incorrect/missing storage consumption,The pre-execution replay guard remains satisfiable after a successful sensitive action because bitmap bit is checked but never set.,No dedicated replay finding expected; generic ecrecover-related output may occur in the shared helper but does not classify replay.,FIND replay vulnerability,standards-inspired,Unordered-nonce/bitmap design inspired by modern permit/session systems; independently minimized.,814f9a02b8dc5541d1e9
V2_010,src/vulnerable/V2_010_CouponCheckedNotConsumedBitmapWrongBit10.sol,CouponCheckedNotConsumedBitmapWrongBit10,vulnerable,2_authorization_checked_but_not_consumed,Guard present but ineffective consumption (bitmap_wrong_bit),Coupon Redemption,internal signature-verification wrapper,bitmap writes a different bit than the one checked,guard -> signature verification -> incorrect/missing storage consumption,The pre-execution replay guard remains satisfiable after a successful sensitive action because bitmap writes a different bit than the one checked.,No dedicated replay finding expected; generic ecrecover-related output may occur in the shared helper but does not classify replay.,FIND replay vulnerability,standards-inspired,Unordered-nonce/bitmap design inspired by modern permit/session systems; independently minimized.,1d2018765a274b126519
V2_011,src/vulnerable/V2_011_ListingCheckedNotConsumedConditionalConsume11.sol,ListingCheckedNotConsumedConditionalConsume11,vulnerable,2_authorization_checked_but_not_consumed,Guard present but ineffective consumption (conditional_consume),Marketplace Listing Acceptance,two-level internal verification wrapper,attacker-controlled branch can skip consumption,guard -> signature verification -> incorrect/missing storage consumption,The pre-execution replay guard remains satisfiable after a successful sensitive action because attacker-controlled branch can skip consumption.,No dedicated replay finding expected; generic ecrecover-related output may occur in the shared helper but does not classify replay.,FIND replay vulnerability,synthetic,Synthetic guard/consumption mismatch regression case.,4389f2d79dfba856baef
V2_012,src/vulnerable/V2_012_StakingExitCheckedNotConsumedEarlyReturnPath12.sol,StakingExitCheckedNotConsumedEarlyReturnPath12,vulnerable,2_authorization_checked_but_not_consumed,Guard present but ineffective consumption (early_return_path),Staking Exit,external verifier interface,one successful execution path returns before consumption,guard -> signature verification -> incorrect/missing storage consumption,The pre-execution replay guard remains satisfiable after a successful sensitive action because one successful execution path returns before consumption.,No dedicated replay finding expected; an unrelated external-call/reentrancy-style warning may appear when state writes follow verification.,FIND replay vulnerability,synthetic,Synthetic guard/consumption mismatch regression case.,27d49ac1c9d622cc3764
V2_013,src/vulnerable/V2_013_LiquidationCheckedNotConsumedNoopHelper13.sol,LiquidationCheckedNotConsumedNoopHelper13,vulnerable,2_authorization_checked_but_not_consumed,Guard present but ineffective consumption (noop_helper),Liquidation Authorization,ERC-1271 isValidSignature,a consume helper is called but the helper is a no-op,guard -> signature verification -> incorrect/missing storage consumption,The pre-execution replay guard remains satisfiable after a successful sensitive action because a consume helper is called but the helper is a no-op.,No dedicated replay finding expected; an unrelated external-call/reentrancy-style warning may appear when state writes follow verification.,FIND replay vulnerability,synthetic,Synthetic guard/consumption mismatch regression case.,c246f60253c725af6bba
V2_014,src/vulnerable/V2_014_LoanDrawCheckedNotConsumedPendingOnly14.sol,LoanDrawCheckedNotConsumedPendingOnly14,vulnerable,2_authorization_checked_but_not_consumed,Guard present but ineffective consumption (pending_only),Loan Draw,SignatureChecker-style EOA/ERC-1271 abstraction,authorization is marked pending but never marked used,guard -> signature verification -> incorrect/missing storage consumption,The pre-execution replay guard remains satisfiable after a successful sensitive action because authorization is marked pending but never marked used.,No dedicated replay finding expected; findings may point only to helper-library ecrecover/external-call code rather than replay semantics.,FIND replay vulnerability,synthetic,Synthetic guard/consumption mismatch regression case.,9af334f7674660642fdc
V2_015,src/vulnerable/V2_015_SwapQuoteCheckedNotConsumedDigestIdMismatch15.sol,SwapQuoteCheckedNotConsumedDigestIdMismatch15,vulnerable,2_authorization_checked_but_not_consumed,Guard present but ineffective consumption (digest_id_mismatch),Signed Swap Quote,inherited verification helper,digest is checked but an independent authorization ID is written,guard -> signature verification -> incorrect/missing storage consumption,The pre-execution replay guard remains satisfiable after a successful sensitive action because digest is checked but an independent authorization ID is written.,No dedicated replay finding expected; generic ecrecover-related output may occur in the shared helper but does not classify replay.,FIND replay vulnerability,synthetic,Synthetic guard/consumption mismatch regression case.,b599727fbaf95503468a
V2_016,src/vulnerable/V2_016_GovernanceCheckedNotConsumedEventOnly16.sol,GovernanceCheckedNotConsumedEventOnly16,vulnerable,2_authorization_checked_but_not_consumed,Guard present but ineffective consumption (event_only),Governance Execution,builtin ecrecover,an event claims consumption but no persistent state changes,guard -> signature verification -> incorrect/missing storage consumption,The pre-execution replay guard remains satisfiable after a successful sensitive action because an event claims consumption but no persistent state changes.,No dedicated replay finding expected; stock Aderyn may emit its generic low-severity ecrecover/signature-malleability warning.,FIND replay vulnerability,synthetic,Synthetic guard/consumption mismatch regression case.,ff61a16a02fa9a04b99c
V2_017,src/vulnerable/V2_017_PermitLikeCheckedNotConsumedMissingWrite17.sol,PermitLikeCheckedNotConsumedMissingWrite17,vulnerable,2_authorization_checked_but_not_consumed,Guard present but ineffective consumption (missing_write),Permit-like Approval,self-contained ECDSA.recover-style library,checked authorization ID is never written,guard -> signature verification -> incorrect/missing storage consumption,The pre-execution replay guard remains satisfiable after a successful sensitive action because checked authorization ID is never written.,No dedicated replay finding expected; generic ecrecover-related output may occur in the shared helper but does not classify replay.,FIND replay vulnerability,synthetic,Synthetic guard/consumption mismatch regression case.,f5296416844f3159c1ec
V2_018,src/vulnerable/V2_018_MetaTxCheckedNotConsumedWrongKey18.sol,MetaTxCheckedNotConsumedWrongKey18,vulnerable,2_authorization_checked_but_not_consumed,Guard present but ineffective consumption (wrong_key),Meta Transaction,self-contained ECDSA.tryRecover-style library,checked key differs from written key,guard -> signature verification -> incorrect/missing storage consumption,The pre-execution replay guard remains satisfiable after a successful sensitive action because checked key differs from written key.,No dedicated replay finding expected; generic ecrecover-related output may occur in the shared helper but does not classify replay.,FIND replay vulnerability,synthetic,Synthetic guard/consumption mismatch regression case.,bfebb30d43ba84808588
V2_019,src/vulnerable/V2_019_DelegatedTransferCheckedNotConsumedSetFalse19.sol,DelegatedTransferCheckedNotConsumedSetFalse19,vulnerable,2_authorization_checked_but_not_consumed,Guard present but ineffective consumption (set_false),Delegated Transfer,internal signature-verification wrapper,guard is written with the non-consuming value,guard -> signature verification -> incorrect/missing storage consumption,The pre-execution replay guard remains satisfiable after a successful sensitive action because guard is written with the non-consuming value.,No dedicated replay finding expected; generic ecrecover-related output may occur in the shared helper but does not classify replay.,FIND replay vulnerability,synthetic,Synthetic guard/consumption mismatch regression case.,70c4ef7692f09c2cd8af
V2_020,src/vulnerable/V2_020_KeeperCheckedNotConsumedSetThenDelete20.sol,KeeperCheckedNotConsumedSetThenDelete20,vulnerable,2_authorization_checked_but_not_consumed,Guard present but ineffective consumption (set_then_delete),Keeper Authorization,two-level internal verification wrapper,authorization is consumed and immediately resurrected,guard -> signature verification -> incorrect/missing storage consumption,The pre-execution replay guard remains satisfiable after a successful sensitive action because authorization is consumed and immediately resurrected.,No dedicated replay finding expected; generic ecrecover-related output may occur in the shared helper but does not classify replay.,FIND replay vulnerability,synthetic,Synthetic guard/consumption mismatch regression case.,95e4c8d6b69f4822f371
V2_021,src/vulnerable/V2_021_CollateralCheckedNotConsumedUnrelatedCounter21.sol,CollateralCheckedNotConsumedUnrelatedCounter21,vulnerable,2_authorization_checked_but_not_consumed,Guard present but ineffective consumption (unrelated_counter),Collateral Withdrawal,external verifier interface,unrelated state changes but checked authorization state does not,guard -> signature verification -> incorrect/missing storage consumption,The pre-execution replay guard remains satisfiable after a successful sensitive action because unrelated state changes but checked authorization state does not.,No dedicated replay finding expected; an unrelated external-call/reentrancy-style warning may appear when state writes follow verification.,FIND replay vulnerability,synthetic,Synthetic guard/consumption mismatch regression case.,98b2099e4aea50dc6c0c
V2_022,src/vulnerable/V2_022_RfqCheckedNotConsumedWrongPrincipal22.sol,RfqCheckedNotConsumedWrongPrincipal22,vulnerable,2_authorization_checked_but_not_consumed,Guard present but ineffective consumption (wrong_principal),RFQ Trade,ERC-1271 isValidSignature,replay state is consumed for caller instead of authenticated principal,guard -> signature verification -> incorrect/missing storage consumption,The pre-execution replay guard remains satisfiable after a successful sensitive action because replay state is consumed for caller instead of authenticated principal.,No dedicated replay finding expected; an unrelated external-call/reentrancy-style warning may appear when state writes follow verification.,FIND replay vulnerability,synthetic,Synthetic guard/consumption mismatch regression case.,1b148f8d17cd837f00ca
V2_023,src/vulnerable/V2_023_VaultHarvestCheckedNotConsumedWrongMapping23.sol,VaultHarvestCheckedNotConsumedWrongMapping23,vulnerable,2_authorization_checked_but_not_consumed,Guard present but ineffective consumption (wrong_mapping),Vault Harvest,SignatureChecker-style EOA/ERC-1271 abstraction,different storage mapping is written from the one checked,guard -> signature verification -> incorrect/missing storage consumption,The pre-execution replay guard remains satisfiable after a successful sensitive action because different storage mapping is written from the one checked.,No dedicated replay finding expected; findings may point only to helper-library ecrecover/external-call code rather than replay semantics.,FIND replay vulnerability,synthetic,Synthetic guard/consumption mismatch regression case.,9dfbea2f68b57bb86238
V2_024,src/vulnerable/V2_024_BondRedeemCheckedNotConsumedZeroIncrement24.sol,BondRedeemCheckedNotConsumedZeroIncrement24,vulnerable,2_authorization_checked_but_not_consumed,Guard present but ineffective consumption (zero_increment),Bond Redemption,inherited verification helper,counter-style guard never advances,guard -> signature verification -> incorrect/missing storage consumption,The pre-execution replay guard remains satisfiable after a successful sensitive action because counter-style guard never advances.,No dedicated replay finding expected; generic ecrecover-related output may occur in the shared helper but does not classify replay.,FIND replay vulnerability,synthetic,Synthetic guard/consumption mismatch regression case.,6563c3879cc064e49086
V2_025,src/vulnerable/V2_025_AffiliateCheckedNotConsumedBitmapMissing25.sol,AffiliateCheckedNotConsumedBitmapMissing25,vulnerable,2_authorization_checked_but_not_consumed,Guard present but ineffective consumption (bitmap_missing),Affiliate Credit,builtin ecrecover,bitmap bit is checked but never set,guard -> signature verification -> incorrect/missing storage consumption,The pre-execution replay guard remains satisfiable after a successful sensitive action because bitmap bit is checked but never set.,No dedicated replay finding expected; stock Aderyn may emit its generic low-severity ecrecover/signature-malleability warning.,FIND replay vulnerability,standards-inspired,Unordered-nonce/bitmap design inspired by modern permit/session systems; independently minimized.,d6412b4d4ea76548bff1
V2_026,src/vulnerable/V2_026_FeeWithdrawCheckedNotConsumedBitmapWrongBit26.sol,FeeWithdrawCheckedNotConsumedBitmapWrongBit26,vulnerable,2_authorization_checked_but_not_consumed,Guard present but ineffective consumption (bitmap_wrong_bit),Fee Withdrawal,self-contained ECDSA.recover-style library,bitmap writes a different bit than the one checked,guard -> signature verification -> incorrect/missing storage consumption,The pre-execution replay guard remains satisfiable after a successful sensitive action because bitmap writes a different bit than the one checked.,No dedicated replay finding expected; generic ecrecover-related output may occur in the shared helper but does not classify replay.,FIND replay vulnerability,standards-inspired,Unordered-nonce/bitmap design inspired by modern permit/session systems; independently minimized.,e688f71dad2b05a5ac21
V2_027,src/vulnerable/V2_027_RescueCheckedNotConsumedConditionalConsume27.sol,RescueCheckedNotConsumedConditionalConsume27,vulnerable,2_authorization_checked_but_not_consumed,Guard present but ineffective consumption (conditional_consume),Token Rescue,self-contained ECDSA.tryRecover-style library,attacker-controlled branch can skip consumption,guard -> signature verification -> incorrect/missing storage consumption,The pre-execution replay guard remains satisfiable after a successful sensitive action because attacker-controlled branch can skip consumption.,No dedicated replay finding expected; generic ecrecover-related output may occur in the shared helper but does not classify replay.,FIND replay vulnerability,synthetic,Synthetic guard/consumption mismatch regression case.,5df917cf29ab8b64a815
V2_028,src/vulnerable/V2_028_UpgradeCheckedNotConsumedEarlyReturnPath28.sol,UpgradeCheckedNotConsumedEarlyReturnPath28,vulnerable,2_authorization_checked_but_not_consumed,Guard present but ineffective consumption (early_return_path),Upgrade Authorization,internal signature-verification wrapper,one successful execution path returns before consumption,guard -> signature verification -> incorrect/missing storage consumption,The pre-execution replay guard remains satisfiable after a successful sensitive action because one successful execution path returns before consumption.,No dedicated replay finding expected; generic ecrecover-related output may occur in the shared helper but does not classify replay.,FIND replay vulnerability,synthetic,Synthetic guard/consumption mismatch regression case.,f51f730e001f739c823b
V2_029,src/vulnerable/V2_029_ValidatorExitCheckedNotConsumedNoopHelper29.sol,ValidatorExitCheckedNotConsumedNoopHelper29,vulnerable,2_authorization_checked_but_not_consumed,Guard present but ineffective consumption (noop_helper),Validator Exit,two-level internal verification wrapper,a consume helper is called but the helper is a no-op,guard -> signature verification -> incorrect/missing storage consumption,The pre-execution replay guard remains satisfiable after a successful sensitive action because a consume helper is called but the helper is a no-op.,No dedicated replay finding expected; generic ecrecover-related output may occur in the shared helper but does not classify replay.,FIND replay vulnerability,synthetic,Synthetic guard/consumption mismatch regression case.,f34f077f1353efef6fd6
V2_030,src/vulnerable/V2_030_BridgeMintCheckedNotConsumedPendingOnly30.sol,BridgeMintCheckedNotConsumedPendingOnly30,vulnerable,2_authorization_checked_but_not_consumed,Guard present but ineffective consumption (pending_only),Bridge Mint,external verifier interface,authorization is marked pending but never marked used,guard -> signature verification -> incorrect/missing storage consumption,The pre-execution replay guard remains satisfiable after a successful sensitive action because authorization is marked pending but never marked used.,No dedicated replay finding expected; an unrelated external-call/reentrancy-style warning may appear when state writes follow verification.,FIND replay vulnerability,synthetic,Synthetic guard/consumption mismatch regression case.,75a9a18948ed915bfeea
V2_031,src/vulnerable/V2_031_AccountRecoveryCheckedNotConsumedDigestIdMismatch31.sol,AccountRecoveryCheckedNotConsumedDigestIdMismatch31,vulnerable,2_authorization_checked_but_not_consumed,Guard present but ineffective consumption (digest_id_mismatch),Account Recovery,ERC-1271 isValidSignature,digest is checked but an independent authorization ID is written,guard -> signature verification -> incorrect/missing storage consumption,The pre-execution replay guard remains satisfiable after a successful sensitive action because digest is checked but an independent authorization ID is written.,No dedicated replay finding expected; an unrelated external-call/reentrancy-style warning may appear when state writes follow verification.,FIND replay vulnerability,synthetic,Synthetic guard/consumption mismatch regression case.,e683e315e5732fc2f88e
V2_032,src/vulnerable/V2_032_RoyaltyCheckedNotConsumedEventOnly32.sol,RoyaltyCheckedNotConsumedEventOnly32,vulnerable,2_authorization_checked_but_not_consumed,Guard present but ineffective consumption (event_only),Royalty Claim,SignatureChecker-style EOA/ERC-1271 abstraction,an event claims consumption but no persistent state changes,guard -> signature verification -> incorrect/missing storage consumption,The pre-execution replay guard remains satisfiable after a successful sensitive action because an event claims consumption but no persistent state changes.,No dedicated replay finding expected; findings may point only to helper-library ecrecover/external-call code rather than replay semantics.,FIND replay vulnerability,synthetic,Synthetic guard/consumption mismatch regression case.,68919a1e6cf1fba9f9c7
V3_001,src/vulnerable/V3_001_AirdropRollbackLowLevelRequireNonce01.sol,AirdropRollbackLowLevelRequireNonce01,vulnerable,3_replay_state_rolled_back_by_revert,"Replay state rollback after failed execution (low_level_require, nonce)",Airdrop Claim,external verifier interface,authenticated sequential nonce is consumed before a later reverting operation,nonce consumption followed by low_level_require that can revert the entire transaction,"The contract appears to consume replay state, but a later revert restores the old storage value, so the same signature remains valid.",No dedicated replay finding expected; an unrelated external-call/reentrancy-style warning may appear when state writes follow verification.,FIND replay vulnerability,historically-inspired,Rolla/Quant Protocol 2022 H-04 inspired: nonce consumption reverted when meta-transaction execution failed.,6fab708f7eae3dec84df
V3_002,src/vulnerable/V3_002_TreasuryRollbackCustomErrorNonce02.sol,TreasuryRollbackCustomErrorNonce02,vulnerable,3_replay_state_rolled_back_by_revert,"Replay state rollback after failed execution (custom_error, nonce)",Treasury Payment,ERC-1271 isValidSignature,authenticated sequential nonce is consumed before a later reverting operation,nonce consumption followed by custom_error that can revert the entire transaction,"The contract appears to consume replay state, but a later revert restores the old storage value, so the same signature remains valid.",No dedicated replay finding expected; an unrelated external-call/reentrancy-style warning may appear when state writes follow verification.,FIND replay vulnerability,synthetic,Synthetic transactional-rollback replay fixture.,0b2aa69a89a53dd1a394
V3_003,src/vulnerable/V3_003_CouponRollbackDelegatecallAssertNonce03.sol,CouponRollbackDelegatecallAssertNonce03,vulnerable,3_replay_state_rolled_back_by_revert,"Replay state rollback after failed execution (delegatecall_assert, nonce)",Coupon Redemption,SignatureChecker-style EOA/ERC-1271 abstraction,authenticated sequential nonce is consumed before a later reverting operation,nonce consumption followed by delegatecall_assert that can revert the entire transaction,"The contract appears to consume replay state, but a later revert restores the old storage value, so the same signature remains valid.",No dedicated replay finding expected; findings may point only to helper-library ecrecover/external-call code rather than replay semantics.,FIND replay vulnerability,synthetic,Synthetic transactional-rollback replay fixture.,46f35d6ed2e90b6fa12b
V3_004,src/vulnerable/V3_004_ListingRollbackTwoCallsNonce04.sol,ListingRollbackTwoCallsNonce04,vulnerable,3_replay_state_rolled_back_by_revert,"Replay state rollback after failed execution (two_calls, nonce)",Marketplace Listing Acceptance,inherited verification helper,authenticated sequential nonce is consumed before a later reverting operation,nonce consumption followed by two_calls that can revert the entire transaction,"The contract appears to consume replay state, but a later revert restores the old storage value, so the same signature remains valid.",No dedicated replay finding expected; generic ecrecover-related output may occur in the shared helper but does not classify replay.,FIND replay vulnerability,synthetic,Synthetic transactional-rollback replay fixture.,19ec77638236fec6c5ca
V3_005,src/vulnerable/V3_005_StakingExitRollbackPostconditionNonce05.sol,StakingExitRollbackPostconditionNonce05,vulnerable,3_replay_state_rolled_back_by_revert,"Replay state rollback after failed execution (postcondition, nonce)",Staking Exit,builtin ecrecover,authenticated sequential nonce is consumed before a later reverting operation,nonce consumption followed by postcondition that can revert the entire transaction,"The contract appears to consume replay state, but a later revert restores the old storage value, so the same signature remains valid.",No dedicated replay finding expected; stock Aderyn may emit its generic low-severity ecrecover/signature-malleability warning.,FIND replay vulnerability,historically-inspired,Rolla/Quant Protocol 2022 H-04 inspired: nonce consumption reverted when meta-transaction execution failed.,284abcc5459c49698612
V3_006,src/vulnerable/V3_006_LiquidationRollbackTryCatchRethrowNonce06.sol,LiquidationRollbackTryCatchRethrowNonce06,vulnerable,3_replay_state_rolled_back_by_revert,"Replay state rollback after failed execution (try_catch_rethrow, nonce)",Liquidation Authorization,self-contained ECDSA.recover-style library,authenticated sequential nonce is consumed before a later reverting operation,nonce consumption followed by try_catch_rethrow that can revert the entire transaction,"The contract appears to consume replay state, but a later revert restores the old storage value, so the same signature remains valid.",No dedicated replay finding expected; generic ecrecover-related output may occur in the shared helper but does not classify replay.,FIND replay vulnerability,synthetic,Synthetic transactional-rollback replay fixture.,e506d873df33b0590341
V3_007,src/vulnerable/V3_007_LoanDrawRollbackPartialSessionNonce07.sol,LoanDrawRollbackPartialSessionNonce07,vulnerable,3_replay_state_rolled_back_by_revert,"Replay state rollback after failed execution (partial_session, nonce)",Loan Draw,self-contained ECDSA.tryRecover-style library,authenticated sequential nonce is consumed before a later reverting operation,nonce consumption followed by partial_session that can revert the entire transaction,"The contract appears to consume replay state, but a later revert restores the old storage value, so the same signature remains valid.",No dedicated replay finding expected; generic ecrecover-related output may occur in the shared helper but does not classify replay.,FIND replay vulnerability,historically-inspired,Sequence 2025 replay findings inspired: failed/partial session execution can leave signatures reusable; independently minimized.,dabd0a007271815816b0
V3_008,src/vulnerable/V3_008_SwapQuoteRollbackLowLevelRequireUsedDigest08.sol,SwapQuoteRollbackLowLevelRequireUsedDigest08,vulnerable,3_replay_state_rolled_back_by_revert,"Replay state rollback after failed execution (low_level_require, used_digest)",Signed Swap Quote,internal signature-verification wrapper,used-digest state is set before a later reverting operation,used_digest consumption followed by low_level_require that can revert the entire transaction,"The contract appears to consume replay state, but a later revert restores the old storage value, so the same signature remains valid.",No dedicated replay finding expected; generic ecrecover-related output may occur in the shared helper but does not classify replay.,FIND replay vulnerability,synthetic,Synthetic transactional-rollback replay fixture.,31a1b60e35921fb2e9bd
V3_009,src/vulnerable/V3_009_GovernanceRollbackCustomErrorUsedDigest09.sol,GovernanceRollbackCustomErrorUsedDigest09,vulnerable,3_replay_state_rolled_back_by_revert,"Replay state rollback after failed execution (custom_error, used_digest)",Governance Execution,two-level internal verification wrapper,used-digest state is set before a later reverting operation,used_digest consumption followed by custom_error that can revert the entire transaction,"The contract appears to consume replay state, but a later revert restores the old storage value, so the same signature remains valid.",No dedicated replay finding expected; generic ecrecover-related output may occur in the shared helper but does not classify replay.,FIND replay vulnerability,synthetic,Synthetic transactional-rollback replay fixture.,870f136b7b9caff1735e
V3_010,src/vulnerable/V3_010_PermitLikeRollbackDelegatecallAssertUsedDigest10.sol,PermitLikeRollbackDelegatecallAssertUsedDigest10,vulnerable,3_replay_state_rolled_back_by_revert,"Replay state rollback after failed execution (delegatecall_assert, used_digest)",Permit-like Approval,external verifier interface,used-digest state is set before a later reverting operation,used_digest consumption followed by delegatecall_assert that can revert the entire transaction,"The contract appears to consume replay state, but a later revert restores the old storage value, so the same signature remains valid.",No dedicated replay finding expected; an unrelated external-call/reentrancy-style warning may appear when state writes follow verification.,FIND replay vulnerability,synthetic,Synthetic transactional-rollback replay fixture.,d97ef8fe11158f9cdfdd
V3_011,src/vulnerable/V3_011_MetaTxRollbackTwoCallsUsedDigest11.sol,MetaTxRollbackTwoCallsUsedDigest11,vulnerable,3_replay_state_rolled_back_by_revert,"Replay state rollback after failed execution (two_calls, used_digest)",Meta Transaction,ERC-1271 isValidSignature,used-digest state is set before a later reverting operation,used_digest consumption followed by two_calls that can revert the entire transaction,"The contract appears to consume replay state, but a later revert restores the old storage value, so the same signature remains valid.",No dedicated replay finding expected; an unrelated external-call/reentrancy-style warning may appear when state writes follow verification.,FIND replay vulnerability,synthetic,Synthetic transactional-rollback replay fixture.,2fb7f332b39be6a401b9
V3_012,src/vulnerable/V3_012_DelegatedTransferRollbackPostconditionUsedDigest12.sol,DelegatedTransferRollbackPostconditionUsedDigest12,vulnerable,3_replay_state_rolled_back_by_revert,"Replay state rollback after failed execution (postcondition, used_digest)",Delegated Transfer,SignatureChecker-style EOA/ERC-1271 abstraction,used-digest state is set before a later reverting operation,used_digest consumption followed by postcondition that can revert the entire transaction,"The contract appears to consume replay state, but a later revert restores the old storage value, so the same signature remains valid.",No dedicated replay finding expected; findings may point only to helper-library ecrecover/external-call code rather than replay semantics.,FIND replay vulnerability,synthetic,Synthetic transactional-rollback replay fixture.,b2df4ba3e5d5985d9ae5
V3_013,src/vulnerable/V3_013_KeeperRollbackTryCatchRethrowUsedDigest13.sol,KeeperRollbackTryCatchRethrowUsedDigest13,vulnerable,3_replay_state_rolled_back_by_revert,"Replay state rollback after failed execution (try_catch_rethrow, used_digest)",Keeper Authorization,inherited verification helper,used-digest state is set before a later reverting operation,used_digest consumption followed by try_catch_rethrow that can revert the entire transaction,"The contract appears to consume replay state, but a later revert restores the old storage value, so the same signature remains valid.",No dedicated replay finding expected; generic ecrecover-related output may occur in the shared helper but does not classify replay.,FIND replay vulnerability,synthetic,Synthetic transactional-rollback replay fixture.,4f09968d5a3110b2f7bb
V3_014,src/vulnerable/V3_014_CollateralRollbackPartialSessionUsedDigest14.sol,CollateralRollbackPartialSessionUsedDigest14,vulnerable,3_replay_state_rolled_back_by_revert,"Replay state rollback after failed execution (partial_session, used_digest)",Collateral Withdrawal,builtin ecrecover,used-digest state is set before a later reverting operation,used_digest consumption followed by partial_session that can revert the entire transaction,"The contract appears to consume replay state, but a later revert restores the old storage value, so the same signature remains valid.",No dedicated replay finding expected; stock Aderyn may emit its generic low-severity ecrecover/signature-malleability warning.,FIND replay vulnerability,historically-inspired,Sequence 2025 replay findings inspired: failed/partial session execution can leave signatures reusable; independently minimized.,d34bb26b68f3116b2522
V3_015,src/vulnerable/V3_015_RfqRollbackLowLevelRequireAuthorizationId15.sol,RfqRollbackLowLevelRequireAuthorizationId15,vulnerable,3_replay_state_rolled_back_by_revert,"Replay state rollback after failed execution (low_level_require, authorization_id)",RFQ Trade,self-contained ECDSA.recover-style library,authorization ID is consumed before a later reverting operation,authorization_id consumption followed by low_level_require that can revert the entire transaction,"The contract appears to consume replay state, but a later revert restores the old storage value, so the same signature remains valid.",No dedicated replay finding expected; generic ecrecover-related output may occur in the shared helper but does not classify replay.,FIND replay vulnerability,synthetic,Synthetic transactional-rollback replay fixture.,96f4c2f008691f9c58fe
V3_016,src/vulnerable/V3_016_VaultHarvestRollbackCustomErrorAuthorizationId16.sol,VaultHarvestRollbackCustomErrorAuthorizationId16,vulnerable,3_replay_state_rolled_back_by_revert,"Replay state rollback after failed execution (custom_error, authorization_id)",Vault Harvest,self-contained ECDSA.tryRecover-style library,authorization ID is consumed before a later reverting operation,authorization_id consumption followed by custom_error that can revert the entire transaction,"The contract appears to consume replay state, but a later revert restores the old storage value, so the same signature remains valid.",No dedicated replay finding expected; generic ecrecover-related output may occur in the shared helper but does not classify replay.,FIND replay vulnerability,synthetic,Synthetic transactional-rollback replay fixture.,f7fbe1ccb9947aecfe85
V3_017,src/vulnerable/V3_017_BondRedeemRollbackDelegatecallAssertAuthorizationId17.sol,BondRedeemRollbackDelegatecallAssertAuthorizationId17,vulnerable,3_replay_state_rolled_back_by_revert,"Replay state rollback after failed execution (delegatecall_assert, authorization_id)",Bond Redemption,internal signature-verification wrapper,authorization ID is consumed before a later reverting operation,authorization_id consumption followed by delegatecall_assert that can revert the entire transaction,"The contract appears to consume replay state, but a later revert restores the old storage value, so the same signature remains valid.",No dedicated replay finding expected; generic ecrecover-related output may occur in the shared helper but does not classify replay.,FIND replay vulnerability,synthetic,Synthetic transactional-rollback replay fixture.,448c4f7c4b75731fcabd
V3_018,src/vulnerable/V3_018_AffiliateRollbackTwoCallsAuthorizationId18.sol,AffiliateRollbackTwoCallsAuthorizationId18,vulnerable,3_replay_state_rolled_back_by_revert,"Replay state rollback after failed execution (two_calls, authorization_id)",Affiliate Credit,two-level internal verification wrapper,authorization ID is consumed before a later reverting operation,authorization_id consumption followed by two_calls that can revert the entire transaction,"The contract appears to consume replay state, but a later revert restores the old storage value, so the same signature remains valid.",No dedicated replay finding expected; generic ecrecover-related output may occur in the shared helper but does not classify replay.,FIND replay vulnerability,synthetic,Synthetic transactional-rollback replay fixture.,37d0a361b73bfd346368
V3_019,src/vulnerable/V3_019_FeeWithdrawRollbackPostconditionAuthorizationId19.sol,FeeWithdrawRollbackPostconditionAuthorizationId19,vulnerable,3_replay_state_rolled_back_by_revert,"Replay state rollback after failed execution (postcondition, authorization_id)",Fee Withdrawal,external verifier interface,authorization ID is consumed before a later reverting operation,authorization_id consumption followed by postcondition that can revert the entire transaction,"The contract appears to consume replay state, but a later revert restores the old storage value, so the same signature remains valid.",No dedicated replay finding expected; an unrelated external-call/reentrancy-style warning may appear when state writes follow verification.,FIND replay vulnerability,synthetic,Synthetic transactional-rollback replay fixture.,0b534400123a260ad721
V3_020,src/vulnerable/V3_020_RescueRollbackTryCatchRethrowAuthorizationId20.sol,RescueRollbackTryCatchRethrowAuthorizationId20,vulnerable,3_replay_state_rolled_back_by_revert,"Replay state rollback after failed execution (try_catch_rethrow, authorization_id)",Token Rescue,ERC-1271 isValidSignature,authorization ID is consumed before a later reverting operation,authorization_id consumption followed by try_catch_rethrow that can revert the entire transaction,"The contract appears to consume replay state, but a later revert restores the old storage value, so the same signature remains valid.",No dedicated replay finding expected; an unrelated external-call/reentrancy-style warning may appear when state writes follow verification.,FIND replay vulnerability,synthetic,Synthetic transactional-rollback replay fixture.,c9fedeff297f39b5f957
V3_021,src/vulnerable/V3_021_UpgradeRollbackPartialSessionAuthorizationId21.sol,UpgradeRollbackPartialSessionAuthorizationId21,vulnerable,3_replay_state_rolled_back_by_revert,"Replay state rollback after failed execution (partial_session, authorization_id)",Upgrade Authorization,SignatureChecker-style EOA/ERC-1271 abstraction,authorization ID is consumed before a later reverting operation,authorization_id consumption followed by partial_session that can revert the entire transaction,"The contract appears to consume replay state, but a later revert restores the old storage value, so the same signature remains valid.",No dedicated replay finding expected; findings may point only to helper-library ecrecover/external-call code rather than replay semantics.,FIND replay vulnerability,historically-inspired,Sequence 2025 replay findings inspired: failed/partial session execution can leave signatures reusable; independently minimized.,628406f70f7d646f0c4b
V3_022,src/vulnerable/V3_022_ValidatorExitRollbackLowLevelRequireBitmap22.sol,ValidatorExitRollbackLowLevelRequireBitmap22,vulnerable,3_replay_state_rolled_back_by_revert,"Replay state rollback after failed execution (low_level_require, bitmap)",Validator Exit,inherited verification helper,unordered nonce bit is set before a later reverting operation,bitmap consumption followed by low_level_require that can revert the entire transaction,"The contract appears to consume replay state, but a later revert restores the old storage value, so the same signature remains valid.",No dedicated replay finding expected; generic ecrecover-related output may occur in the shared helper but does not classify replay.,FIND replay vulnerability,synthetic,Synthetic transactional-rollback replay fixture.,73e678d8f5602093116c
V3_023,src/vulnerable/V3_023_BridgeMintRollbackCustomErrorBitmap23.sol,BridgeMintRollbackCustomErrorBitmap23,vulnerable,3_replay_state_rolled_back_by_revert,"Replay state rollback after failed execution (custom_error, bitmap)",Bridge Mint,builtin ecrecover,unordered nonce bit is set before a later reverting operation,bitmap consumption followed by custom_error that can revert the entire transaction,"The contract appears to consume replay state, but a later revert restores the old storage value, so the same signature remains valid.",No dedicated replay finding expected; stock Aderyn may emit its generic low-severity ecrecover/signature-malleability warning.,FIND replay vulnerability,synthetic,Synthetic transactional-rollback replay fixture.,dd78cda9b31eb7952756
V3_024,src/vulnerable/V3_024_AccountRecoveryRollbackDelegatecallAssertBitmap24.sol,AccountRecoveryRollbackDelegatecallAssertBitmap24,vulnerable,3_replay_state_rolled_back_by_revert,"Replay state rollback after failed execution (delegatecall_assert, bitmap)",Account Recovery,self-contained ECDSA.recover-style library,unordered nonce bit is set before a later reverting operation,bitmap consumption followed by delegatecall_assert that can revert the entire transaction,"The contract appears to consume replay state, but a later revert restores the old storage value, so the same signature remains valid.",No dedicated replay finding expected; generic ecrecover-related output may occur in the shared helper but does not classify replay.,FIND replay vulnerability,synthetic,Synthetic transactional-rollback replay fixture.,918f9e125f02e95d7291
V3_025,src/vulnerable/V3_025_RoyaltyRollbackTwoCallsBitmap25.sol,RoyaltyRollbackTwoCallsBitmap25,vulnerable,3_replay_state_rolled_back_by_revert,"Replay state rollback after failed execution (two_calls, bitmap)",Royalty Claim,self-contained ECDSA.tryRecover-style library,unordered nonce bit is set before a later reverting operation,bitmap consumption followed by two_calls that can revert the entire transaction,"The contract appears to consume replay state, but a later revert restores the old storage value, so the same signature remains valid.",No dedicated replay finding expected; generic ecrecover-related output may occur in the shared helper but does not classify replay.,FIND replay vulnerability,synthetic,Synthetic transactional-rollback replay fixture.,f762331a5d9162a2aa5e
V3_026,src/vulnerable/V3_026_BatchPaymentRollbackPostconditionBitmap26.sol,BatchPaymentRollbackPostconditionBitmap26,vulnerable,3_replay_state_rolled_back_by_revert,"Replay state rollback after failed execution (postcondition, bitmap)",Batch Payment,internal signature-verification wrapper,unordered nonce bit is set before a later reverting operation,bitmap consumption followed by postcondition that can revert the entire transaction,"The contract appears to consume replay state, but a later revert restores the old storage value, so the same signature remains valid.",No dedicated replay finding expected; generic ecrecover-related output may occur in the shared helper but does not classify replay.,FIND replay vulnerability,synthetic,Synthetic transactional-rollback replay fixture.,c26f5504bab6f8223a46
V3_027,src/vulnerable/V3_027_RefundRollbackTryCatchRethrowBitmap27.sol,RefundRollbackTryCatchRethrowBitmap27,vulnerable,3_replay_state_rolled_back_by_revert,"Replay state rollback after failed execution (try_catch_rethrow, bitmap)",Fee Refund,two-level internal verification wrapper,unordered nonce bit is set before a later reverting operation,bitmap consumption followed by try_catch_rethrow that can revert the entire transaction,"The contract appears to consume replay state, but a later revert restores the old storage value, so the same signature remains valid.",No dedicated replay finding expected; generic ecrecover-related output may occur in the shared helper but does not classify replay.,FIND replay vulnerability,synthetic,Synthetic transactional-rollback replay fixture.,40eb79ce434096e0f3df
V3_028,src/vulnerable/V3_028_TicketRollbackPartialSessionBitmap28.sol,TicketRollbackPartialSessionBitmap28,vulnerable,3_replay_state_rolled_back_by_revert,"Replay state rollback after failed execution (partial_session, bitmap)",Claim Ticket,external verifier interface,unordered nonce bit is set before a later reverting operation,bitmap consumption followed by partial_session that can revert the entire transaction,"The contract appears to consume replay state, but a later revert restores the old storage value, so the same signature remains valid.",No dedicated replay finding expected; an unrelated external-call/reentrancy-style warning may appear when state writes follow verification.,FIND replay vulnerability,historically-inspired,Sequence 2025 replay findings inspired: failed/partial session execution can leave signatures reusable; independently minimized.,cdaa015473498a4ffead
V4_001,src/vulnerable/V4_001_BridgeReleaseMultiDomainCrossFunction01.sol,BridgeReleaseMultiDomainCrossFunction01,vulnerable,4_same_authorization_reused_across_paths_or_domains,Cross-path/domain replay (cross_function),Bridge Release,SignatureChecker-style EOA/ERC-1271 abstraction,separate per-function replay registries,same digest accepted by two functions with independent one-time state,Replay protection is scoped more narrowly than the signed authorization domain: separate per-function replay registries.,No dedicated replay finding expected; findings may point only to helper-library ecrecover/external-call code rather than replay semantics.,FIND replay vulnerability,historically-inspired,Ambire 2021 cross-identity/path replay class inspired; independently minimized.,8b4743849ee7c0d3aff4
V4_002,src/vulnerable/V4_002_DelegatedVoteMultiDomainCrossPurpose02.sol,DelegatedVoteMultiDomainCrossPurpose02,vulnerable,4_same_authorization_reused_across_paths_or_domains,Cross-path/domain replay (cross_purpose),Delegated Vote,inherited verification helper,purpose/function tag omitted and independent execute/cancel registries,one signature is valid for two logically distinct purposes,Replay protection is scoped more narrowly than the signed authorization domain: purpose/function tag omitted and independent execute/cancel registries.,No dedicated replay finding expected; generic ecrecover-related output may occur in the shared helper but does not classify replay.,FIND replay vulnerability,synthetic,Synthetic cross-path/domain replay fixture.,179c93de217b3bd60e88
V4_003,src/vulnerable/V4_003_OrderFillMultiDomainCrossContract03.sol,OrderFillMultiDomainCrossContract03,vulnerable,4_same_authorization_reused_across_paths_or_domains,Cross-path/domain replay (cross_contract),Signed Order Fill,builtin ecrecover,per-contract used state but digest omits address(this),signature can be consumed once on each sibling deployment sharing the signer,Replay protection is scoped more narrowly than the signed authorization domain: per-contract used state but digest omits address(this).,No dedicated replay finding expected; stock Aderyn may emit its generic low-severity ecrecover/signature-malleability warning.,FIND replay vulnerability,standards-inspired,EIP-712/ERC-2612 domain-separation replay considerations inspired; independently minimized.,8b68d1b5ec5598620cab
V4_004,src/vulnerable/V4_004_EscrowReleaseMultiDomainCrossChain04.sol,EscrowReleaseMultiDomainCrossChain04,vulnerable,4_same_authorization_reused_across_paths_or_domains,Cross-path/domain replay (cross_chain),Escrow Release,self-contained ECDSA.recover-style library,per-chain nonce state but digest omits block.chainid,matching nonce state on another chain accepts the same signature,Replay protection is scoped more narrowly than the signed authorization domain: per-chain nonce state but digest omits block.chainid.,No dedicated replay finding expected; generic ecrecover-related output may occur in the shared helper but does not classify replay.,FIND replay vulnerability,standards-inspired,EIP-712/ERC-2612 domain-separation replay considerations inspired; independently minimized.,917277f6014df177dd0e
V4_005,src/vulnerable/V4_005_BurnMultiDomainCrossWallet05.sol,BurnMultiDomainCrossWallet05,vulnerable,4_same_authorization_reused_across_paths_or_domains,Cross-path/domain replay (cross_wallet),Signed Burn,ERC-1271 isValidSignature,per-wallet nonce state but signed digest omits the ERC-1271 account address,same owner-backed signature can validate for sibling smart accounts with matching state,Replay protection is scoped more narrowly than the signed authorization domain: per-wallet nonce state but signed digest omits the ERC-1271 account address.,No dedicated replay finding expected; an unrelated external-call/reentrancy-style warning may appear when state writes follow verification.,FIND replay vulnerability,historically-inspired,Alchemy 2023 ERC-1271 cross-smart-account replay disclosure inspired; independently minimized.,8f8ce60da6f180bf86bd
V4_006,src/vulnerable/V4_006_AdminGrantMultiDomainModuleNamespace06.sol,AdminGrantMultiDomainModuleNamespace06,vulnerable,4_same_authorization_reused_across_paths_or_domains,Cross-path/domain replay (module_namespace),Admin Grant,internal signature-verification wrapper,"used state namespaced by moduleId, but moduleId is omitted from signed digest",same authorization is accepted once in each moduleId domain,"Replay protection is scoped more narrowly than the signed authorization domain: used state namespaced by moduleId, but moduleId is omitted from signed digest.",No dedicated replay finding expected; generic ecrecover-related output may occur in the shared helper but does not classify replay.,FIND replay vulnerability,synthetic,Synthetic cross-path/domain replay fixture.,f6c9298fd7158a3f592a
V4_007,src/vulnerable/V4_007_FeeRebateMultiDomainMarketNamespace07.sol,FeeRebateMultiDomainMarketNamespace07,vulnerable,4_same_authorization_reused_across_paths_or_domains,Cross-path/domain replay (market_namespace),Fee Rebate,two-level internal verification wrapper,"used state namespaced by marketId, but marketId is omitted from signed digest",same authorization is accepted once in each marketId domain,"Replay protection is scoped more narrowly than the signed authorization domain: used state namespaced by marketId, but marketId is omitted from signed digest.",No dedicated replay finding expected; generic ecrecover-related output may occur in the shared helper but does not classify replay.,FIND replay vulnerability,synthetic,Synthetic cross-path/domain replay fixture.,5da8b4d3b33087e22142
V4_008,src/vulnerable/V4_008_ReferralPayoutMultiDomainSeasonNamespace08.sol,ReferralPayoutMultiDomainSeasonNamespace08,vulnerable,4_same_authorization_reused_across_paths_or_domains,Cross-path/domain replay (season_namespace),Referral Payout,external verifier interface,"used state namespaced by seasonId, but seasonId is omitted from signed digest",same authorization is accepted once in each seasonId domain,"Replay protection is scoped more narrowly than the signed authorization domain: used state namespaced by seasonId, but seasonId is omitted from signed digest.",No dedicated replay finding expected; an unrelated external-call/reentrancy-style warning may appear when state writes follow verification.,FIND replay vulnerability,synthetic,Synthetic cross-path/domain replay fixture.,22a9c848a016388433f6
V4_009,src/vulnerable/V4_009_SubscriptionMultiDomainBridgeDomain09.sol,SubscriptionMultiDomainBridgeDomain09,vulnerable,4_same_authorization_reused_across_paths_or_domains,Cross-path/domain replay (bridge_domain),Subscription Charge,ERC-1271 isValidSignature,processed-message state is source-chain-specific but sourceChainId is not authenticated,the same signed message can be replayed under another source-chain namespace,Replay protection is scoped more narrowly than the signed authorization domain: processed-message state is source-chain-specific but sourceChainId is not authenticated.,No dedicated replay finding expected; an unrelated external-call/reentrancy-style warning may appear when state writes follow verification.,FIND replay vulnerability,standards-inspired,EIP-712/ERC-2612 domain-separation replay considerations inspired; independently minimized.,840b229790490882db91
V4_010,src/vulnerable/V4_010_SessionSpendMultiDomainBatchSubset10.sol,SessionSpendMultiDomainBatchSubset10,vulnerable,4_same_authorization_reused_across_paths_or_domains,Cross-path/domain replay (batch_subset),Session Spend,SignatureChecker-style EOA/ERC-1271 abstraction,"signature commits only to an individual call, not the containing execution payload, and paths use separate replay state",a call signature can be extracted/reused in a different execution path or partial batch,"Replay protection is scoped more narrowly than the signed authorization domain: signature commits only to an individual call, not the containing execution payload, and paths use separate replay state.",No dedicated replay finding expected; findings may point only to helper-library ecrecover/external-call code rather than replay semantics.,FIND replay vulnerability,historically-inspired,Sequence 2025 partial session signature replay class inspired; independently minimized.,dadab024af6b5cd3468b
V4_011,src/vulnerable/V4_011_OracleUpdateMultiDomainCrossFunction11.sol,OracleUpdateMultiDomainCrossFunction11,vulnerable,4_same_authorization_reused_across_paths_or_domains,Cross-path/domain replay (cross_function),Signed Oracle Update,inherited verification helper,separate per-function replay registries,same digest accepted by two functions with independent one-time state,Replay protection is scoped more narrowly than the signed authorization domain: separate per-function replay registries.,No dedicated replay finding expected; generic ecrecover-related output may occur in the shared helper but does not classify replay.,FIND replay vulnerability,synthetic,Synthetic cross-path/domain replay fixture.,9eb787afe5a5e81fcccb
V4_012,src/vulnerable/V4_012_AirdropMultiDomainCrossPurpose12.sol,AirdropMultiDomainCrossPurpose12,vulnerable,4_same_authorization_reused_across_paths_or_domains,Cross-path/domain replay (cross_purpose),Airdrop Claim,builtin ecrecover,purpose/function tag omitted and independent execute/cancel registries,one signature is valid for two logically distinct purposes,Replay protection is scoped more narrowly than the signed authorization domain: purpose/function tag omitted and independent execute/cancel registries.,No dedicated replay finding expected; stock Aderyn may emit its generic low-severity ecrecover/signature-malleability warning.,FIND replay vulnerability,synthetic,Synthetic cross-path/domain replay fixture.,a641180c0013702dec57
V4_013,src/vulnerable/V4_013_TreasuryMultiDomainCrossContract13.sol,TreasuryMultiDomainCrossContract13,vulnerable,4_same_authorization_reused_across_paths_or_domains,Cross-path/domain replay (cross_contract),Treasury Payment,self-contained ECDSA.recover-style library,per-contract used state but digest omits address(this),signature can be consumed once on each sibling deployment sharing the signer,Replay protection is scoped more narrowly than the signed authorization domain: per-contract used state but digest omits address(this).,No dedicated replay finding expected; generic ecrecover-related output may occur in the shared helper but does not classify replay.,FIND replay vulnerability,standards-inspired,EIP-712/ERC-2612 domain-separation replay considerations inspired; independently minimized.,ab3bc6b2630c5f163000
V4_014,src/vulnerable/V4_014_CouponMultiDomainCrossChain14.sol,CouponMultiDomainCrossChain14,vulnerable,4_same_authorization_reused_across_paths_or_domains,Cross-path/domain replay (cross_chain),Coupon Redemption,self-contained ECDSA.tryRecover-style library,per-chain nonce state but digest omits block.chainid,matching nonce state on another chain accepts the same signature,Replay protection is scoped more narrowly than the signed authorization domain: per-chain nonce state but digest omits block.chainid.,No dedicated replay finding expected; generic ecrecover-related output may occur in the shared helper but does not classify replay.,FIND replay vulnerability,standards-inspired,EIP-712/ERC-2612 domain-separation replay considerations inspired; independently minimized.,1ff23ce1d5b08aeaf4b4
V4_015,src/vulnerable/V4_015_ListingMultiDomainCrossWallet15.sol,ListingMultiDomainCrossWallet15,vulnerable,4_same_authorization_reused_across_paths_or_domains,Cross-path/domain replay (cross_wallet),Marketplace Listing Acceptance,ERC-1271 isValidSignature,per-wallet nonce state but signed digest omits the ERC-1271 account address,same owner-backed signature can validate for sibling smart accounts with matching state,Replay protection is scoped more narrowly than the signed authorization domain: per-wallet nonce state but signed digest omits the ERC-1271 account address.,No dedicated replay finding expected; an unrelated external-call/reentrancy-style warning may appear when state writes follow verification.,FIND replay vulnerability,historically-inspired,Alchemy 2023 ERC-1271 cross-smart-account replay disclosure inspired; independently minimized.,bd9470fc225eff19ba62
V4_016,src/vulnerable/V4_016_StakingExitMultiDomainModuleNamespace16.sol,StakingExitMultiDomainModuleNamespace16,vulnerable,4_same_authorization_reused_across_paths_or_domains,Cross-path/domain replay (module_namespace),Staking Exit,two-level internal verification wrapper,"used state namespaced by moduleId, but moduleId is omitted from signed digest",same authorization is accepted once in each moduleId domain,"Replay protection is scoped more narrowly than the signed authorization domain: used state namespaced by moduleId, but moduleId is omitted from signed digest.",No dedicated replay finding expected; generic ecrecover-related output may occur in the shared helper but does not classify replay.,FIND replay vulnerability,synthetic,Synthetic cross-path/domain replay fixture.,1c835b5242a9f0207caf
V4_017,src/vulnerable/V4_017_LiquidationMultiDomainMarketNamespace17.sol,LiquidationMultiDomainMarketNamespace17,vulnerable,4_same_authorization_reused_across_paths_or_domains,Cross-path/domain replay (market_namespace),Liquidation Authorization,external verifier interface,"used state namespaced by marketId, but marketId is omitted from signed digest",same authorization is accepted once in each marketId domain,"Replay protection is scoped more narrowly than the signed authorization domain: used state namespaced by marketId, but marketId is omitted from signed digest.",No dedicated replay finding expected; an unrelated external-call/reentrancy-style warning may appear when state writes follow verification.,FIND replay vulnerability,synthetic,Synthetic cross-path/domain replay fixture.,a2fed96224258f9ece0f
V4_018,src/vulnerable/V4_018_LoanDrawMultiDomainSeasonNamespace18.sol,LoanDrawMultiDomainSeasonNamespace18,vulnerable,4_same_authorization_reused_across_paths_or_domains,Cross-path/domain replay (season_namespace),Loan Draw,ERC-1271 isValidSignature,"used state namespaced by seasonId, but seasonId is omitted from signed digest",same authorization is accepted once in each seasonId domain,"Replay protection is scoped more narrowly than the signed authorization domain: used state namespaced by seasonId, but seasonId is omitted from signed digest.",No dedicated replay finding expected; an unrelated external-call/reentrancy-style warning may appear when state writes follow verification.,FIND replay vulnerability,synthetic,Synthetic cross-path/domain replay fixture.,6b4a477e8b6c7754c5d0
V4_019,src/vulnerable/V4_019_SwapQuoteMultiDomainBridgeDomain19.sol,SwapQuoteMultiDomainBridgeDomain19,vulnerable,4_same_authorization_reused_across_paths_or_domains,Cross-path/domain replay (bridge_domain),Signed Swap Quote,SignatureChecker-style EOA/ERC-1271 abstraction,processed-message state is source-chain-specific but sourceChainId is not authenticated,the same signed message can be replayed under another source-chain namespace,Replay protection is scoped more narrowly than the signed authorization domain: processed-message state is source-chain-specific but sourceChainId is not authenticated.,No dedicated replay finding expected; findings may point only to helper-library ecrecover/external-call code rather than replay semantics.,FIND replay vulnerability,standards-inspired,EIP-712/ERC-2612 domain-separation replay considerations inspired; independently minimized.,2a3a48dda20831d2b6b6
V4_020,src/vulnerable/V4_020_GovernanceMultiDomainBatchSubset20.sol,GovernanceMultiDomainBatchSubset20,vulnerable,4_same_authorization_reused_across_paths_or_domains,Cross-path/domain replay (batch_subset),Governance Execution,inherited verification helper,"signature commits only to an individual call, not the containing execution payload, and paths use separate replay state",a call signature can be extracted/reused in a different execution path or partial batch,"Replay protection is scoped more narrowly than the signed authorization domain: signature commits only to an individual call, not the containing execution payload, and paths use separate replay state.",No dedicated replay finding expected; generic ecrecover-related output may occur in the shared helper but does not classify replay.,FIND replay vulnerability,historically-inspired,Sequence 2025 partial session signature replay class inspired; independently minimized.,6798ef2fc3045ccc859d
V4_021,src/vulnerable/V4_021_PermitLikeMultiDomainCrossFunction21.sol,PermitLikeMultiDomainCrossFunction21,vulnerable,4_same_authorization_reused_across_paths_or_domains,Cross-path/domain replay (cross_function),Permit-like Approval,builtin ecrecover,separate per-function replay registries,same digest accepted by two functions with independent one-time state,Replay protection is scoped more narrowly than the signed authorization domain: separate per-function replay registries.,No dedicated replay finding expected; stock Aderyn may emit its generic low-severity ecrecover/signature-malleability warning.,FIND replay vulnerability,synthetic,Synthetic cross-path/domain replay fixture.,c64656a5b79abf3ae093
V4_022,src/vulnerable/V4_022_MetaTxMultiDomainCrossPurpose22.sol,MetaTxMultiDomainCrossPurpose22,vulnerable,4_same_authorization_reused_across_paths_or_domains,Cross-path/domain replay (cross_purpose),Meta Transaction,self-contained ECDSA.recover-style library,purpose/function tag omitted and independent execute/cancel registries,one signature is valid for two logically distinct purposes,Replay protection is scoped more narrowly than the signed authorization domain: purpose/function tag omitted and independent execute/cancel registries.,No dedicated replay finding expected; generic ecrecover-related output may occur in the shared helper but does not classify replay.,FIND replay vulnerability,synthetic,Synthetic cross-path/domain replay fixture.,362b3cb68f9091b603dd
V4_023,src/vulnerable/V4_023_DelegatedTransferMultiDomainCrossContract23.sol,DelegatedTransferMultiDomainCrossContract23,vulnerable,4_same_authorization_reused_across_paths_or_domains,Cross-path/domain replay (cross_contract),Delegated Transfer,self-contained ECDSA.tryRecover-style library,per-contract used state but digest omits address(this),signature can be consumed once on each sibling deployment sharing the signer,Replay protection is scoped more narrowly than the signed authorization domain: per-contract used state but digest omits address(this).,No dedicated replay finding expected; generic ecrecover-related output may occur in the shared helper but does not classify replay.,FIND replay vulnerability,standards-inspired,EIP-712/ERC-2612 domain-separation replay considerations inspired; independently minimized.,bf32cf2a1d95070e7c28
V4_024,src/vulnerable/V4_024_KeeperMultiDomainCrossChain24.sol,KeeperMultiDomainCrossChain24,vulnerable,4_same_authorization_reused_across_paths_or_domains,Cross-path/domain replay (cross_chain),Keeper Authorization,internal signature-verification wrapper,per-chain nonce state but digest omits block.chainid,matching nonce state on another chain accepts the same signature,Replay protection is scoped more narrowly than the signed authorization domain: per-chain nonce state but digest omits block.chainid.,No dedicated replay finding expected; generic ecrecover-related output may occur in the shared helper but does not classify replay.,FIND replay vulnerability,standards-inspired,EIP-712/ERC-2612 domain-separation replay considerations inspired; independently minimized.,45bf1308959d9e88e105
V4_025,src/vulnerable/V4_025_CollateralMultiDomainCrossWallet25.sol,CollateralMultiDomainCrossWallet25,vulnerable,4_same_authorization_reused_across_paths_or_domains,Cross-path/domain replay (cross_wallet),Collateral Withdrawal,ERC-1271 isValidSignature,per-wallet nonce state but signed digest omits the ERC-1271 account address,same owner-backed signature can validate for sibling smart accounts with matching state,Replay protection is scoped more narrowly than the signed authorization domain: per-wallet nonce state but signed digest omits the ERC-1271 account address.,No dedicated replay finding expected; an unrelated external-call/reentrancy-style warning may appear when state writes follow verification.,FIND replay vulnerability,historically-inspired,Alchemy 2023 ERC-1271 cross-smart-account replay disclosure inspired; independently minimized.,9a45480170675cca2a85
V4_026,src/vulnerable/V4_026_RfqMultiDomainModuleNamespace26.sol,RfqMultiDomainModuleNamespace26,vulnerable,4_same_authorization_reused_across_paths_or_domains,Cross-path/domain replay (module_namespace),RFQ Trade,external verifier interface,"used state namespaced by moduleId, but moduleId is omitted from signed digest",same authorization is accepted once in each moduleId domain,"Replay protection is scoped more narrowly than the signed authorization domain: used state namespaced by moduleId, but moduleId is omitted from signed digest.",No dedicated replay finding expected; an unrelated external-call/reentrancy-style warning may appear when state writes follow verification.,FIND replay vulnerability,synthetic,Synthetic cross-path/domain replay fixture.,a3ce85a59da27f70aa1b
V4_027,src/vulnerable/V4_027_VaultHarvestMultiDomainMarketNamespace27.sol,VaultHarvestMultiDomainMarketNamespace27,vulnerable,4_same_authorization_reused_across_paths_or_domains,Cross-path/domain replay (market_namespace),Vault Harvest,ERC-1271 isValidSignature,"used state namespaced by marketId, but marketId is omitted from signed digest",same authorization is accepted once in each marketId domain,"Replay protection is scoped more narrowly than the signed authorization domain: used state namespaced by marketId, but marketId is omitted from signed digest.",No dedicated replay finding expected; an unrelated external-call/reentrancy-style warning may appear when state writes follow verification.,FIND replay vulnerability,synthetic,Synthetic cross-path/domain replay fixture.,bbb6d50fdaaa89ad820c
V4_028,src/vulnerable/V4_028_BondRedeemMultiDomainSeasonNamespace28.sol,BondRedeemMultiDomainSeasonNamespace28,vulnerable,4_same_authorization_reused_across_paths_or_domains,Cross-path/domain replay (season_namespace),Bond Redemption,SignatureChecker-style EOA/ERC-1271 abstraction,"used state namespaced by seasonId, but seasonId is omitted from signed digest",same authorization is accepted once in each seasonId domain,"Replay protection is scoped more narrowly than the signed authorization domain: used state namespaced by seasonId, but seasonId is omitted from signed digest.",No dedicated replay finding expected; findings may point only to helper-library ecrecover/external-call code rather than replay semantics.,FIND replay vulnerability,synthetic,Synthetic cross-path/domain replay fixture.,4678d2f90bab1bebc485
V4_029,src/vulnerable/V4_029_AffiliateMultiDomainBridgeDomain29.sol,AffiliateMultiDomainBridgeDomain29,vulnerable,4_same_authorization_reused_across_paths_or_domains,Cross-path/domain replay (bridge_domain),Affiliate Credit,inherited verification helper,processed-message state is source-chain-specific but sourceChainId is not authenticated,the same signed message can be replayed under another source-chain namespace,Replay protection is scoped more narrowly than the signed authorization domain: processed-message state is source-chain-specific but sourceChainId is not authenticated.,No dedicated replay finding expected; generic ecrecover-related output may occur in the shared helper but does not classify replay.,FIND replay vulnerability,standards-inspired,EIP-712/ERC-2612 domain-separation replay considerations inspired; independently minimized.,890c7474f246c7a43b3a
V4_030,src/vulnerable/V4_030_FeeWithdrawMultiDomainBatchSubset30.sol,FeeWithdrawMultiDomainBatchSubset30,vulnerable,4_same_authorization_reused_across_paths_or_domains,Cross-path/domain replay (batch_subset),Fee Withdrawal,builtin ecrecover,"signature commits only to an individual call, not the containing execution payload, and paths use separate replay state",a call signature can be extracted/reused in a different execution path or partial batch,"Replay protection is scoped more narrowly than the signed authorization domain: signature commits only to an individual call, not the containing execution payload, and paths use separate replay state.",No dedicated replay finding expected; stock Aderyn may emit its generic low-severity ecrecover/signature-malleability warning.,FIND replay vulnerability,historically-inspired,Sequence 2025 partial session signature replay class inspired; independently minimized.,bf25babe1b6b13b56cf8
V4_031,src/vulnerable/V4_031_RescueMultiDomainCrossFunction31.sol,RescueMultiDomainCrossFunction31,vulnerable,4_same_authorization_reused_across_paths_or_domains,Cross-path/domain replay (cross_function),Token Rescue,self-contained ECDSA.recover-style library,separate per-function replay registries,same digest accepted by two functions with independent one-time state,Replay protection is scoped more narrowly than the signed authorization domain: separate per-function replay registries.,No dedicated replay finding expected; generic ecrecover-related output may occur in the shared helper but does not classify replay.,FIND replay vulnerability,synthetic,Synthetic cross-path/domain replay fixture.,edd6d0e566909702006c
V4_032,src/vulnerable/V4_032_UpgradeMultiDomainCrossPurpose32.sol,UpgradeMultiDomainCrossPurpose32,vulnerable,4_same_authorization_reused_across_paths_or_domains,Cross-path/domain replay (cross_purpose),Upgrade Authorization,self-contained ECDSA.tryRecover-style library,purpose/function tag omitted and independent execute/cancel registries,one signature is valid for two logically distinct purposes,Replay protection is scoped more narrowly than the signed authorization domain: purpose/function tag omitted and independent execute/cancel registries.,No dedicated replay finding expected; generic ecrecover-related output may occur in the shared helper but does not classify replay.,FIND replay vulnerability,synthetic,Synthetic cross-path/domain replay fixture.,d763f44e5e72aca7c934
V4_033,src/vulnerable/V4_033_ValidatorExitMultiDomainCrossContract33.sol,ValidatorExitMultiDomainCrossContract33,vulnerable,4_same_authorization_reused_across_paths_or_domains,Cross-path/domain replay (cross_contract),Validator Exit,internal signature-verification wrapper,per-contract used state but digest omits address(this),signature can be consumed once on each sibling deployment sharing the signer,Replay protection is scoped more narrowly than the signed authorization domain: per-contract used state but digest omits address(this).,No dedicated replay finding expected; generic ecrecover-related output may occur in the shared helper but does not classify replay.,FIND replay vulnerability,standards-inspired,EIP-712/ERC-2612 domain-separation replay considerations inspired; independently minimized.,1354a8f6cf19fbd98bb5
V4_034,src/vulnerable/V4_034_BridgeMintMultiDomainCrossChain34.sol,BridgeMintMultiDomainCrossChain34,vulnerable,4_same_authorization_reused_across_paths_or_domains,Cross-path/domain replay (cross_chain),Bridge Mint,two-level internal verification wrapper,per-chain nonce state but digest omits block.chainid,matching nonce state on another chain accepts the same signature,Replay protection is scoped more narrowly than the signed authorization domain: per-chain nonce state but digest omits block.chainid.,No dedicated replay finding expected; generic ecrecover-related output may occur in the shared helper but does not classify replay.,FIND replay vulnerability,standards-inspired,EIP-712/ERC-2612 domain-separation replay considerations inspired; independently minimized.,a5e804fd750b52cf0883
V4_035,src/vulnerable/V4_035_AccountRecoveryMultiDomainCrossWallet35.sol,AccountRecoveryMultiDomainCrossWallet35,vulnerable,4_same_authorization_reused_across_paths_or_domains,Cross-path/domain replay (cross_wallet),Account Recovery,ERC-1271 isValidSignature,per-wallet nonce state but signed digest omits the ERC-1271 account address,same owner-backed signature can validate for sibling smart accounts with matching state,Replay protection is scoped more narrowly than the signed authorization domain: per-wallet nonce state but signed digest omits the ERC-1271 account address.,No dedicated replay finding expected; an unrelated external-call/reentrancy-style warning may appear when state writes follow verification.,FIND replay vulnerability,historically-inspired,Alchemy 2023 ERC-1271 cross-smart-account replay disclosure inspired; independently minimized.,ab5febfd289c8dbdc618
V4_036,src/vulnerable/V4_036_RoyaltyMultiDomainModuleNamespace36.sol,RoyaltyMultiDomainModuleNamespace36,vulnerable,4_same_authorization_reused_across_paths_or_domains,Cross-path/domain replay (module_namespace),Royalty Claim,ERC-1271 isValidSignature,"used state namespaced by moduleId, but moduleId is omitted from signed digest",same authorization is accepted once in each moduleId domain,"Replay protection is scoped more narrowly than the signed authorization domain: used state namespaced by moduleId, but moduleId is omitted from signed digest.",No dedicated replay finding expected; an unrelated external-call/reentrancy-style warning may appear when state writes follow verification.,FIND replay vulnerability,synthetic,Synthetic cross-path/domain replay fixture.,d859d6bf32f1292b7552
V4_037,src/vulnerable/V4_037_BatchPaymentMultiDomainMarketNamespace37.sol,BatchPaymentMultiDomainMarketNamespace37,vulnerable,4_same_authorization_reused_across_paths_or_domains,Cross-path/domain replay (market_namespace),Batch Payment,SignatureChecker-style EOA/ERC-1271 abstraction,"used state namespaced by marketId, but marketId is omitted from signed digest",same authorization is accepted once in each marketId domain,"Replay protection is scoped more narrowly than the signed authorization domain: used state namespaced by marketId, but marketId is omitted from signed digest.",No dedicated replay finding expected; findings may point only to helper-library ecrecover/external-call code rather than replay semantics.,FIND replay vulnerability,synthetic,Synthetic cross-path/domain replay fixture.,361bdf1c15e79b26aeb5
V4_038,src/vulnerable/V4_038_RefundMultiDomainSeasonNamespace38.sol,RefundMultiDomainSeasonNamespace38,vulnerable,4_same_authorization_reused_across_paths_or_domains,Cross-path/domain replay (season_namespace),Fee Refund,inherited verification helper,"used state namespaced by seasonId, but seasonId is omitted from signed digest",same authorization is accepted once in each seasonId domain,"Replay protection is scoped more narrowly than the signed authorization domain: used state namespaced by seasonId, but seasonId is omitted from signed digest.",No dedicated replay finding expected; generic ecrecover-related output may occur in the shared helper but does not classify replay.,FIND replay vulnerability,synthetic,Synthetic cross-path/domain replay fixture.,f82e968bacd8842ac66e
V4_039,src/vulnerable/V4_039_TicketMultiDomainBridgeDomain39.sol,TicketMultiDomainBridgeDomain39,vulnerable,4_same_authorization_reused_across_paths_or_domains,Cross-path/domain replay (bridge_domain),Claim Ticket,builtin ecrecover,processed-message state is source-chain-specific but sourceChainId is not authenticated,the same signed message can be replayed under another source-chain namespace,Replay protection is scoped more narrowly than the signed authorization domain: processed-message state is source-chain-specific but sourceChainId is not authenticated.,No dedicated replay finding expected; stock Aderyn may emit its generic low-severity ecrecover/signature-malleability warning.,FIND replay vulnerability,standards-inspired,EIP-712/ERC-2612 domain-separation replay considerations inspired; independently minimized.,f98587bf86d9d7732c8b
V4_040,src/vulnerable/V4_040_GaslessTransferMultiDomainBatchSubset40.sol,GaslessTransferMultiDomainBatchSubset40,vulnerable,4_same_authorization_reused_across_paths_or_domains,Cross-path/domain replay (batch_subset),Gasless Transfer,self-contained ECDSA.recover-style library,"signature commits only to an individual call, not the containing execution payload, and paths use separate replay state",a call signature can be extracted/reused in a different execution path or partial batch,"Replay protection is scoped more narrowly than the signed authorization domain: signature commits only to an individual call, not the containing execution payload, and paths use separate replay state.",No dedicated replay finding expected; generic ecrecover-related output may occur in the shared helper but does not classify replay.,FIND replay vulnerability,historically-inspired,Sequence 2025 partial session signature replay class inspired; independently minimized.,25bba0c685fe8abdfe3b
S1_001,src/safe/S1_001_GaslessTransferSafePrincipalNonce01.sol,GaslessTransferSafePrincipalNonce01,safe,safe_correct_nonce_consumption,Safe control: authenticated per-principal nonce is checked and advanced,Gasless Transfer,builtin ecrecover,signed nonce equals persistent per-principal nonce and is advanced exactly once,nonce read/check -> signature verification -> nonce write -> effect,The old signed nonce no longer matches persistent state after the first successful execution.,No dedicated replay finding expected; stock Aderyn may emit its generic low-severity ecrecover/signature-malleability warning.,NO replay finding,synthetic,Synthetic safe control.,50218788cfe7d2712ee4
S1_002,src/safe/S1_002_RewardClaimSafePrincipalNonce02.sol,RewardClaimSafePrincipalNonce02,safe,safe_correct_nonce_consumption,Safe control: authenticated per-principal nonce is checked and advanced,Reward Claim,self-contained ECDSA.recover-style library,signed nonce equals persistent per-principal nonce and is advanced exactly once,nonce read/check -> signature verification -> nonce write -> effect,The old signed nonce no longer matches persistent state after the first successful execution.,No dedicated replay finding expected; generic ecrecover-related output may occur in the shared helper but does not classify replay.,NO replay finding,synthetic,Synthetic safe control.,1342492aaba2a915331b
S1_003,src/safe/S1_003_OrderFillSafePrincipalNonce03.sol,OrderFillSafePrincipalNonce03,safe,safe_correct_nonce_consumption,Safe control: authenticated per-principal nonce is checked and advanced,Signed Order Fill,self-contained ECDSA.tryRecover-style library,signed nonce equals persistent per-principal nonce and is advanced exactly once,nonce read/check -> signature verification -> nonce write -> effect,The old signed nonce no longer matches persistent state after the first successful execution.,No dedicated replay finding expected; generic ecrecover-related output may occur in the shared helper but does not classify replay.,NO replay finding,synthetic,Synthetic safe control.,2924df0d542417fbff19
S1_004,src/safe/S1_004_AdminGrantSafePrincipalNonce04.sol,AdminGrantSafePrincipalNonce04,safe,safe_correct_nonce_consumption,Safe control: authenticated per-principal nonce is checked and advanced,Admin Grant,internal signature-verification wrapper,signed nonce equals persistent per-principal nonce and is advanced exactly once,nonce read/check -> signature verification -> nonce write -> effect,The old signed nonce no longer matches persistent state after the first successful execution.,No dedicated replay finding expected; generic ecrecover-related output may occur in the shared helper but does not classify replay.,NO replay finding,synthetic,Synthetic safe control.,f1ff280dcade7836a36e
S1_005,src/safe/S1_005_SubscriptionSafePrincipalNonce05.sol,SubscriptionSafePrincipalNonce05,safe,safe_correct_nonce_consumption,Safe control: authenticated per-principal nonce is checked and advanced,Subscription Charge,two-level internal verification wrapper,signed nonce equals persistent per-principal nonce and is advanced exactly once,nonce read/check -> signature verification -> nonce write -> effect,The old signed nonce no longer matches persistent state after the first successful execution.,No dedicated replay finding expected; generic ecrecover-related output may occur in the shared helper but does not classify replay.,NO replay finding,synthetic,Synthetic safe control.,6d3c9eaf2ee120c7f9d2
S1_006,src/safe/S1_006_AirdropSafePrincipalNonce06.sol,AirdropSafePrincipalNonce06,safe,safe_correct_nonce_consumption,Safe control: authenticated per-principal nonce is checked and advanced,Airdrop Claim,external verifier interface,signed nonce equals persistent per-principal nonce and is advanced exactly once,nonce read/check -> signature verification -> nonce write -> effect,The old signed nonce no longer matches persistent state after the first successful execution.,No dedicated replay finding expected; an unrelated external-call/reentrancy-style warning may appear when state writes follow verification.,NO replay finding,synthetic,Synthetic safe control.,b7b5bc89394bb40d002d
S1_007,src/safe/S1_007_ListingSafePrincipalNonce07.sol,ListingSafePrincipalNonce07,safe,safe_correct_nonce_consumption,Safe control: authenticated per-principal nonce is checked and advanced,Marketplace Listing Acceptance,ERC-1271 isValidSignature,signed nonce equals persistent per-principal nonce and is advanced exactly once,nonce read/check -> signature verification -> nonce write -> effect,The old signed nonce no longer matches persistent state after the first successful execution.,No dedicated replay finding expected; an unrelated external-call/reentrancy-style warning may appear when state writes follow verification.,NO replay finding,synthetic,Synthetic safe control.,4d52bad871cc8ee64fcf
S1_008,src/safe/S1_008_LoanDrawSafePrincipalNonce08.sol,LoanDrawSafePrincipalNonce08,safe,safe_correct_nonce_consumption,Safe control: authenticated per-principal nonce is checked and advanced,Loan Draw,SignatureChecker-style EOA/ERC-1271 abstraction,signed nonce equals persistent per-principal nonce and is advanced exactly once,nonce read/check -> signature verification -> nonce write -> effect,The old signed nonce no longer matches persistent state after the first successful execution.,No dedicated replay finding expected; findings may point only to helper-library ecrecover/external-call code rather than replay semantics.,NO replay finding,synthetic,Synthetic safe control.,71e13d3eff075983fa74
S1_009,src/safe/S1_009_PermitLikeSafePrincipalNonce09.sol,PermitLikeSafePrincipalNonce09,safe,safe_correct_nonce_consumption,Safe control: authenticated per-principal nonce is checked and advanced,Permit-like Approval,inherited verification helper,signed nonce equals persistent per-principal nonce and is advanced exactly once,nonce read/check -> signature verification -> nonce write -> effect,The old signed nonce no longer matches persistent state after the first successful execution.,No dedicated replay finding expected; generic ecrecover-related output may occur in the shared helper but does not classify replay.,NO replay finding,standards-inspired,ERC-2612/meta-transaction nonce semantics inspired.,421b7234daaaacdf9bef
S1_010,src/safe/S1_010_KeeperSafePrincipalNonce10.sol,KeeperSafePrincipalNonce10,safe,safe_correct_nonce_consumption,Safe control: authenticated per-principal nonce is checked and advanced,Keeper Authorization,builtin ecrecover,signed nonce equals persistent per-principal nonce and is advanced exactly once,nonce read/check -> signature verification -> nonce write -> effect,The old signed nonce no longer matches persistent state after the first successful execution.,No dedicated replay finding expected; stock Aderyn may emit its generic low-severity ecrecover/signature-malleability warning.,NO replay finding,synthetic,Synthetic safe control.,d4a14a41568d1d29b302
S1_011,src/safe/S1_011_VaultHarvestSafePrincipalNonce11.sol,VaultHarvestSafePrincipalNonce11,safe,safe_correct_nonce_consumption,Safe control: authenticated per-principal nonce is checked and advanced,Vault Harvest,self-contained ECDSA.recover-style library,signed nonce equals persistent per-principal nonce and is advanced exactly once,nonce read/check -> signature verification -> nonce write -> effect,The old signed nonce no longer matches persistent state after the first successful execution.,No dedicated replay finding expected; generic ecrecover-related output may occur in the shared helper but does not classify replay.,NO replay finding,synthetic,Synthetic safe control.,7d818a4c255779dd7612
S1_012,src/safe/S1_012_FeeWithdrawSafePrincipalNonce12.sol,FeeWithdrawSafePrincipalNonce12,safe,safe_correct_nonce_consumption,Safe control: authenticated per-principal nonce is checked and advanced,Fee Withdrawal,self-contained ECDSA.tryRecover-style library,signed nonce equals persistent per-principal nonce and is advanced exactly once,nonce read/check -> signature verification -> nonce write -> effect,The old signed nonce no longer matches persistent state after the first successful execution.,No dedicated replay finding expected; generic ecrecover-related output may occur in the shared helper but does not classify replay.,NO replay finding,synthetic,Synthetic safe control.,15c277ea83a8cc6e767e
S2_001,src/safe/S2_001_WithdrawalSafeAuthorizationId01.sol,WithdrawalSafeAuthorizationId01,safe,safe_one_time_authorization_state,Safe control: signed authorization ID is persisted as consumed,Signed Withdrawal,self-contained ECDSA.tryRecover-style library,"same authorizationId is authenticated, checked, and permanently marked used",authorization-state read -> verify -> matching state write -> effect,A second submission fails the same storage guard that was changed by the first execution.,No dedicated replay finding expected; generic ecrecover-related output may occur in the shared helper but does not classify replay.,NO replay finding,synthetic,Synthetic regression case,27d44fc6b1c73f01f60e
S2_002,src/safe/S2_002_BridgeReleaseSafeAuthorizationId02.sol,BridgeReleaseSafeAuthorizationId02,safe,safe_one_time_authorization_state,Safe control: signed authorization ID is persisted as consumed,Bridge Release,internal signature-verification wrapper,"same authorizationId is authenticated, checked, and permanently marked used",authorization-state read -> verify -> matching state write -> effect,A second submission fails the same storage guard that was changed by the first execution.,No dedicated replay finding expected; generic ecrecover-related output may occur in the shared helper but does not classify replay.,NO replay finding,synthetic,Synthetic regression case,7334b529846f67bbd268
S2_003,src/safe/S2_003_EscrowReleaseSafeAuthorizationId03.sol,EscrowReleaseSafeAuthorizationId03,safe,safe_one_time_authorization_state,Safe control: signed authorization ID is persisted as consumed,Escrow Release,two-level internal verification wrapper,"same authorizationId is authenticated, checked, and permanently marked used",authorization-state read -> verify -> matching state write -> effect,A second submission fails the same storage guard that was changed by the first execution.,No dedicated replay finding expected; generic ecrecover-related output may occur in the shared helper but does not classify replay.,NO replay finding,synthetic,Synthetic regression case,458ffa5c9af3871b2e25
S2_004,src/safe/S2_004_FeeRebateSafeAuthorizationId04.sol,FeeRebateSafeAuthorizationId04,safe,safe_one_time_authorization_state,Safe control: signed authorization ID is persisted as consumed,Fee Rebate,external verifier interface,"same authorizationId is authenticated, checked, and permanently marked used",authorization-state read -> verify -> matching state write -> effect,A second submission fails the same storage guard that was changed by the first execution.,No dedicated replay finding expected; an unrelated external-call/reentrancy-style warning may appear when state writes follow verification.,NO replay finding,synthetic,Synthetic regression case,79e44f51067685e1e527
S2_005,src/safe/S2_005_SessionSpendSafeAuthorizationId05.sol,SessionSpendSafeAuthorizationId05,safe,safe_one_time_authorization_state,Safe control: signed authorization ID is persisted as consumed,Session Spend,ERC-1271 isValidSignature,"same authorizationId is authenticated, checked, and permanently marked used",authorization-state read -> verify -> matching state write -> effect,A second submission fails the same storage guard that was changed by the first execution.,No dedicated replay finding expected; an unrelated external-call/reentrancy-style warning may appear when state writes follow verification.,NO replay finding,synthetic,Synthetic regression case,77b3d53430d23b00315e
S2_006,src/safe/S2_006_TreasurySafeAuthorizationId06.sol,TreasurySafeAuthorizationId06,safe,safe_one_time_authorization_state,Safe control: signed authorization ID is persisted as consumed,Treasury Payment,SignatureChecker-style EOA/ERC-1271 abstraction,"same authorizationId is authenticated, checked, and permanently marked used",authorization-state read -> verify -> matching state write -> effect,A second submission fails the same storage guard that was changed by the first execution.,No dedicated replay finding expected; findings may point only to helper-library ecrecover/external-call code rather than replay semantics.,NO replay finding,synthetic,Synthetic regression case,adbb58fc09c83054212a
S2_007,src/safe/S2_007_StakingExitSafeAuthorizationId07.sol,StakingExitSafeAuthorizationId07,safe,safe_one_time_authorization_state,Safe control: signed authorization ID is persisted as consumed,Staking Exit,inherited verification helper,"same authorizationId is authenticated, checked, and permanently marked used",authorization-state read -> verify -> matching state write -> effect,A second submission fails the same storage guard that was changed by the first execution.,No dedicated replay finding expected; generic ecrecover-related output may occur in the shared helper but does not classify replay.,NO replay finding,synthetic,Synthetic regression case,c0ae2ea1eacb9b465a3c
S2_008,src/safe/S2_008_SwapQuoteSafeAuthorizationId08.sol,SwapQuoteSafeAuthorizationId08,safe,safe_one_time_authorization_state,Safe control: signed authorization ID is persisted as consumed,Signed Swap Quote,builtin ecrecover,"same authorizationId is authenticated, checked, and permanently marked used",authorization-state read -> verify -> matching state write -> effect,A second submission fails the same storage guard that was changed by the first execution.,No dedicated replay finding expected; stock Aderyn may emit its generic low-severity ecrecover/signature-malleability warning.,NO replay finding,synthetic,Synthetic regression case,d3e4c331e6ba4221a478
S2_009,src/safe/S2_009_MetaTxSafeAuthorizationId09.sol,MetaTxSafeAuthorizationId09,safe,safe_one_time_authorization_state,Safe control: signed authorization ID is persisted as consumed,Meta Transaction,self-contained ECDSA.recover-style library,"same authorizationId is authenticated, checked, and permanently marked used",authorization-state read -> verify -> matching state write -> effect,A second submission fails the same storage guard that was changed by the first execution.,No dedicated replay finding expected; generic ecrecover-related output may occur in the shared helper but does not classify replay.,NO replay finding,synthetic,Synthetic regression case,96843db417ec124d9fac
S2_010,src/safe/S2_010_CollateralSafeAuthorizationId10.sol,CollateralSafeAuthorizationId10,safe,safe_one_time_authorization_state,Safe control: signed authorization ID is persisted as consumed,Collateral Withdrawal,self-contained ECDSA.tryRecover-style library,"same authorizationId is authenticated, checked, and permanently marked used",authorization-state read -> verify -> matching state write -> effect,A second submission fails the same storage guard that was changed by the first execution.,No dedicated replay finding expected; generic ecrecover-related output may occur in the shared helper but does not classify replay.,NO replay finding,synthetic,Synthetic regression case,5cbbdef0fc272c55e933
S2_011,src/safe/S2_011_BondRedeemSafeAuthorizationId11.sol,BondRedeemSafeAuthorizationId11,safe,safe_one_time_authorization_state,Safe control: signed authorization ID is persisted as consumed,Bond Redemption,internal signature-verification wrapper,"same authorizationId is authenticated, checked, and permanently marked used",authorization-state read -> verify -> matching state write -> effect,A second submission fails the same storage guard that was changed by the first execution.,No dedicated replay finding expected; generic ecrecover-related output may occur in the shared helper but does not classify replay.,NO replay finding,synthetic,Synthetic regression case,d96ab55cedd607074ef8
S2_012,src/safe/S2_012_RescueSafeAuthorizationId12.sol,RescueSafeAuthorizationId12,safe,safe_one_time_authorization_state,Safe control: signed authorization ID is persisted as consumed,Token Rescue,two-level internal verification wrapper,"same authorizationId is authenticated, checked, and permanently marked used",authorization-state read -> verify -> matching state write -> effect,A second submission fails the same storage guard that was changed by the first execution.,No dedicated replay finding expected; generic ecrecover-related output may occur in the shared helper but does not classify replay.,NO replay finding,synthetic,Synthetic regression case,e57f0e29828122e9b14a
S3_001,src/safe/S3_001_VoucherMintSafeDomainContract01.sol,VoucherMintSafeDomainContract01,safe,safe_domain_bound_one_time_authorization,Safe control: verifying contract address is signed,Voucher Mint,two-level internal verification wrapper,verifying contract address is signed and one-time state is consumed,domain-bound digest plus persistent replay state,The signature is scoped to the intended domain and the authorization cannot execute twice in that domain.,No dedicated replay finding expected; generic ecrecover-related output may occur in the shared helper but does not classify replay.,NO replay finding,standards-inspired,EIP-712/ERC-2612 domain-separation principles inspired.,a03fc49b00aec234616f
S3_002,src/safe/S3_002_DelegatedVoteSafeDomainChain02.sol,DelegatedVoteSafeDomainChain02,safe,safe_domain_bound_one_time_authorization,Safe control: chain ID is signed,Delegated Vote,external verifier interface,chain ID is signed and one-time state is consumed,domain-bound digest plus persistent replay state,The signature is scoped to the intended domain and the authorization cannot execute twice in that domain.,No dedicated replay finding expected; an unrelated external-call/reentrancy-style warning may appear when state writes follow verification.,NO replay finding,standards-inspired,EIP-712/ERC-2612 domain-separation principles inspired.,8f374534039899b84ed1
S3_003,src/safe/S3_003_BurnSafeDomainContractChain03.sol,BurnSafeDomainContractChain03,safe,safe_domain_bound_one_time_authorization,Safe control: contract and chain are both bound,Signed Burn,ERC-1271 isValidSignature,contract and chain are both bound and one-time state is consumed,domain-bound digest plus persistent replay state,The signature is scoped to the intended domain and the authorization cannot execute twice in that domain.,No dedicated replay finding expected; an unrelated external-call/reentrancy-style warning may appear when state writes follow verification.,NO replay finding,standards-inspired,EIP-712/ERC-2612 domain-separation principles inspired.,a5aac3e55024ee13933c
S3_004,src/safe/S3_004_ReferralPayoutSafeDomainPurpose04.sol,ReferralPayoutSafeDomainPurpose04,safe,safe_domain_bound_one_time_authorization,Safe control: operation purpose tag is signed,Referral Payout,SignatureChecker-style EOA/ERC-1271 abstraction,operation purpose tag is signed and one-time state is consumed,domain-bound digest plus persistent replay state,The signature is scoped to the intended domain and the authorization cannot execute twice in that domain.,No dedicated replay finding expected; findings may point only to helper-library ecrecover/external-call code rather than replay semantics.,NO replay finding,standards-inspired,EIP-712/ERC-2612 domain-separation principles inspired.,f2eb8bf44092217dadb8
S3_005,src/safe/S3_005_OracleUpdateSafeDomainVersion05.sol,OracleUpdateSafeDomainVersion05,safe,safe_domain_bound_one_time_authorization,Safe control: protocol version is signed,Signed Oracle Update,inherited verification helper,protocol version is signed and one-time state is consumed,domain-bound digest plus persistent replay state,The signature is scoped to the intended domain and the authorization cannot execute twice in that domain.,No dedicated replay finding expected; generic ecrecover-related output may occur in the shared helper but does not classify replay.,NO replay finding,standards-inspired,EIP-712/ERC-2612 domain-separation principles inspired.,64927c5753b9ed5f5888
S3_006,src/safe/S3_006_CouponSafeDomainSalt06.sol,CouponSafeDomainSalt06,safe,safe_domain_bound_one_time_authorization,Safe control: deployment/domain salt is signed,Coupon Redemption,builtin ecrecover,deployment/domain salt is signed and one-time state is consumed,domain-bound digest plus persistent replay state,The signature is scoped to the intended domain and the authorization cannot execute twice in that domain.,No dedicated replay finding expected; stock Aderyn may emit its generic low-severity ecrecover/signature-malleability warning.,NO replay finding,standards-inspired,EIP-712/ERC-2612 domain-separation principles inspired.,aaee0a4dcf2043ace546
S3_007,src/safe/S3_007_LiquidationSafeDomainContract07.sol,LiquidationSafeDomainContract07,safe,safe_domain_bound_one_time_authorization,Safe control: verifying contract address is signed,Liquidation Authorization,self-contained ECDSA.recover-style library,verifying contract address is signed and one-time state is consumed,domain-bound digest plus persistent replay state,The signature is scoped to the intended domain and the authorization cannot execute twice in that domain.,No dedicated replay finding expected; generic ecrecover-related output may occur in the shared helper but does not classify replay.,NO replay finding,standards-inspired,EIP-712/ERC-2612 domain-separation principles inspired.,dfa015de963fe69ee93f
S3_008,src/safe/S3_008_GovernanceSafeDomainChain08.sol,GovernanceSafeDomainChain08,safe,safe_domain_bound_one_time_authorization,Safe control: chain ID is signed,Governance Execution,self-contained ECDSA.tryRecover-style library,chain ID is signed and one-time state is consumed,domain-bound digest plus persistent replay state,The signature is scoped to the intended domain and the authorization cannot execute twice in that domain.,No dedicated replay finding expected; generic ecrecover-related output may occur in the shared helper but does not classify replay.,NO replay finding,standards-inspired,EIP-712/ERC-2612 domain-separation principles inspired.,4fbb22cb9086814bc6fc
S3_009,src/safe/S3_009_DelegatedTransferSafeDomainContractChain09.sol,DelegatedTransferSafeDomainContractChain09,safe,safe_domain_bound_one_time_authorization,Safe control: contract and chain are both bound,Delegated Transfer,internal signature-verification wrapper,contract and chain are both bound and one-time state is consumed,domain-bound digest plus persistent replay state,The signature is scoped to the intended domain and the authorization cannot execute twice in that domain.,No dedicated replay finding expected; generic ecrecover-related output may occur in the shared helper but does not classify replay.,NO replay finding,standards-inspired,EIP-712/ERC-2612 domain-separation principles inspired.,f96a49b3b7c589081a07
S3_010,src/safe/S3_010_RfqSafeDomainPurpose10.sol,RfqSafeDomainPurpose10,safe,safe_domain_bound_one_time_authorization,Safe control: operation purpose tag is signed,RFQ Trade,two-level internal verification wrapper,operation purpose tag is signed and one-time state is consumed,domain-bound digest plus persistent replay state,The signature is scoped to the intended domain and the authorization cannot execute twice in that domain.,No dedicated replay finding expected; generic ecrecover-related output may occur in the shared helper but does not classify replay.,NO replay finding,standards-inspired,EIP-712/ERC-2612 domain-separation principles inspired.,c867cf2e696625131e77
S3_011,src/safe/S3_011_AffiliateSafeDomainVersion11.sol,AffiliateSafeDomainVersion11,safe,safe_domain_bound_one_time_authorization,Safe control: protocol version is signed,Affiliate Credit,external verifier interface,protocol version is signed and one-time state is consumed,domain-bound digest plus persistent replay state,The signature is scoped to the intended domain and the authorization cannot execute twice in that domain.,No dedicated replay finding expected; an unrelated external-call/reentrancy-style warning may appear when state writes follow verification.,NO replay finding,standards-inspired,EIP-712/ERC-2612 domain-separation principles inspired.,d389b6f04da577c7dc69
S3_012,src/safe/S3_012_UpgradeSafeDomainSalt12.sol,UpgradeSafeDomainSalt12,safe,safe_domain_bound_one_time_authorization,Safe control: deployment/domain salt is signed,Upgrade Authorization,ERC-1271 isValidSignature,deployment/domain salt is signed and one-time state is consumed,domain-bound digest plus persistent replay state,The signature is scoped to the intended domain and the authorization cannot execute twice in that domain.,No dedicated replay finding expected; an unrelated external-call/reentrancy-style warning may appear when state writes follow verification.,NO replay finding,standards-inspired,EIP-712/ERC-2612 domain-separation principles inspired.,3b946aeea1f73c344e92
S4_001,src/safe/S4_001_EscrowReleaseSafeMultiSharedRegistry01.sol,EscrowReleaseSafeMultiSharedRegistry01,safe,safe_cross_path_domain_binding,Safe multi-path/domain control (shared_registry),Escrow Release,self-contained ECDSA.tryRecover-style library,both entry points consume the same authorization registry,two functions share one replay key/state,The authorization cannot be reused in the alternate path/domain because the signed data and replay state share the same security domain.,No dedicated replay finding expected; generic ecrecover-related output may occur in the shared helper but does not classify replay.,NO replay finding,synthetic,Synthetic safe control.,fe2773971a27188d4105
S4_002,src/safe/S4_002_AdminGrantSafeMultiPurposeTags02.sol,AdminGrantSafeMultiPurposeTags02,safe,safe_cross_path_domain_binding,Safe multi-path/domain control (purpose_tags),Admin Grant,internal signature-verification wrapper,each execution path has an authenticated purpose tag and matching one-time key,two functions cryptographically separated by purpose,The authorization cannot be reused in the alternate path/domain because the signed data and replay state share the same security domain.,No dedicated replay finding expected; generic ecrecover-related output may occur in the shared helper but does not classify replay.,NO replay finding,synthetic,Synthetic safe control.,e6f5e4502a9a1b867da6
S4_003,src/safe/S4_003_ReferralPayoutSafeMultiSignedModule03.sol,ReferralPayoutSafeMultiSignedModule03,safe,safe_cross_path_domain_binding,Safe multi-path/domain control (signed_module),Referral Payout,two-level internal verification wrapper,moduleId is included in the signed digest and replay state is scoped to the same domain,explicit application-domain binding,The authorization cannot be reused in the alternate path/domain because the signed data and replay state share the same security domain.,No dedicated replay finding expected; generic ecrecover-related output may occur in the shared helper but does not classify replay.,NO replay finding,synthetic,Synthetic safe control.,da4cacb9b3dd45a7e6ed
S4_004,src/safe/S4_004_SessionSpendSafeMultiSignedMarket04.sol,SessionSpendSafeMultiSignedMarket04,safe,safe_cross_path_domain_binding,Safe multi-path/domain control (signed_market),Session Spend,external verifier interface,marketId is included in the signed digest and replay state is scoped to the same domain,explicit application-domain binding,The authorization cannot be reused in the alternate path/domain because the signed data and replay state share the same security domain.,No dedicated replay finding expected; an unrelated external-call/reentrancy-style warning may appear when state writes follow verification.,NO replay finding,synthetic,Synthetic safe control.,28f875d8f085577c0e7b
S4_005,src/safe/S4_005_AirdropSafeMultiSignedSeason05.sol,AirdropSafeMultiSignedSeason05,safe,safe_cross_path_domain_binding,Safe multi-path/domain control (signed_season),Airdrop Claim,ERC-1271 isValidSignature,seasonId is included in the signed digest and replay state is scoped to the same domain,explicit application-domain binding,The authorization cannot be reused in the alternate path/domain because the signed data and replay state share the same security domain.,No dedicated replay finding expected; an unrelated external-call/reentrancy-style warning may appear when state writes follow verification.,NO replay finding,synthetic,Synthetic safe control.,52073726785104ec848b
S4_006,src/safe/S4_006_CouponSafeMultiSignedBridgeSource06.sol,CouponSafeMultiSignedBridgeSource06,safe,safe_cross_path_domain_binding,Safe multi-path/domain control (signed_bridge_source),Coupon Redemption,SignatureChecker-style EOA/ERC-1271 abstraction,sourceChainId is included in the signed digest and replay state is scoped to the same domain,explicit application-domain binding,The authorization cannot be reused in the alternate path/domain because the signed data and replay state share the same security domain.,No dedicated replay finding expected; findings may point only to helper-library ecrecover/external-call code rather than replay semantics.,NO replay finding,standards-inspired,ERC-1271/EIP-712/Sequence replay mitigations inspired.,4cc6ea3f56f8faa95685
S4_007,src/safe/S4_007_StakingExitSafeMultiSignedWallet07.sol,StakingExitSafeMultiSignedWallet07,safe,safe_cross_path_domain_binding,Safe multi-path/domain control (signed_wallet),Staking Exit,ERC-1271 isValidSignature,smart-account address is authenticated and its nonce is consumed,ERC-1271 account-bound replay protection,The authorization cannot be reused in the alternate path/domain because the signed data and replay state share the same security domain.,No dedicated replay finding expected; an unrelated external-call/reentrancy-style warning may appear when state writes follow verification.,NO replay finding,standards-inspired,ERC-1271/EIP-712/Sequence replay mitigations inspired.,11864b026b43e6b3f5c6
S4_008,src/safe/S4_008_LoanDrawSafeMultiFullBatch08.sol,LoanDrawSafeMultiFullBatch08,safe,safe_cross_path_domain_binding,Safe multi-path/domain control (full_batch),Loan Draw,builtin ecrecover,signature commits to the full batch hash plus a one-time ID,full-payload binding prevents subset replay,The authorization cannot be reused in the alternate path/domain because the signed data and replay state share the same security domain.,No dedicated replay finding expected; stock Aderyn may emit its generic low-severity ecrecover/signature-malleability warning.,NO replay finding,synthetic,ERC-1271/EIP-712/Sequence replay mitigations inspired.,d04011db2c2be5b91709
S4_009,src/safe/S4_009_GovernanceSafeMultiSignedVersion09.sol,GovernanceSafeMultiSignedVersion09,safe,safe_cross_path_domain_binding,Safe multi-path/domain control (signed_version),Governance Execution,self-contained ECDSA.recover-style library,protocol version is authenticated and authorization ID consumed,version-separated authorization domain,The authorization cannot be reused in the alternate path/domain because the signed data and replay state share the same security domain.,No dedicated replay finding expected; generic ecrecover-related output may occur in the shared helper but does not classify replay.,NO replay finding,synthetic,Synthetic safe control.,0519baccf08b5aa38522
S4_010,src/safe/S4_010_MetaTxSafeMultiSignedContract10.sol,MetaTxSafeMultiSignedContract10,safe,safe_cross_path_domain_binding,Safe multi-path/domain control (signed_contract),Meta Transaction,self-contained ECDSA.tryRecover-style library,address(this) is authenticated and one-time state consumed,contract-instance binding,The authorization cannot be reused in the alternate path/domain because the signed data and replay state share the same security domain.,No dedicated replay finding expected; generic ecrecover-related output may occur in the shared helper but does not classify replay.,NO replay finding,standards-inspired,ERC-1271/EIP-712/Sequence replay mitigations inspired.,dd31b7e49958bae593c2
S4_011,src/safe/S4_011_KeeperSafeMultiSignedChain11.sol,KeeperSafeMultiSignedChain11,safe,safe_cross_path_domain_binding,Safe multi-path/domain control (signed_chain),Keeper Authorization,internal signature-verification wrapper,block.chainid is authenticated and one-time state consumed,chain binding,The authorization cannot be reused in the alternate path/domain because the signed data and replay state share the same security domain.,No dedicated replay finding expected; generic ecrecover-related output may occur in the shared helper but does not classify replay.,NO replay finding,standards-inspired,ERC-1271/EIP-712/Sequence replay mitigations inspired.,595503fed9216e865b8d
S4_012,src/safe/S4_012_RfqSafeMultiSharedNonceSpace12.sol,RfqSafeMultiSharedNonceSpace12,safe,safe_cross_path_domain_binding,Safe multi-path/domain control (shared_nonce_space),RFQ Trade,two-level internal verification wrapper,both paths consume a shared signer nonce,multi-path shared nonce domain,The authorization cannot be reused in the alternate path/domain because the signed data and replay state share the same security domain.,No dedicated replay finding expected; generic ecrecover-related output may occur in the shared helper but does not classify replay.,NO replay finding,synthetic,Synthetic safe control.,a0bf9c61749018e10b93
S5_001,src/safe/S5_001_ReferralPayoutSafeRollbackCallNoRevert01.sol,ReferralPayoutSafeRollbackCallNoRevert01,safe,safe_failed_execution_does_not_restore_authorization,Safe rollback control (call_no_revert),Referral Payout,SignatureChecker-style EOA/ERC-1271 abstraction,authorization is consumed before the external action and failure is handled without reverting the consuming transaction,consume -> external execution -> record/return on failure without revert,"Even when the external action fails, the transaction does not revert the replay-state write, so the same signature cannot be resubmitted.",No dedicated replay finding expected; findings may point only to helper-library ecrecover/external-call code rather than replay semantics.,NO replay finding,synthetic,Synthetic regression case,376ae70b9e4a172ee7e9
S5_002,src/safe/S5_002_AirdropSafeRollbackCallRecordFailure02.sol,AirdropSafeRollbackCallRecordFailure02,safe,safe_failed_execution_does_not_restore_authorization,Safe rollback control (call_record_failure),Airdrop Claim,inherited verification helper,authorization is consumed before the external action and failure is handled without reverting the consuming transaction,consume -> external execution -> record/return on failure without revert,"Even when the external action fails, the transaction does not revert the replay-state write, so the same signature cannot be resubmitted.",No dedicated replay finding expected; generic ecrecover-related output may occur in the shared helper but does not classify replay.,NO replay finding,synthetic,Synthetic regression case,56d126d6852588167bbe
S5_003,src/safe/S5_003_StakingExitSafeRollbackTryCatchNoRethrow03.sol,StakingExitSafeRollbackTryCatchNoRethrow03,safe,safe_failed_execution_does_not_restore_authorization,Safe rollback control (try_catch_no_rethrow),Staking Exit,builtin ecrecover,authorization is consumed before the external action and failure is handled without reverting the consuming transaction,consume -> external execution -> record/return on failure without revert,"Even when the external action fails, the transaction does not revert the replay-state write, so the same signature cannot be resubmitted.",No dedicated replay finding expected; stock Aderyn may emit its generic low-severity ecrecover/signature-malleability warning.,NO replay finding,synthetic,Synthetic regression case,3abf294eb0334122d058
S5_004,src/safe/S5_004_GovernanceSafeRollbackTwoCallsNoRevert04.sol,GovernanceSafeRollbackTwoCallsNoRevert04,safe,safe_failed_execution_does_not_restore_authorization,Safe rollback control (two_calls_no_revert),Governance Execution,self-contained ECDSA.recover-style library,authorization is consumed before the external action and failure is handled without reverting the consuming transaction,consume -> external execution -> record/return on failure without revert,"Even when the external action fails, the transaction does not revert the replay-state write, so the same signature cannot be resubmitted.",No dedicated replay finding expected; generic ecrecover-related output may occur in the shared helper but does not classify replay.,NO replay finding,synthetic,Synthetic regression case,6434e7ef073fed40c74e
S5_005,src/safe/S5_005_KeeperSafeRollbackPostconditionNoRevert05.sol,KeeperSafeRollbackPostconditionNoRevert05,safe,safe_failed_execution_does_not_restore_authorization,Safe rollback control (postcondition_no_revert),Keeper Authorization,self-contained ECDSA.tryRecover-style library,authorization is consumed before the external action and failure is handled without reverting the consuming transaction,consume -> external execution -> record/return on failure without revert,"Even when the external action fails, the transaction does not revert the replay-state write, so the same signature cannot be resubmitted.",No dedicated replay finding expected; generic ecrecover-related output may occur in the shared helper but does not classify replay.,NO replay finding,synthetic,Synthetic regression case,319da8497c52752933fb
S5_006,src/safe/S5_006_BondRedeemSafeRollbackCallbackNoRevert06.sol,BondRedeemSafeRollbackCallbackNoRevert06,safe,safe_failed_execution_does_not_restore_authorization,Safe rollback control (callback_no_revert),Bond Redemption,internal signature-verification wrapper,authorization is consumed before the external action and failure is handled without reverting the consuming transaction,consume -> external execution -> record/return on failure without revert,"Even when the external action fails, the transaction does not revert the replay-state write, so the same signature cannot be resubmitted.",No dedicated replay finding expected; generic ecrecover-related output may occur in the shared helper but does not classify replay.,NO replay finding,synthetic,Synthetic regression case,a194b735e5c2f09179d2
S5_007,src/safe/S5_007_UpgradeSafeRollbackSessionAbortNoRevert07.sol,UpgradeSafeRollbackSessionAbortNoRevert07,safe,safe_failed_execution_does_not_restore_authorization,Safe rollback control (session_abort_no_revert),Upgrade Authorization,two-level internal verification wrapper,authorization is consumed before the external action and failure is handled without reverting the consuming transaction,consume -> external execution -> record/return on failure without revert,"Even when the external action fails, the transaction does not revert the replay-state write, so the same signature cannot be resubmitted.",No dedicated replay finding expected; generic ecrecover-related output may occur in the shared helper but does not classify replay.,NO replay finding,synthetic,Synthetic regression case,afc0ce64b36b7d8e5bd0
S5_008,src/safe/S5_008_RoyaltySafeRollbackDelegatecallNoRevert08.sol,RoyaltySafeRollbackDelegatecallNoRevert08,safe,safe_failed_execution_does_not_restore_authorization,Safe rollback control (delegatecall_no_revert),Royalty Claim,external verifier interface,authorization is consumed before the external action and failure is handled without reverting the consuming transaction,consume -> external execution -> record/return on failure without revert,"Even when the external action fails, the transaction does not revert the replay-state write, so the same signature cannot be resubmitted.",No dedicated replay finding expected; an unrelated external-call/reentrancy-style warning may appear when state writes follow verification.,NO replay finding,synthetic,Synthetic regression case,5dae0120b16495e6c494
A_001,src/adversarial_safe/A_001_BurnAdversarialSafePermitStandard01.sol,BurnAdversarialSafePermitStandard01,safe,adversarial_safe_control,Adversarial safe control (permit_standard),Signed Burn,internal signature-verification wrapper,ERC-2612-style signed nonce + deadline + contract/chain domain,deliberately challenging negative control,"ERC-2612-style nonce and deadline are signed, checked, and nonce is incremented.",No dedicated replay finding expected; generic ecrecover-related output may occur in the shared helper but does not classify replay.,NO replay finding,standards-inspired,Standards-inspired safe control.,a2e47d4cfcff1a205204
A_002,src/adversarial_safe/A_002_SessionSpendAdversarialSafeErc3009State02.sol,SessionSpendAdversarialSafeErc3009State02,safe,adversarial_safe_control,Adversarial safe control (erc3009_state),Session Spend,two-level internal verification wrapper,ERC-3009-style random authorization nonce state plus validity window,deliberately challenging negative control,Random authorization nonce is checked in authorizationState and marked used.,No dedicated replay finding expected; generic ecrecover-related output may occur in the shared helper but does not classify replay.,NO replay finding,standards-inspired,Standards-inspired safe control.,8bf9aafcb751e388cf7e
A_003,src/adversarial_safe/A_003_ListingAdversarialSafeBitmapNonce03.sol,ListingAdversarialSafeBitmapNonce03,safe,adversarial_safe_control,Adversarial safe control (bitmap_nonce),Marketplace Listing Acceptance,external verifier interface,"exact unordered nonce bit is authenticated, checked, and set",deliberately challenging negative control,Unordered nonce bitmap checks and sets the exact bit.,No dedicated replay finding expected; an unrelated external-call/reentrancy-style warning may appear when state writes follow verification.,NO replay finding,standards-inspired,Standards-inspired safe control.,1e2884b6379a0a058130
A_004,src/adversarial_safe/A_004_GovernanceAdversarialSafeDigestRegistryNoNonce04.sol,GovernanceAdversarialSafeDigestRegistryNoNonce04,safe,adversarial_safe_control,Adversarial safe control (digest_registry_no_nonce),Governance Execution,ERC-1271 isValidSignature,full signed digest is used as canonical one-time state; no nonce variable required,deliberately challenging negative control,"No variable named nonce exists, but the signed digest itself is persisted as used.",No dedicated replay finding expected; an unrelated external-call/reentrancy-style warning may appear when state writes follow verification.,NO replay finding,synthetic,Synthetic adversarial negative control.,ff88c03d45a9292d5617
A_005,src/adversarial_safe/A_005_CollateralAdversarialSafeUnusedNonceButSafe05.sol,CollateralAdversarialSafeUnusedNonceButSafe05,safe,adversarial_safe_control,Adversarial safe control (unused_nonce_but_safe),Collateral Withdrawal,SignatureChecker-style EOA/ERC-1271 abstraction,authorizationId is consumed even though an unrelated variable named nonce exists,deliberately challenging negative control,A misleading nonce variable is irrelevant; a correctly consumed authorization ID provides replay safety.,No dedicated replay finding expected; findings may point only to helper-library ecrecover/external-call code rather than replay semantics.,NO replay finding,synthetic,Synthetic adversarial negative control.,d572df1add49775d913a
A_006,src/adversarial_safe/A_006_FeeWithdrawAdversarialSafeInterproceduralConsume06.sol,FeeWithdrawAdversarialSafeInterproceduralConsume06,safe,adversarial_safe_control,Adversarial safe control (interprocedural_consume),Fee Withdrawal,inherited verification helper,guard and consumption are performed through internal helper functions on the same key,deliberately challenging negative control,"Replay state is consumed in an internal helper, challenging intraprocedural scanners.",No dedicated replay finding expected; generic ecrecover-related output may occur in the shared helper but does not classify replay.,NO replay finding,synthetic,Synthetic adversarial negative control.,1b9b65e1873d19d90bc2
A_007,src/adversarial_safe/A_007_AccountRecoveryAdversarialSafeInheritedConsume07.sol,AccountRecoveryAdversarialSafeInheritedConsume07,safe,adversarial_safe_control,Adversarial safe control (inherited_consume),Account Recovery,builtin ecrecover,replay state is safely enforced by an inherited base contract,deliberately challenging negative control,Replay guard and consumption are implemented in inherited helper logic.,No dedicated replay finding expected; stock Aderyn may emit its generic low-severity ecrecover/signature-malleability warning.,NO replay finding,synthetic,Synthetic adversarial negative control.,27bafe2296f2586b8d94
A_008,src/adversarial_safe/A_008_GaslessTransferAdversarialSafeExternalVerifierSafe08.sol,GaslessTransferAdversarialSafeExternalVerifierSafe08,safe,adversarial_safe_control,Adversarial safe control (external_verifier_safe),Gasless Transfer,external verifier interface,external verification is paired with local canonical one-time state,deliberately challenging negative control,External signature verification is followed by correct digest consumption.,No dedicated replay finding expected; an unrelated external-call/reentrancy-style warning may appear when state writes follow verification.,NO replay finding,synthetic,Synthetic adversarial negative control.,38e0a5843e638ce0cb9d
A_009,src/adversarial_safe/A_009_DelegatedVoteAdversarialSafeErc1271Safe09.sol,DelegatedVoteAdversarialSafeErc1271Safe09,safe,adversarial_safe_control,Adversarial safe control (erc1271_safe),Delegated Vote,ERC-1271 isValidSignature,ERC-1271 wallet identity and authorization ID are signed and consumed,deliberately challenging negative control,ERC-1271 verification is combined with one-time authorization state.,No dedicated replay finding expected; an unrelated external-call/reentrancy-style warning may appear when state writes follow verification.,NO replay finding,standards-inspired,Standards-inspired safe control.,0059bf5b85651b45d4fc
A_010,src/adversarial_safe/A_010_FeeRebateAdversarialSafeSignatureCheckerSafe10.sol,FeeRebateAdversarialSafeSignatureCheckerSafe10,safe,adversarial_safe_control,Adversarial safe control (signature_checker_safe),Fee Rebate,SignatureChecker-style EOA/ERC-1271 abstraction,SignatureChecker abstraction still uses correct persistent nonce semantics,deliberately challenging negative control,SignatureChecker-style abstraction uses a correct signer nonce.,No dedicated replay finding expected; findings may point only to helper-library ecrecover/external-call code rather than replay semantics.,NO replay finding,synthetic,Synthetic adversarial negative control.,c2b3c41971d7540b14de
A_011,src/adversarial_safe/A_011_AirdropAdversarialSafeBoundedPartialFill11.sol,AirdropAdversarialSafeBoundedPartialFill11,safe,adversarial_safe_control,Adversarial safe control (bounded_partial_fill),Airdrop Claim,self-contained ECDSA.recover-style library,intentional multi-fill is bounded by a signed maximum and cumulative persistent fill state,deliberately challenging negative control,"The same order signature may be used more than once by design, but cumulative fills are bounded by the signed maximum.",No dedicated replay finding expected; generic ecrecover-related output may occur in the shared helper but does not classify replay.,NO replay finding,synthetic,Synthetic adversarial negative control.,4c7de4cc901d04d96fc3
A_012,src/adversarial_safe/A_012_LiquidationAdversarialSafeViewOnly12.sol,LiquidationAdversarialSafeViewOnly12,safe,adversarial_safe_control,Adversarial safe control (view_only),Liquidation Authorization,self-contained ECDSA.recover-style library,verification is read-only and authorizes no state-changing/value-moving action,deliberately challenging negative control,"Signature verification has no state-changing or value-moving effect, so replay is not a security-sensitive execution.",No dedicated replay finding expected; generic ecrecover-related output may occur in the shared helper but does not classify replay.,NO replay finding,synthetic,Synthetic adversarial negative control.,a62fd5fab2fea9722bd5
A_013,src/adversarial_safe/A_013_MetaTxAdversarialSafeMonotonicVersion13.sol,MetaTxAdversarialSafeMonotonicVersion13,safe,adversarial_safe_control,Adversarial safe control (monotonic_version),Meta Transaction,self-contained ECDSA.recover-style library,strictly increasing signed version makes an old authorization stale after first execution,deliberately challenging negative control,A signed configuration update has no nonce but requires a strictly increasing signed version.,No dedicated replay finding expected; generic ecrecover-related output may occur in the shared helper but does not classify replay.,NO replay finding,synthetic,Synthetic adversarial negative control.,4ea0126127a2c4c9f4f3
A_014,src/adversarial_safe/A_014_VaultHarvestAdversarialSafeUniqueTokenId14.sol,VaultHarvestAdversarialSafeUniqueTokenId14,safe,adversarial_safe_control,Adversarial safe control (unique_token_id),Vault Harvest,self-contained ECDSA.recover-style library,signed unique tokenId is itself persistent one-time state via mint ownership,deliberately challenging negative control,Mint state for the signed token ID itself makes the authorization one-time.,No dedicated replay finding expected; generic ecrecover-related output may occur in the shared helper but does not classify replay.,NO replay finding,synthetic,Synthetic adversarial negative control.,d8f45d6e86f5904e9bf7
A_015,src/adversarial_safe/A_015_UpgradeAdversarialSafePendingAmountZeroed15.sol,UpgradeAdversarialSafePendingAmountZeroed15,safe,adversarial_safe_control,Adversarial safe control (pending_amount_zeroed),Upgrade Authorization,self-contained ECDSA.recover-style library,underlying signed escrow state is consumed by zeroing the exact pending amount,deliberately challenging negative control,Signed escrow release consumes the underlying pending state rather than a dedicated nonce.,No dedicated replay finding expected; generic ecrecover-related output may occur in the shared helper but does not classify replay.,NO replay finding,synthetic,Synthetic adversarial negative control.,9f1c6a501f50c43c57f3
A_016,src/adversarial_safe/A_016_BatchPaymentAdversarialSafeDeletePendingRecord16.sol,BatchPaymentAdversarialSafeDeletePendingRecord16,safe,adversarial_safe_control,Adversarial safe control (delete_pending_record),Batch Payment,self-contained ECDSA.recover-style library,the authenticated pending authorization record is deleted on execution,deliberately challenging negative control,Authorization is represented by a pending record that is deleted on successful execution.,No dedicated replay finding expected; generic ecrecover-related output may occur in the shared helper but does not classify replay.,NO replay finding,synthetic,Synthetic adversarial negative control.,a69643dc9b30f806f002
